"Status","Path","Category","Decision"
" M","docs/00_Estado_Maestro/SGD-002-Libro-Maestro-Institucional-SGODA-PUINAVE-v1.0.0.md","INSTITUTIONAL_DOCUMENTATION","CANDIDATE_REPOSITORY"
" M","docs/06_Tecnologia/SPT-021.0.1/ACT-021.0.1-Reconciliation-Publication.md","INSTITUTIONAL_DOCUMENTATION","CANDIDATE_REPOSITORY"
" M","docs/06_Tecnologia/SPT-021.3/ACT-021.3-Cierre-Institutional-Master-Book-Generator.md","INSTITUTIONAL_DOCUMENTATION","CANDIDATE_REPOSITORY"
" M","releases/SPT-021.0.1-v1.0.9/ACT-021.0.1-Reconciliation-Publication.md","RELEASE_EVIDENCE","CANDIDATE_REPOSITORY"
" M","releases/SPT-021.0.1-v1.0.9/implementation-evidence.json","RELEASE_EVIDENCE","CANDIDATE_REPOSITORY"
" M","releases/SPT-021.0.1-v1.0.9/manifest.json","RELEASE_EVIDENCE","CANDIDATE_REPOSITORY"
" M","releases/SPT-021.0.1-v1.0.9/publication-manifest.json","RELEASE_EVIDENCE","CANDIDATE_REPOSITORY"
" M","releases/SPT-021.3-v1.0.0/ACT-021.3-Cierre-Institutional-Master-Book-Generator.md","RELEASE_EVIDENCE","CANDIDATE_REPOSITORY"
" M","releases/SPT-021.3-v1.0.0/dashboard-summary.json","RELEASE_EVIDENCE","CANDIDATE_REPOSITORY"
" M","releases/SPT-021.3-v1.0.0/implementation-evidence.json","RELEASE_EVIDENCE","CANDIDATE_REPOSITORY"
" M","releases/SPT-021.3-v1.0.0/manifest.json","RELEASE_EVIDENCE","CANDIDATE_REPOSITORY"
" M","releases/SPT-021.3-v1.0.0/semantic-validation-report.json","RELEASE_EVIDENCE","CANDIDATE_REPOSITORY"
"??",".runtime/n8n/.cache/n8n/public/assets/AddDataTableModal-C330zIev.js","RUNTIME_TEMPORARY","EXCLUDE_CANDIDATE"
"??",".runtime/n8n/.cache/n8n/public/assets/AddDataTableModal-D5mgOW-t.css","RUNTIME_TEMPORARY","EXCLUDE_CANDIDATE"
"??",".runtime/n8n/.cache/n8n/public/assets/AddDataTableModal-legacy-q1iNJBhq.js","RUNTIME_TEMPORARY","EXCLUDE_CANDIDATE"
"??",".runtime/n8n/.cache/n8n/public/assets/AgentBuilderView-B98mm4nH.js","RUNTIME_TEMPORARY","EXCLUDE_CANDIDATE"
"??",".runtime/n8n/.cache/n8n/public/assets/AgentBuilderView-CFQ0n5W7.js","RUNTIME_TEMPORARY","EXCLUDE_CANDIDATE"
"??",".runtime/n8n/.cache/n8n/public/assets/AgentBuilderView-Cz6U0mkp.css","RUNTIME_TEMPORARY","EXCLUDE_CANDIDATE"
"??",".runtime/n8n/.cache/n8n/public/assets/AgentBuilderView-legacy-3jyh-Z4G.js","RUNTIME_TEMPORARY","EXCLUDE_CANDIDATE"
"??",".runtime/n8n/.cache/n8n/public/assets/AgentBuilderView-legacy-OPA-TzjO.js","RUNTIME_TEMPORARY","EXCLUDE_CANDIDATE"
"??",".runtime/n8n/.cache/n8n/public/assets/AgentCredentialSelect-CG-Of_2j.css","RUNTIME_TEMPORARY","EXCLUDE_CANDIDATE"
"??",".runtime/n8n/.cache/n8n/public/assets/AgentCredentialSelect-CpIxLscu.js","RUNTIME_TEMPORARY","EXCLUDE_CANDIDATE"
"??",".runtime/n8n/.cache/n8n/public/assets/AgentCredentialSelect-legacy-BErPfeD5.js","RUNTIME_TEMPORARY","EXCLUDE_CANDIDATE"
"??",".runtime/n8n/.cache/n8n/public/assets/AgentEditorModal-B5I3oVja.css","RUNTIME_TEMPORARY","EXCLUDE_CANDIDATE"
"??",".runtime/n8n/.cache/n8n/public/assets/AgentEditorModal-CYBp87rz.js","RUNTIME_TEMPORARY","EXCLUDE_CANDIDATE"
"??",".runtime/n8n/.cache/n8n/public/assets/AgentEditorModal-legacy-4l2SGgVB.js","RUNTIME_TEMPORARY","EXCLUDE_CANDIDATE"
"??",".runtime/n8n/.cache/n8n/public/assets/AgentJsonImportModal-BbDbFad9.js","RUNTIME_TEMPORARY","EXCLUDE_CANDIDATE"
"??",".runtime/n8n/.cache/n8n/public/assets/AgentJsonImportModal-C7HXK6R2.css","RUNTIME_TEMPORARY","EXCLUDE_CANDIDATE"
"??",".runtime/n8n/.cache/n8n/public/assets/AgentJsonImportModal-legacy-D672sPea.js","RUNTIME_TEMPORARY","EXCLUDE_CANDIDATE"
"??",".runtime/n8n/.cache/n8n/public/assets/AgentModelSelector-DVvOGikZ.js","RUNTIME_TEMPORARY","EXCLUDE_CANDIDATE"
"??",".runtime/n8n/.cache/n8n/public/assets/AgentModelSelector-legacy-TI6aBjqr.js","RUNTIME_TEMPORARY","EXCLUDE_CANDIDATE"
"??",".runtime/n8n/.cache/n8n/public/assets/AgentSessionTimelinePanel-B4csNYL8.js","RUNTIME_TEMPORARY","EXCLUDE_CANDIDATE"
"??",".runtime/n8n/.cache/n8n/public/assets/AgentSessionTimelinePanel-DtPIwWLz.css","RUNTIME_TEMPORARY","EXCLUDE_CANDIDATE"
"??",".runtime/n8n/.cache/n8n/public/assets/AgentSessionTimelinePanel-legacy-Dj5AMgRo.js","RUNTIME_TEMPORARY","EXCLUDE_CANDIDATE"
"??",".runtime/n8n/.cache/n8n/public/assets/AgentSessionTimelineView-BK0YKMrK.js","RUNTIME_TEMPORARY","EXCLUDE_CANDIDATE"
"??",".runtime/n8n/.cache/n8n/public/assets/AgentSessionTimelineView-BKf4gklD.css","RUNTIME_TEMPORARY","EXCLUDE_CANDIDATE"
"??",".runtime/n8n/.cache/n8n/public/assets/AgentSessionTimelineView-legacy-CX_3Z_aH.js","RUNTIME_TEMPORARY","EXCLUDE_CANDIDATE"
"??",".runtime/n8n/.cache/n8n/public/assets/AgentSessionsListView-B6Bn1KPC.css","RUNTIME_TEMPORARY","EXCLUDE_CANDIDATE"
"??",".runtime/n8n/.cache/n8n/public/assets/AgentSessionsListView-DlKM4T0t.js","RUNTIME_TEMPORARY","EXCLUDE_CANDIDATE"
"??",".runtime/n8n/.cache/n8n/public/assets/AgentSessionsListView-Dui_6XtX.js","RUNTIME_TEMPORARY","EXCLUDE_CANDIDATE"
"??",".runtime/n8n/.cache/n8n/public/assets/AgentSessionsListView-legacy-GdPLatuG.js","RUNTIME_TEMPORARY","EXCLUDE_CANDIDATE"
"??",".runtime/n8n/.cache/n8n/public/assets/AgentSessionsListView-legacy-OdsOzpL2.js","RUNTIME_TEMPORARY","EXCLUDE_CANDIDATE"
"??",".runtime/n8n/.cache/n8n/public/assets/AgentSkillModal-DfefaL8Y.js","RUNTIME_TEMPORARY","EXCLUDE_CANDIDATE"
"??",".runtime/n8n/.cache/n8n/public/assets/AgentSkillModal-DhrIYQad.css","RUNTIME_TEMPORARY","EXCLUDE_CANDIDATE"
"??",".runtime/n8n/.cache/n8n/public/assets/AgentSkillModal-legacy-Cv2DOJ9D.js","RUNTIME_TEMPORARY","EXCLUDE_CANDIDATE"
"??",".runtime/n8n/.cache/n8n/public/assets/AgentSubAgentsModal-BuFQw-uy.css","RUNTIME_TEMPORARY","EXCLUDE_CANDIDATE"
"??",".runtime/n8n/.cache/n8n/public/assets/AgentSubAgentsModal-CHTDiten.js","RUNTIME_TEMPORARY","EXCLUDE_CANDIDATE"
"??",".runtime/n8n/.cache/n8n/public/assets/AgentSubAgentsModal-legacy-Fyh70LzL.js","RUNTIME_TEMPORARY","EXCLUDE_CANDIDATE"
"??",".runtime/n8n/.cache/n8n/public/assets/AgentTaskModal-5gWMjuqB.css","RUNTIME_TEMPORARY","EXCLUDE_CANDIDATE"
"??",".runtime/n8n/.cache/n8n/public/assets/AgentTaskModal-D7u3nK9j.js","RUNTIME_TEMPORARY","EXCLUDE_CANDIDATE"
"??",".runtime/n8n/.cache/n8n/public/assets/AgentTaskModal-legacy-D6a7ovl_.js","RUNTIME_TEMPORARY","EXCLUDE_CANDIDATE"
"??",".runtime/n8n/.cache/n8n/public/assets/AgentToolConfigModal-C5nUOPg-.js","RUNTIME_TEMPORARY","EXCLUDE_CANDIDATE"
"??",".runtime/n8n/.cache/n8n/public/assets/AgentToolConfigModal-C_oDoVqO.css","RUNTIME_TEMPORARY","EXCLUDE_CANDIDATE"
"??",".runtime/n8n/.cache/n8n/public/assets/AgentToolConfigModal-legacy-CDEL1wf4.js","RUNTIME_TEMPORARY","EXCLUDE_CANDIDATE"
"??",".runtime/n8n/.cache/n8n/public/assets/AgentToolsModal-DvAdnnFT.css","RUNTIME_TEMPORARY","EXCLUDE_CANDIDATE"
"??",".runtime/n8n/.cache/n8n/public/assets/AgentToolsModal-kbbgyM4g.js","RUNTIME_TEMPORARY","EXCLUDE_CANDIDATE"
"??",".runtime/n8n/.cache/n8n/public/assets/AgentToolsModal-legacy-0sEkM4Gm.js","RUNTIME_TEMPORARY","EXCLUDE_CANDIDATE"
"??",".runtime/n8n/.cache/n8n/public/assets/AgentVectorStoresModal-BMnRxTwy.js","RUNTIME_TEMPORARY","EXCLUDE_CANDIDATE"
"??",".runtime/n8n/.cache/n8n/public/assets/AgentVectorStoresModal-DScAjU-u.css","RUNTIME_TEMPORARY","EXCLUDE_CANDIDATE"
"??",".runtime/n8n/.cache/n8n/public/assets/AgentVectorStoresModal-legacy-CK-DNkmz.js","RUNTIME_TEMPORARY","EXCLUDE_CANDIDATE"
"??",".runtime/n8n/.cache/n8n/public/assets/AgentView-CDv-m6eM.css","RUNTIME_TEMPORARY","EXCLUDE_CANDIDATE"
"??",".runtime/n8n/.cache/n8n/public/assets/AgentView-legacy-QQ4d1cPp.js","RUNTIME_TEMPORARY","EXCLUDE_CANDIDATE"
"??",".runtime/n8n/.cache/n8n/public/assets/AgentView-nHbIpXe6.js","RUNTIME_TEMPORARY","EXCLUDE_CANDIDATE"
"??",".runtime/n8n/.cache/n8n/public/assets/AgentsListView-D9fq0LSI.css","RUNTIME_TEMPORARY","EXCLUDE_CANDIDATE"
"??",".runtime/n8n/.cache/n8n/public/assets/AgentsListView-DpLKBsXe.js","RUNTIME_TEMPORARY","EXCLUDE_CANDIDATE"
"??",".runtime/n8n/.cache/n8n/public/assets/AgentsListView-legacy-lClIbtN3.js","RUNTIME_TEMPORARY","EXCLUDE_CANDIDATE"
"??",".runtime/n8n/.cache/n8n/public/assets/AnimatedSpinner-BzUH0hGC.js","RUNTIME_TEMPORARY","EXCLUDE_CANDIDATE"
"??",".runtime/n8n/.cache/n8n/public/assets/AnimatedSpinner-OiUdRqev.css","RUNTIME_TEMPORARY","EXCLUDE_CANDIDATE"
"??",".runtime/n8n/.cache/n8n/public/assets/AnimatedSpinner-legacy-_1eOT8rZ.js","RUNTIME_TEMPORARY","EXCLUDE_CANDIDATE"
"??",".runtime/n8n/.cache/n8n/public/assets/AnnotationTagsDropdown.ee-cQJmd0af.js","RUNTIME_TEMPORARY","EXCLUDE_CANDIDATE"
"??",".runtime/n8n/.cache/n8n/public/assets/AnnotationTagsDropdown.ee-legacy-CKb5x6ja.js","RUNTIME_TEMPORARY","EXCLUDE_CANDIDATE"
"??",".runtime/n8n/.cache/n8n/public/assets/AppSidebar-BlmbUBXj.js","RUNTIME_TEMPORARY","EXCLUDE_CANDIDATE"
"??",".runtime/n8n/.cache/n8n/public/assets/AppSidebar-CfpUojFl.css","RUNTIME_TEMPORARY","EXCLUDE_CANDIDATE"
"??",".runtime/n8n/.cache/n8n/public/assets/AppSidebar-legacy-BePThjuT.js","RUNTIME_TEMPORARY","EXCLUDE_CANDIDATE"
"??",".runtime/n8n/.cache/n8n/public/assets/AuthLayout-BySqWRYB.js","RUNTIME_TEMPORARY","EXCLUDE_CANDIDATE"
"??",".runtime/n8n/.cache/n8n/public/assets/AuthLayout-legacy-DIZ4O8wB.js","RUNTIME_TEMPORARY","EXCLUDE_CANDIDATE"
"??",".runtime/n8n/.cache/n8n/public/assets/AuthView-7CscLlOl.js","RUNTIME_TEMPORARY","EXCLUDE_CANDIDATE"
"??",".runtime/n8n/.cache/n8n/public/assets/AuthView-CkmOjxOY.css","RUNTIME_TEMPORARY","EXCLUDE_CANDIDATE"
"??",".runtime/n8n/.cache/n8n/public/assets/AuthView-legacy-Ca2YYCu_.js","RUNTIME_TEMPORARY","EXCLUDE_CANDIDATE"
"??",".runtime/n8n/.cache/n8n/public/assets/BaseLayout-j6q-DgRt.js","RUNTIME_TEMPORARY","EXCLUDE_CANDIDATE"
"??",".runtime/n8n/.cache/n8n/public/assets/BaseLayout-legacy-ChYYHdA4.js","RUNTIME_TEMPORARY","EXCLUDE_CANDIDATE"
"??",".runtime/n8n/.cache/n8n/public/assets/BaseLayout-mLarJ6Ix.css","RUNTIME_TEMPORARY","EXCLUDE_CANDIDATE"
"??",".runtime/n8n/.cache/n8n/public/assets/BrowserUseSetupContent-B3C2R3bJ.css","RUNTIME_TEMPORARY","EXCLUDE_CANDIDATE"
"??",".runtime/n8n/.cache/n8n/public/assets/BrowserUseSetupContent-DG5ZYBEd.js","RUNTIME_TEMPORARY","EXCLUDE_CANDIDATE"
"??",".runtime/n8n/.cache/n8n/public/assets/BrowserUseSetupContent-legacy-DhzrKHeE.js","RUNTIME_TEMPORARY","EXCLUDE_CANDIDATE"
"??",".runtime/n8n/.cache/n8n/public/assets/BrowserUseSetupModal-HOb5uyb9.js","RUNTIME_TEMPORARY","EXCLUDE_CANDIDATE"
"??",".runtime/n8n/.cache/n8n/public/assets/BrowserUseSetupModal-RzKtMLW0.css","RUNTIME_TEMPORARY","EXCLUDE_CANDIDATE"
"??",".runtime/n8n/.cache/n8n/public/assets/BrowserUseSetupModal-legacy-4X3GVLSO.js","RUNTIME_TEMPORARY","EXCLUDE_CANDIDATE"
"??",".runtime/n8n/.cache/n8n/public/assets/CalendarDate-DDrBJNg0.js","RUNTIME_TEMPORARY","EXCLUDE_CANDIDATE"
"??",".runtime/n8n/.cache/n8n/public/assets/CalendarDate-legacy-DLTwGdDE.js","RUNTIME_TEMPORARY","EXCLUDE_CANDIDATE"
"??",".runtime/n8n/.cache/n8n/public/assets/CanvasRunWorkflowButton-Cg364o6o.js","RUNTIME_TEMPORARY","EXCLUDE_CANDIDATE"
"??",".runtime/n8n/.cache/n8n/public/assets/CanvasRunWorkflowButton-MqoOLOO1.css","RUNTIME_TEMPORARY","EXCLUDE_CANDIDATE"
"??",".runtime/n8n/.cache/n8n/public/assets/CanvasRunWorkflowButton-legacy-DLGgNR_V.js","RUNTIME_TEMPORARY","EXCLUDE_CANDIDATE"
"??",".runtime/n8n/.cache/n8n/public/assets/ChangePasswordView-legacy-u8Ktey6A.js","RUNTIME_TEMPORARY","EXCLUDE_CANDIDATE"
"??",".runtime/n8n/.cache/n8n/public/assets/ChangePasswordView-yqpmlAta.js","RUNTIME_TEMPORARY","EXCLUDE_CANDIDATE"
"??",".runtime/n8n/.cache/n8n/public/assets/ChatAgentAvatar-IrSDA439.css","RUNTIME_TEMPORARY","EXCLUDE_CANDIDATE"
"??",".runtime/n8n/.cache/n8n/public/assets/ChatAgentAvatar-iEc_OQJj.js","RUNTIME_TEMPORARY","EXCLUDE_CANDIDATE"
"??",".runtime/n8n/.cache/n8n/public/assets/ChatAgentAvatar-legacy-Cg2RahNp.js","RUNTIME_TEMPORARY","EXCLUDE_CANDIDATE"
"??",".runtime/n8n/.cache/n8n/public/assets/ChatFile-CmmrQ6iY.css","RUNTIME_TEMPORARY","EXCLUDE_CANDIDATE"
"??",".runtime/n8n/.cache/n8n/public/assets/ChatFile-Cu6tvyXE.js","RUNTIME_TEMPORARY","EXCLUDE_CANDIDATE"
"??",".runtime/n8n/.cache/n8n/public/assets/ChatFile-legacy-CqryY234.js","RUNTIME_TEMPORARY","EXCLUDE_CANDIDATE"
"??",".runtime/n8n/.cache/n8n/public/assets/ChatGreetings-B6i128TQ.css","RUNTIME_TEMPORARY","EXCLUDE_CANDIDATE"
"??",".runtime/n8n/.cache/n8n/public/assets/ChatGreetings-Bye2_Y5M.js","RUNTIME_TEMPORARY","EXCLUDE_CANDIDATE"
"??",".runtime/n8n/.cache/n8n/public/assets/ChatGreetings-legacy-CgU_yiHM.js","RUNTIME_TEMPORARY","EXCLUDE_CANDIDATE"
"??",".runtime/n8n/.cache/n8n/public/assets/ChatInputBase-BZ1ph-8k.css","RUNTIME_TEMPORARY","EXCLUDE_CANDIDATE"
"??",".runtime/n8n/.cache/n8n/public/assets/ChatInputBase-Z3_dg_Uy.js","RUNTIME_TEMPORARY","EXCLUDE_CANDIDATE"
"??",".runtime/n8n/.cache/n8n/public/assets/ChatInputBase-legacy-BlafT2Vo.js","RUNTIME_TEMPORARY","EXCLUDE_CANDIDATE"
"??",".runtime/n8n/.cache/n8n/public/assets/ChatLayout-Bv9QPdFx.css","RUNTIME_TEMPORARY","EXCLUDE_CANDIDATE"
"??",".runtime/n8n/.cache/n8n/public/assets/ChatLayout-D93Y0G6k.js","RUNTIME_TEMPORARY","EXCLUDE_CANDIDATE"
"??",".runtime/n8n/.cache/n8n/public/assets/ChatLayout-DJSfRrm8.js","RUNTIME_TEMPORARY","EXCLUDE_CANDIDATE"
"??",".runtime/n8n/.cache/n8n/public/assets/ChatLayout-VMt8aO2j.css","RUNTIME_TEMPORARY","EXCLUDE_CANDIDATE"
"??",".runtime/n8n/.cache/n8n/public/assets/ChatLayout-legacy-Bm4df1xd.js","RUNTIME_TEMPORARY","EXCLUDE_CANDIDATE"
"??",".runtime/n8n/.cache/n8n/public/assets/ChatLayout-legacy-YwOqmGNj.js","RUNTIME_TEMPORARY","EXCLUDE_CANDIDATE"
"??",".runtime/n8n/.cache/n8n/public/assets/ChatMarkdownChunk-Br0auzot.js","RUNTIME_TEMPORARY","EXCLUDE_CANDIDATE"
"??",".runtime/n8n/.cache/n8n/public/assets/ChatMarkdownChunk-DLl5j__m.css","RUNTIME_TEMPORARY","EXCLUDE_CANDIDATE"
"??",".runtime/n8n/.cache/n8n/public/assets/ChatMarkdownChunk-legacy-BwDHmoYT.js","RUNTIME_TEMPORARY","EXCLUDE_CANDIDATE"
"??",".runtime/n8n/.cache/n8n/public/assets/ChatPersonalAgentsView-CZUnGDb-.js","RUNTIME_TEMPORARY","EXCLUDE_CANDIDATE"
"??",".runtime/n8n/.cache/n8n/public/assets/ChatPersonalAgentsView-Cy7T5KjM.css","RUNTIME_TEMPORARY","EXCLUDE_CANDIDATE"
"??",".runtime/n8n/.cache/n8n/public/assets/ChatPersonalAgentsView-legacy-Biabot5C.js","RUNTIME_TEMPORARY","EXCLUDE_CANDIDATE"
"??",".runtime/n8n/.cache/n8n/public/assets/ChatView-B2jof4Qc.js","RUNTIME_TEMPORARY","EXCLUDE_CANDIDATE"
"??",".runtime/n8n/.cache/n8n/public/assets/ChatView-C1HsoTvg.css","RUNTIME_TEMPORARY","EXCLUDE_CANDIDATE"
"??",".runtime/n8n/.cache/n8n/public/assets/ChatView-legacy-Be63jPYY.js","RUNTIME_TEMPORARY","EXCLUDE_CANDIDATE"
"??",".runtime/n8n/.cache/n8n/public/assets/ChatWorkflowAgentsView-Cs-IeH6Z.js","RUNTIME_TEMPORARY","EXCLUDE_CANDIDATE"
"??",".runtime/n8n/.cache/n8n/public/assets/ChatWorkflowAgentsView-DNB6Wp_u.css","RUNTIME_TEMPORARY","EXCLUDE_CANDIDATE"
"??",".runtime/n8n/.cache/n8n/public/assets/ChatWorkflowAgentsView-legacy-Q8bSk1f2.js","RUNTIME_TEMPORARY","EXCLUDE_CANDIDATE"
"??",".runtime/n8n/.cache/n8n/public/assets/CollectionParameter-DONwyxw-.js","RUNTIME_TEMPORARY","EXCLUDE_CANDIDATE"
"??",".runtime/n8n/.cache/n8n/public/assets/CollectionParameter-legacy-x1yy6uyo.js","RUNTIME_TEMPORARY","EXCLUDE_CANDIDATE"
"??",".runtime/n8n/.cache/n8n/public/assets/CommunityNodeUpdateInfo-BEOkxQjm.js","RUNTIME_TEMPORARY","EXCLUDE_CANDIDATE"
"??",".runtime/n8n/.cache/n8n/public/assets/CommunityNodeUpdateInfo-legacy-BjKLaPGb.js","RUNTIME_TEMPORARY","EXCLUDE_CANDIDATE"
"??",".runtime/n8n/.cache/n8n/public/assets/CommunityNodeUpdateInfo-vtbGWM8d.css","RUNTIME_TEMPORARY","EXCLUDE_CANDIDATE"
"??",".runtime/n8n/.cache/n8n/public/assets/CompareCollectionView-BUQ7Ev4b.js","RUNTIME_TEMPORARY","EXCLUDE_CANDIDATE"
"??",".runtime/n8n/.cache/n8n/public/assets/CompareCollectionView-legacy-Qr8CR7qA.js","RUNTIME_TEMPORARY","EXCLUDE_CANDIDATE"
"??",".runtime/n8n/.cache/n8n/public/assets/CompareCollectionView-tEz_aL5B.css","RUNTIME_TEMPORARY","EXCLUDE_CANDIDATE"
"??",".runtime/n8n/.cache/n8n/public/assets/ComputerUseSetupContent-ZqSewCE_.css","RUNTIME_TEMPORARY","EXCLUDE_CANDIDATE"
"??",".runtime/n8n/.cache/n8n/public/assets/ComputerUseSetupContent-legacy-DVCwjrMy.js","RUNTIME_TEMPORARY","EXCLUDE_CANDIDATE"
"??",".runtime/n8n/.cache/n8n/public/assets/ComputerUseSetupContent-yQHCDvbP.js","RUNTIME_TEMPORARY","EXCLUDE_CANDIDATE"
"??",".runtime/n8n/.cache/n8n/public/assets/ComputerUseSetupModal-DVsNF2W2.css","RUNTIME_TEMPORARY","EXCLUDE_CANDIDATE"
"??",".runtime/n8n/.cache/n8n/public/assets/ComputerUseSetupModal-D_ryoRUR.js","RUNTIME_TEMPORARY","EXCLUDE_CANDIDATE"
"??",".runtime/n8n/.cache/n8n/public/assets/ComputerUseSetupModal-legacy-rdWRf5is.js","RUNTIME_TEMPORARY","EXCLUDE_CANDIDATE"
"??",".runtime/n8n/.cache/n8n/public/assets/ConnectionTracker-B5T9vbX7.js","RUNTIME_TEMPORARY","EXCLUDE_CANDIDATE"
"??",".runtime/n8n/.cache/n8n/public/assets/ConnectionTracker-C-iaSkJ1.css","RUNTIME_TEMPORARY","EXCLUDE_CANDIDATE"
"??",".runtime/n8n/.cache/n8n/public/assets/ConnectionTracker-legacy-Duu4DAK3.js","RUNTIME_TEMPORARY","EXCLUDE_CANDIDATE"
"??",".runtime/n8n/.cache/n8n/public/assets/ContactAdministratorToInstall-C3Yz5rRF.js","RUNTIME_TEMPORARY","EXCLUDE_CANDIDATE"
"??",".runtime/n8n/.cache/n8n/public/assets/ContactAdministratorToInstall-CHK0v6tR.css","RUNTIME_TEMPORARY","EXCLUDE_CANDIDATE"
"??",".runtime/n8n/.cache/n8n/public/assets/ContactAdministratorToInstall-legacy-DLfs5esj.js","RUNTIME_TEMPORARY","EXCLUDE_CANDIDATE"
"??",".runtime/n8n/.cache/n8n/public/assets/CopyButton-C--JdmRw.js","RUNTIME_TEMPORARY","EXCLUDE_CANDIDATE"
"??",".runtime/n8n/.cache/n8n/public/assets/CopyButton-CE9Y7wVK.css","RUNTIME_TEMPORARY","EXCLUDE_CANDIDATE"
"??",".runtime/n8n/.cache/n8n/public/assets/CopyButton-legacy-D1f8dD2J.js","RUNTIME_TEMPORARY","EXCLUDE_CANDIDATE"
"??",".runtime/n8n/.cache/n8n/public/assets/CopyInput-BtZayXH3.css","RUNTIME_TEMPORARY","EXCLUDE_CANDIDATE"
"??",".runtime/n8n/.cache/n8n/public/assets/CopyInput-DK1sL77E.js","RUNTIME_TEMPORARY","EXCLUDE_CANDIDATE"
"??",".runtime/n8n/.cache/n8n/public/assets/CopyInput-legacy-DrKPMjkA.js","RUNTIME_TEMPORARY","EXCLUDE_CANDIDATE"
"??",".runtime/n8n/.cache/n8n/public/assets/CredentialIcon-D5HdHtUS.js","RUNTIME_TEMPORARY","EXCLUDE_CANDIDATE"
"??",".runtime/n8n/.cache/n8n/public/assets/CredentialIcon-D9KQZeCk.css","RUNTIME_TEMPORARY","EXCLUDE_CANDIDATE"
"??",".runtime/n8n/.cache/n8n/public/assets/CredentialIcon-legacy-BPfirtw4.js","RUNTIME_TEMPORARY","EXCLUDE_CANDIDATE"
"??",".runtime/n8n/.cache/n8n/public/assets/CredentialInputs-C9PyWMCz.css","RUNTIME_TEMPORARY","EXCLUDE_CANDIDATE"
"??",".runtime/n8n/.cache/n8n/public/assets/CredentialInputs-DUXvGhbw.js","RUNTIME_TEMPORARY","EXCLUDE_CANDIDATE"
"??",".runtime/n8n/.cache/n8n/public/assets/CredentialInputs-legacy-Ba1UZ8uM.js","RUNTIME_TEMPORARY","EXCLUDE_CANDIDATE"
"??",".runtime/n8n/.cache/n8n/public/assets/CredentialPicker-BjcfGVK6.css","RUNTIME_TEMPORARY","EXCLUDE_CANDIDATE"
"??",".runtime/n8n/.cache/n8n/public/assets/CredentialPicker-DFBRGo_g.js","RUNTIME_TEMPORARY","EXCLUDE_CANDIDATE"
"??",".runtime/n8n/.cache/n8n/public/assets/CredentialPicker-legacy-g_mnceRD.js","RUNTIME_TEMPORARY","EXCLUDE_CANDIDATE"
"??",".runtime/n8n/.cache/n8n/public/assets/CredentialSelectorModal-CqzvDHz5.css","RUNTIME_TEMPORARY","EXCLUDE_CANDIDATE"
"??",".runtime/n8n/.cache/n8n/public/assets/CredentialSelectorModal-DW9iktTX.js","RUNTIME_TEMPORARY","EXCLUDE_CANDIDATE"
"??",".runtime/n8n/.cache/n8n/public/assets/CredentialSelectorModal-legacy-BdKrOrEn.js","RUNTIME_TEMPORARY","EXCLUDE_CANDIDATE"
"??",".runtime/n8n/.cache/n8n/public/assets/CredentialsDropdown-CCm-gVK2.js","RUNTIME_TEMPORARY","EXCLUDE_CANDIDATE"
"??",".runtime/n8n/.cache/n8n/public/assets/CredentialsDropdown-Dn-snpCx.css","RUNTIME_TEMPORARY","EXCLUDE_CANDIDATE"
"??",".runtime/n8n/.cache/n8n/public/assets/CredentialsDropdown-legacy-CoQLumyN.js","RUNTIME_TEMPORARY","EXCLUDE_CANDIDATE"
"??",".runtime/n8n/.cache/n8n/public/assets/CredentialsView-CVQELU2Y.css","RUNTIME_TEMPORARY","EXCLUDE_CANDIDATE"
"??",".runtime/n8n/.cache/n8n/public/assets/CredentialsView-Gwk177HT.js","RUNTIME_TEMPORARY","EXCLUDE_CANDIDATE"
"??",".runtime/n8n/.cache/n8n/public/assets/CredentialsView-legacy-pWOmWwCA.js","RUNTIME_TEMPORARY","EXCLUDE_CANDIDATE"
"??",".runtime/n8n/.cache/n8n/public/assets/CreditWarningBanner-3RHHo4qM.js","RUNTIME_TEMPORARY","EXCLUDE_CANDIDATE"
"??",".runtime/n8n/.cache/n8n/public/assets/CreditWarningBanner-B8g3xCOV.css","RUNTIME_TEMPORARY","EXCLUDE_CANDIDATE"
"??",".runtime/n8n/.cache/n8n/public/assets/CreditWarningBanner-legacy-cyv8j_qy.js","RUNTIME_TEMPORARY","EXCLUDE_CANDIDATE"
"??",".runtime/n8n/.cache/n8n/public/assets/DataTableActions-D2yxL0xR.js","RUNTIME_TEMPORARY","EXCLUDE_CANDIDATE"
"??",".runtime/n8n/.cache/n8n/public/assets/DataTableActions-legacy-Apkcq84e.js","RUNTIME_TEMPORARY","EXCLUDE_CANDIDATE"
"??",".runtime/n8n/.cache/n8n/public/assets/DataTableActions-pFRFayHl.css","RUNTIME_TEMPORARY","EXCLUDE_CANDIDATE"
"??",".runtime/n8n/.cache/n8n/public/assets/DataTableDetailsView-C2B9zfhH.css","RUNTIME_TEMPORARY","EXCLUDE_CANDIDATE"
"??",".runtime/n8n/.cache/n8n/public/assets/DataTableDetailsView-Jhvz9IgK.js","RUNTIME_TEMPORARY","EXCLUDE_CANDIDATE"
"??",".runtime/n8n/.cache/n8n/public/assets/DataTableDetailsView-legacy-CNm6om-V.js","RUNTIME_TEMPORARY","EXCLUDE_CANDIDATE"
"??",".runtime/n8n/.cache/n8n/public/assets/DataTableTable-DiA3ZBVY.js","RUNTIME_TEMPORARY","EXCLUDE_CANDIDATE"
"??",".runtime/n8n/.cache/n8n/public/assets/DataTableTable-legacy-Bmco0Quy.js","RUNTIME_TEMPORARY","EXCLUDE_CANDIDATE"
"??",".runtime/n8n/.cache/n8n/public/assets/DataTableTable-n77fueCc.css","RUNTIME_TEMPORARY","EXCLUDE_CANDIDATE"
"??",".runtime/n8n/.cache/n8n/public/assets/DataTableView-CytY9wXJ.js","RUNTIME_TEMPORARY","EXCLUDE_CANDIDATE"
"??",".runtime/n8n/.cache/n8n/public/assets/DataTableView-ezucdwTg.css","RUNTIME_TEMPORARY","EXCLUDE_CANDIDATE"
"??",".runtime/n8n/.cache/n8n/public/assets/DataTableView-legacy-DEejg5D_.js","RUNTIME_TEMPORARY","EXCLUDE_CANDIDATE"
"??",".runtime/n8n/.cache/n8n/public/assets/DefaultLayout-CjpgmusP.js","RUNTIME_TEMPORARY","EXCLUDE_CANDIDATE"
"??",".runtime/n8n/.cache/n8n/public/assets/DefaultLayout-legacy-B-vPwmJq.js","RUNTIME_TEMPORARY","EXCLUDE_CANDIDATE"
"??",".runtime/n8n/.cache/n8n/public/assets/DeleteInstanceRoleModal-CajT6g6s.css","RUNTIME_TEMPORARY","EXCLUDE_CANDIDATE"
"??",".runtime/n8n/.cache/n8n/public/assets/DeleteInstanceRoleModal-Cuad3V2F.js","RUNTIME_TEMPORARY","EXCLUDE_CANDIDATE"
"??",".runtime/n8n/.cache/n8n/public/assets/DeleteInstanceRoleModal-legacy-DKtZFwbB.js","RUNTIME_TEMPORARY","EXCLUDE_CANDIDATE"
"??",".runtime/n8n/.cache/n8n/public/assets/DemoDiffView--IISAQhm.js","RUNTIME_TEMPORARY","EXCLUDE_CANDIDATE"
"??",".runtime/n8n/.cache/n8n/public/assets/DemoDiffView-DI1RJHHv.css","RUNTIME_TEMPORARY","EXCLUDE_CANDIDATE"
"??",".runtime/n8n/.cache/n8n/public/assets/DemoDiffView-legacy-ZC82Y-fx.js","RUNTIME_TEMPORARY","EXCLUDE_CANDIDATE"
"??",".runtime/n8n/.cache/n8n/public/assets/DemoLayout-D8BC7ziO.js","RUNTIME_TEMPORARY","EXCLUDE_CANDIDATE"
"??",".runtime/n8n/.cache/n8n/public/assets/DemoLayout-legacy-BQKyGvGt.js","RUNTIME_TEMPORARY","EXCLUDE_CANDIDATE"
"??",".runtime/n8n/.cache/n8n/public/assets/DependencyPill-Dj_eUF2a.js","RUNTIME_TEMPORARY","EXCLUDE_CANDIDATE"
"??",".runtime/n8n/.cache/n8n/public/assets/DependencyPill-DvYQ5fcf.css","RUNTIME_TEMPORARY","EXCLUDE_CANDIDATE"
"??",".runtime/n8n/.cache/n8n/public/assets/DependencyPill-legacy-5kSwcMRo.js","RUNTIME_TEMPORARY","EXCLUDE_CANDIDATE"
"??",".runtime/n8n/.cache/n8n/public/assets/Draggable-B0pfmmgs.css","RUNTIME_TEMPORARY","EXCLUDE_CANDIDATE"
"??",".runtime/n8n/.cache/n8n/public/assets/Draggable-D8RM3Ged.js","RUNTIME_TEMPORARY","EXCLUDE_CANDIDATE"
"??",".runtime/n8n/.cache/n8n/public/assets/Draggable-legacy-CoZgeShK.js","RUNTIME_TEMPORARY","EXCLUDE_CANDIDATE"
"??",".runtime/n8n/.cache/n8n/public/assets/EmptySharedSectionActionBox-BaSUhDU8.js","RUNTIME_TEMPORARY","EXCLUDE_CANDIDATE"
"??",".runtime/n8n/.cache/n8n/public/assets/EmptySharedSectionActionBox-legacy-CHF27dOF.js","RUNTIME_TEMPORARY","EXCLUDE_CANDIDATE"
"??",".runtime/n8n/.cache/n8n/public/assets/EnterpriseEdition.ee-3wzj7WeL.js","RUNTIME_TEMPORARY","EXCLUDE_CANDIDATE"
"??",".runtime/n8n/.cache/n8n/public/assets/EnterpriseEdition.ee-legacy-Cg-2EGO5.js","RUNTIME_TEMPORARY","EXCLUDE_CANDIDATE"
"??",".runtime/n8n/.cache/n8n/public/assets/EntityNotFound-BcBWLYuZ.css","RUNTIME_TEMPORARY","EXCLUDE_CANDIDATE"
"??",".runtime/n8n/.cache/n8n/public/assets/EntityNotFound-cfRk4lj3.js","RUNTIME_TEMPORARY","EXCLUDE_CANDIDATE"
"??",".runtime/n8n/.cache/n8n/public/assets/EntityNotFound-legacy-Ds0QtNvb.js","RUNTIME_TEMPORARY","EXCLUDE_CANDIDATE"
"??",".runtime/n8n/.cache/n8n/public/assets/EntityUnAuthorised-Bdc_roXL.css","RUNTIME_TEMPORARY","EXCLUDE_CANDIDATE"
"??",".runtime/n8n/.cache/n8n/public/assets/EntityUnAuthorised-CxopHwQz.js","RUNTIME_TEMPORARY","EXCLUDE_CANDIDATE"
"??",".runtime/n8n/.cache/n8n/public/assets/EntityUnAuthorised-legacy-DHb90DQg.js","RUNTIME_TEMPORARY","EXCLUDE_CANDIDATE"
"??",".runtime/n8n/.cache/n8n/public/assets/ErrorView-CFlADnwo.css","RUNTIME_TEMPORARY","EXCLUDE_CANDIDATE"
"??",".runtime/n8n/.cache/n8n/public/assets/ErrorView-D6V9rKtq.js","RUNTIME_TEMPORARY","EXCLUDE_CANDIDATE"
"??",".runtime/n8n/.cache/n8n/public/assets/ErrorView-legacy-DTIJirad.js","RUNTIME_TEMPORARY","EXCLUDE_CANDIDATE"
"??",".runtime/n8n/.cache/n8n/public/assets/EvalCollectionsListView-B29fEWLf.css","RUNTIME_TEMPORARY","EXCLUDE_CANDIDATE"
"??",".runtime/n8n/.cache/n8n/public/assets/EvalCollectionsListView-CW_TPX11.js","RUNTIME_TEMPORARY","EXCLUDE_CANDIDATE"
"??",".runtime/n8n/.cache/n8n/public/assets/EvalCollectionsListView-legacy-CeTNHHHe.js","RUNTIME_TEMPORARY","EXCLUDE_CANDIDATE"
"??",".runtime/n8n/.cache/n8n/public/assets/EvaluationsListSwitcher-BmP53Vb5.js","RUNTIME_TEMPORARY","EXCLUDE_CANDIDATE"
"??",".runtime/n8n/.cache/n8n/public/assets/EvaluationsListSwitcher-lcyFwBQk.css","RUNTIME_TEMPORARY","EXCLUDE_CANDIDATE"
"??",".runtime/n8n/.cache/n8n/public/assets/EvaluationsListSwitcher-legacy-RE6NfELb.js","RUNTIME_TEMPORARY","EXCLUDE_CANDIDATE"
"??",".runtime/n8n/.cache/n8n/public/assets/EvaluationsPaywall-DOm3QHW6.js","RUNTIME_TEMPORARY","EXCLUDE_CANDIDATE"
"??",".runtime/n8n/.cache/n8n/public/assets/EvaluationsPaywall-legacy-CG69vg4t.js","RUNTIME_TEMPORARY","EXCLUDE_CANDIDATE"
"??",".runtime/n8n/.cache/n8n/public/assets/EvaluationsRootView-ELrIBySE.css","RUNTIME_TEMPORARY","EXCLUDE_CANDIDATE"
"??",".runtime/n8n/.cache/n8n/public/assets/EvaluationsRootView-QBnd8oKB.js","RUNTIME_TEMPORARY","EXCLUDE_CANDIDATE"
"??",".runtime/n8n/.cache/n8n/public/assets/EvaluationsRootView-legacy-BfQU9ef9.js","RUNTIME_TEMPORARY","EXCLUDE_CANDIDATE"
"??",".runtime/n8n/.cache/n8n/public/assets/ExecutionsTime-CPpRSg8U.js","RUNTIME_TEMPORARY","EXCLUDE_CANDIDATE"
"??",".runtime/n8n/.cache/n8n/public/assets/ExecutionsTime-DnD3xqFY.css","RUNTIME_TEMPORARY","EXCLUDE_CANDIDATE"
"??",".runtime/n8n/.cache/n8n/public/assets/ExecutionsTime-legacy-BvzMkcuj.js","RUNTIME_TEMPORARY","EXCLUDE_CANDIDATE"
"??",".runtime/n8n/.cache/n8n/public/assets/ExecutionsView-0txV17zo.js","RUNTIME_TEMPORARY","EXCLUDE_CANDIDATE"
"??",".runtime/n8n/.cache/n8n/public/assets/ExecutionsView-BEfMZeG8.css","RUNTIME_TEMPORARY","EXCLUDE_CANDIDATE"
"??",".runtime/n8n/.cache/n8n/public/assets/ExecutionsView-legacy-CN3f3-jP.js","RUNTIME_TEMPORARY","EXCLUDE_CANDIDATE"
"??",".runtime/n8n/.cache/n8n/public/assets/ExposeAllWorkflowsToMcpModal-3eMYYyLp.css","RUNTIME_TEMPORARY","EXCLUDE_CANDIDATE"
"??",".runtime/n8n/.cache/n8n/public/assets/ExposeAllWorkflowsToMcpModal-CDqCa2Xc.js","RUNTIME_TEMPORARY","EXCLUDE_CANDIDATE"
"??",".runtime/n8n/.cache/n8n/public/assets/ExposeAllWorkflowsToMcpModal-legacy-BgmknXVN.js","RUNTIME_TEMPORARY","EXCLUDE_CANDIDATE"
"??",".runtime/n8n/.cache/n8n/public/assets/ExternalSecretsProviderConnectionSwitch-CkTWLm8f.css","RUNTIME_TEMPORARY","EXCLUDE_CANDIDATE"
"??",".runtime/n8n/.cache/n8n/public/assets/ExternalSecretsProviderConnectionSwitch.ee-D1F_ISJw.js","RUNTIME_TEMPORARY","EXCLUDE_CANDIDATE"
"??",".runtime/n8n/.cache/n8n/public/assets/ExternalSecretsProviderConnectionSwitch.ee-legacy-tGNuCek4.js","RUNTIME_TEMPORARY","EXCLUDE_CANDIDATE"
"??",".runtime/n8n/.cache/n8n/public/assets/FileSaver.min-Iu4EGv-N.js","RUNTIME_TEMPORARY","EXCLUDE_CANDIDATE"
"??",".runtime/n8n/.cache/n8n/public/assets/FileSaver.min-legacy-BFm9fkv-.js","RUNTIME_TEMPORARY","EXCLUDE_CANDIDATE"
"??",".runtime/n8n/.cache/n8n/public/assets/FixedCollectionParameter-ChLptgCt.css","RUNTIME_TEMPORARY","EXCLUDE_CANDIDATE"
"??",".runtime/n8n/.cache/n8n/public/assets/FixedCollectionParameter-legacy-CCXqwB8w.js","RUNTIME_TEMPORARY","EXCLUDE_CANDIDATE"
"??",".runtime/n8n/.cache/n8n/public/assets/FixedCollectionParameter-tVKoU2II.js","RUNTIME_TEMPORARY","EXCLUDE_CANDIDATE"
"??",".runtime/n8n/.cache/n8n/public/assets/FolderBreadcrumbs-BQqJB6Eb.js","RUNTIME_TEMPORARY","EXCLUDE_CANDIDATE"
"??",".runtime/n8n/.cache/n8n/public/assets/FolderBreadcrumbs-DrB7HWNZ.css","RUNTIME_TEMPORARY","EXCLUDE_CANDIDATE"
"??",".runtime/n8n/.cache/n8n/public/assets/FolderBreadcrumbs-legacy-BnLIQHhj.js","RUNTIME_TEMPORARY","EXCLUDE_CANDIDATE"
"??",".runtime/n8n/.cache/n8n/public/assets/ForgotMyPasswordView-DoD4kkUO.js","RUNTIME_TEMPORARY","EXCLUDE_CANDIDATE"
"??",".runtime/n8n/.cache/n8n/public/assets/ForgotMyPasswordView-legacy-C8Jy93rB.js","RUNTIME_TEMPORARY","EXCLUDE_CANDIDATE"
"??",".runtime/n8n/.cache/n8n/public/assets/GroupedMetricChart-Bz7-Eoah.js","RUNTIME_TEMPORARY","EXCLUDE_CANDIDATE"
"??",".runtime/n8n/.cache/n8n/public/assets/GroupedMetricChart-DSbsNMua.css","RUNTIME_TEMPORARY","EXCLUDE_CANDIDATE"
"??",".runtime/n8n/.cache/n8n/public/assets/GroupedMetricChart-legacy-BSNXZ5Ki.js","RUNTIME_TEMPORARY","EXCLUDE_CANDIDATE"
"??",".runtime/n8n/.cache/n8n/public/assets/InsightsChartAverageRuntime-BWsNfPop.js","RUNTIME_TEMPORARY","EXCLUDE_CANDIDATE"
"??",".runtime/n8n/.cache/n8n/public/assets/InsightsChartAverageRuntime-legacy-BloJER93.js","RUNTIME_TEMPORARY","EXCLUDE_CANDIDATE"
"??",".runtime/n8n/.cache/n8n/public/assets/InsightsChartFailed-DX64hRrT.js","RUNTIME_TEMPORARY","EXCLUDE_CANDIDATE"
"??",".runtime/n8n/.cache/n8n/public/assets/InsightsChartFailed-legacy-CXkGQUMl.js","RUNTIME_TEMPORARY","EXCLUDE_CANDIDATE"
"??",".runtime/n8n/.cache/n8n/public/assets/InsightsChartFailureRate-BoxERBbh.js","RUNTIME_TEMPORARY","EXCLUDE_CANDIDATE"
"??",".runtime/n8n/.cache/n8n/public/assets/InsightsChartFailureRate-legacy-CoqYjNs9.js","RUNTIME_TEMPORARY","EXCLUDE_CANDIDATE"
"??",".runtime/n8n/.cache/n8n/public/assets/InsightsChartTimeSaved-Dytkfogm.js","RUNTIME_TEMPORARY","EXCLUDE_CANDIDATE"
"??",".runtime/n8n/.cache/n8n/public/assets/InsightsChartTimeSaved-legacy-DuM4UuEG.js","RUNTIME_TEMPORARY","EXCLUDE_CANDIDATE"
"??",".runtime/n8n/.cache/n8n/public/assets/InsightsChartTotal-B0P3OhUH.js","RUNTIME_TEMPORARY","EXCLUDE_CANDIDATE"
"??",".runtime/n8n/.cache/n8n/public/assets/InsightsChartTotal-legacy-CJQjAUUd.js","RUNTIME_TEMPORARY","EXCLUDE_CANDIDATE"
"??",".runtime/n8n/.cache/n8n/public/assets/InsightsDashboard-B12iob46.css","RUNTIME_TEMPORARY","EXCLUDE_CANDIDATE"
"??",".runtime/n8n/.cache/n8n/public/assets/InsightsDashboard-BFjmH8eq.js","RUNTIME_TEMPORARY","EXCLUDE_CANDIDATE"
"??",".runtime/n8n/.cache/n8n/public/assets/InsightsDashboard-legacy-DZW2DKZF.js","RUNTIME_TEMPORARY","EXCLUDE_CANDIDATE"
"??",".runtime/n8n/.cache/n8n/public/assets/InsightsPaywall-CGFftIXb.css","RUNTIME_TEMPORARY","EXCLUDE_CANDIDATE"
"??",".runtime/n8n/.cache/n8n/public/assets/InsightsPaywall-CtNI6n7z.js","RUNTIME_TEMPORARY","EXCLUDE_CANDIDATE"
"??",".runtime/n8n/.cache/n8n/public/assets/InsightsPaywall-legacy-DSuidUKM.js","RUNTIME_TEMPORARY","EXCLUDE_CANDIDATE"
"??",".runtime/n8n/.cache/n8n/public/assets/InsightsSummary-BRHw1i4e.css","RUNTIME_TEMPORARY","EXCLUDE_CANDIDATE"
"??",".runtime/n8n/.cache/n8n/public/assets/InsightsSummary-CdmdS3D-.js","RUNTIME_TEMPORARY","EXCLUDE_CANDIDATE"
"??",".runtime/n8n/.cache/n8n/public/assets/InsightsSummary-legacy-DQIRu4QS.js","RUNTIME_TEMPORARY","EXCLUDE_CANDIDATE"
"??",".runtime/n8n/.cache/n8n/public/assets/InsightsTableWorkflows-DLOqGYlL.js","RUNTIME_TEMPORARY","EXCLUDE_CANDIDATE"
"??",".runtime/n8n/.cache/n8n/public/assets/InsightsTableWorkflows-DwGWXS5V.css","RUNTIME_TEMPORARY","EXCLUDE_CANDIDATE"
"??",".runtime/n8n/.cache/n8n/public/assets/InsightsTableWorkflows-legacy-XxAEqHnk.js","RUNTIME_TEMPORARY","EXCLUDE_CANDIDATE"
"??",".runtime/n8n/.cache/n8n/public/assets/InstanceAiEmptyView-CHtoUh5B.js","RUNTIME_TEMPORARY","EXCLUDE_CANDIDATE"
"??",".runtime/n8n/.cache/n8n/public/assets/InstanceAiEmptyView-CUEJ1L2u.css","RUNTIME_TEMPORARY","EXCLUDE_CANDIDATE"
"??",".runtime/n8n/.cache/n8n/public/assets/InstanceAiEmptyView-legacy--1LpMj2J.js","RUNTIME_TEMPORARY","EXCLUDE_CANDIDATE"
"??",".runtime/n8n/.cache/n8n/public/assets/InstanceAiLayout-CD4WuoHi.js","RUNTIME_TEMPORARY","EXCLUDE_CANDIDATE"
"??",".runtime/n8n/.cache/n8n/public/assets/InstanceAiLayout-legacy-BXQTv6NV.js","RUNTIME_TEMPORARY","EXCLUDE_CANDIDATE"
"??",".runtime/n8n/.cache/n8n/public/assets/InstanceAiThreadView-C8q2yCnf.js","RUNTIME_TEMPORARY","EXCLUDE_CANDIDATE"
"??",".runtime/n8n/.cache/n8n/public/assets/InstanceAiThreadView-DYPCMC0E.css","RUNTIME_TEMPORARY","EXCLUDE_CANDIDATE"
"??",".runtime/n8n/.cache/n8n/public/assets/InstanceAiThreadView-legacy-C_kti4Qv.js","RUNTIME_TEMPORARY","EXCLUDE_CANDIDATE"
"??",".runtime/n8n/.cache/n8n/public/assets/InstanceAiView-BQBCI5zV.js","RUNTIME_TEMPORARY","EXCLUDE_CANDIDATE"
"??",".runtime/n8n/.cache/n8n/public/assets/InstanceAiView-Dt4yv0pl.css","RUNTIME_TEMPORARY","EXCLUDE_CANDIDATE"
"??",".runtime/n8n/.cache/n8n/public/assets/InstanceAiView-legacy-COSBf9zB.js","RUNTIME_TEMPORARY","EXCLUDE_CANDIDATE"
"??",".runtime/n8n/.cache/n8n/public/assets/InstanceRoleView-Crm8WxeK.css","RUNTIME_TEMPORARY","EXCLUDE_CANDIDATE"
"??",".runtime/n8n/.cache/n8n/public/assets/InstanceRoleView-Ds7DU90I.js","RUNTIME_TEMPORARY","EXCLUDE_CANDIDATE"
"??",".runtime/n8n/.cache/n8n/public/assets/InstanceRoleView-legacy-hbRWI_7A.js","RUNTIME_TEMPORARY","EXCLUDE_CANDIDATE"
"??",".runtime/n8n/.cache/n8n/public/assets/KeyboardShortcutTooltip-BGegOO2c.css","RUNTIME_TEMPORARY","EXCLUDE_CANDIDATE"
"??",".runtime/n8n/.cache/n8n/public/assets/KeyboardShortcutTooltip-Bk2M3Dx1.js","RUNTIME_TEMPORARY","EXCLUDE_CANDIDATE"
"??",".runtime/n8n/.cache/n8n/public/assets/KeyboardShortcutTooltip-legacy-Dle1a2Dt.js","RUNTIME_TEMPORARY","EXCLUDE_CANDIDATE"
"??",".runtime/n8n/.cache/n8n/public/assets/LoadingView-D-HcnTiQ.js","RUNTIME_TEMPORARY","EXCLUDE_CANDIDATE"
"??",".runtime/n8n/.cache/n8n/public/assets/LoadingView-DYCNmVIf.css","RUNTIME_TEMPORARY","EXCLUDE_CANDIDATE"
"??",".runtime/n8n/.cache/n8n/public/assets/LoadingView-legacy-CbfH4HTV.js","RUNTIME_TEMPORARY","EXCLUDE_CANDIDATE"
"??",".runtime/n8n/.cache/n8n/public/assets/LogsOverviewRow-BGUZ8Bal.js","RUNTIME_TEMPORARY","EXCLUDE_CANDIDATE"
"??",".runtime/n8n/.cache/n8n/public/assets/LogsOverviewRow-Bf3Cz7J9.css","RUNTIME_TEMPORARY","EXCLUDE_CANDIDATE"
"??",".runtime/n8n/.cache/n8n/public/assets/LogsOverviewRow-legacy-cw5QwUvX.js","RUNTIME_TEMPORARY","EXCLUDE_CANDIDATE"
"??",".runtime/n8n/.cache/n8n/public/assets/MCPConnectWorkflowsModal-CbUVxYEC.css","RUNTIME_TEMPORARY","EXCLUDE_CANDIDATE"
"??",".runtime/n8n/.cache/n8n/public/assets/MCPConnectWorkflowsModal-CnhLw7Md.js","RUNTIME_TEMPORARY","EXCLUDE_CANDIDATE"
"??",".runtime/n8n/.cache/n8n/public/assets/MCPConnectWorkflowsModal-legacy-D6CsCZEJ.js","RUNTIME_TEMPORARY","EXCLUDE_CANDIDATE"
"??",".runtime/n8n/.cache/n8n/public/assets/MCPOnboardingModal-BgUFCgz_.js","RUNTIME_TEMPORARY","EXCLUDE_CANDIDATE"
"??",".runtime/n8n/.cache/n8n/public/assets/MCPOnboardingModal-C7fuJRcT.css","RUNTIME_TEMPORARY","EXCLUDE_CANDIDATE"
"??",".runtime/n8n/.cache/n8n/public/assets/MCPOnboardingModal-legacy-Bp__aX_4.js","RUNTIME_TEMPORARY","EXCLUDE_CANDIDATE"
"??",".runtime/n8n/.cache/n8n/public/assets/MainHeader-Bl3sN2Ab.js","RUNTIME_TEMPORARY","EXCLUDE_CANDIDATE"
"??",".runtime/n8n/.cache/n8n/public/assets/MainHeader-DSaJvxxV.css","RUNTIME_TEMPORARY","EXCLUDE_CANDIDATE"
"??",".runtime/n8n/.cache/n8n/public/assets/MainHeader-legacy-Cz34fZB5.js","RUNTIME_TEMPORARY","EXCLUDE_CANDIDATE"
"??",".runtime/n8n/.cache/n8n/public/assets/MainSidebarHeader-CeJ7PRg1.css","RUNTIME_TEMPORARY","EXCLUDE_CANDIDATE"
"??",".runtime/n8n/.cache/n8n/public/assets/MainSidebarHeader-DToI3juW.js","RUNTIME_TEMPORARY","EXCLUDE_CANDIDATE"
"??",".runtime/n8n/.cache/n8n/public/assets/MainSidebarHeader-legacy-rTJ1JghH.js","RUNTIME_TEMPORARY","EXCLUDE_CANDIDATE"
"??",".runtime/n8n/.cache/n8n/public/assets/McpEmptyStateCard-CZBJmVED.css","RUNTIME_TEMPORARY","EXCLUDE_CANDIDATE"
"??",".runtime/n8n/.cache/n8n/public/assets/McpEmptyStateCard-HO2j5W0C.js","RUNTIME_TEMPORARY","EXCLUDE_CANDIDATE"
"??",".runtime/n8n/.cache/n8n/public/assets/McpEmptyStateCard-legacy-atlZB5mB.js","RUNTIME_TEMPORARY","EXCLUDE_CANDIDATE"
"??",".runtime/n8n/.cache/n8n/public/assets/MigrationRuleDetail-BS46mWTe.js","RUNTIME_TEMPORARY","EXCLUDE_CANDIDATE"
"??",".runtime/n8n/.cache/n8n/public/assets/MigrationRuleDetail-BYzHV1Ti.css","RUNTIME_TEMPORARY","EXCLUDE_CANDIDATE"
"??",".runtime/n8n/.cache/n8n/public/assets/MigrationRuleDetail-legacy-f8lE8OFU.js","RUNTIME_TEMPORARY","EXCLUDE_CANDIDATE"
"??",".runtime/n8n/.cache/n8n/public/assets/MigrationRules-BdpA9_hg.css","RUNTIME_TEMPORARY","EXCLUDE_CANDIDATE"
"??",".runtime/n8n/.cache/n8n/public/assets/MigrationRules-BfUbeiRG.js","RUNTIME_TEMPORARY","EXCLUDE_CANDIDATE"
"??",".runtime/n8n/.cache/n8n/public/assets/MigrationRules-legacy-Cwi27ssB.js","RUNTIME_TEMPORARY","EXCLUDE_CANDIDATE"
"??",".runtime/n8n/.cache/n8n/public/assets/Modal-C00R9oLp.css","RUNTIME_TEMPORARY","EXCLUDE_CANDIDATE"
"??",".runtime/n8n/.cache/n8n/public/assets/Modal-CsU6hcjs.js","RUNTIME_TEMPORARY","EXCLUDE_CANDIDATE"
"??",".runtime/n8n/.cache/n8n/public/assets/Modal-legacy-DLLmv8dF.js","RUNTIME_TEMPORARY","EXCLUDE_CANDIDATE"
"??",".runtime/n8n/.cache/n8n/public/assets/ModelByIdSelectorModal-69CYKEzV.js","RUNTIME_TEMPORARY","EXCLUDE_CANDIDATE"
"??",".runtime/n8n/.cache/n8n/public/assets/ModelByIdSelectorModal-Drn_1f6L.css","RUNTIME_TEMPORARY","EXCLUDE_CANDIDATE"
"??",".runtime/n8n/.cache/n8n/public/assets/ModelByIdSelectorModal-legacy-BHWb7Oqg.js","RUNTIME_TEMPORARY","EXCLUDE_CANDIDATE"
"??",".runtime/n8n/.cache/n8n/public/assets/NDVEmptyState-BHmYrBdS.js","RUNTIME_TEMPORARY","EXCLUDE_CANDIDATE"
"??",".runtime/n8n/.cache/n8n/public/assets/NDVEmptyState-legacy-CznyjmqG.js","RUNTIME_TEMPORARY","EXCLUDE_CANDIDATE"
"??",".runtime/n8n/.cache/n8n/public/assets/NDVEmptyState-rnKuZ72v.css","RUNTIME_TEMPORARY","EXCLUDE_CANDIDATE"
"??",".runtime/n8n/.cache/n8n/public/assets/NewAgentView-Bzg5d0aJ.js","RUNTIME_TEMPORARY","EXCLUDE_CANDIDATE"
"??",".runtime/n8n/.cache/n8n/public/assets/NewAgentView-legacy-CZIKAG6k.js","RUNTIME_TEMPORARY","EXCLUDE_CANDIDATE"
"??",".runtime/n8n/.cache/n8n/public/assets/NodeCreation-BiKEdAPr.css","RUNTIME_TEMPORARY","EXCLUDE_CANDIDATE"
"??",".runtime/n8n/.cache/n8n/public/assets/NodeCreation-ChqkRwEt.js","RUNTIME_TEMPORARY","EXCLUDE_CANDIDATE"
"??",".runtime/n8n/.cache/n8n/public/assets/NodeCreation-legacy-G9oJLqyC.js","RUNTIME_TEMPORARY","EXCLUDE_CANDIDATE"
"??",".runtime/n8n/.cache/n8n/public/assets/NodeCreator-BcpzTJ7Z.js","RUNTIME_TEMPORARY","EXCLUDE_CANDIDATE"
"??",".runtime/n8n/.cache/n8n/public/assets/NodeCreator-gKLhjRPZ.css","RUNTIME_TEMPORARY","EXCLUDE_CANDIDATE"
"??",".runtime/n8n/.cache/n8n/public/assets/NodeCreator-legacy-B7tiODLF.js","RUNTIME_TEMPORARY","EXCLUDE_CANDIDATE"
"??",".runtime/n8n/.cache/n8n/public/assets/NodeDetailsView-BiCFS4LP.css","RUNTIME_TEMPORARY","EXCLUDE_CANDIDATE"
"??",".runtime/n8n/.cache/n8n/public/assets/NodeDetailsView-Ds-u0HUu.js","RUNTIME_TEMPORARY","EXCLUDE_CANDIDATE"
"??",".runtime/n8n/.cache/n8n/public/assets/NodeDetailsView-legacy-CtMUcsog.js","RUNTIME_TEMPORARY","EXCLUDE_CANDIDATE"
"??",".runtime/n8n/.cache/n8n/public/assets/NodeDetailsViewV2-BlpPeRMs.css","RUNTIME_TEMPORARY","EXCLUDE_CANDIDATE"
"??",".runtime/n8n/.cache/n8n/public/assets/NodeDetailsViewV2-CBn3dHyn.js","RUNTIME_TEMPORARY","EXCLUDE_CANDIDATE"
"??",".runtime/n8n/.cache/n8n/public/assets/NodeDetailsViewV2-legacy-CWaOBs7U.js","RUNTIME_TEMPORARY","EXCLUDE_CANDIDATE"
"??",".runtime/n8n/.cache/n8n/public/assets/NodeIcon-BQBv-aCt.css","RUNTIME_TEMPORARY","EXCLUDE_CANDIDATE"
"??",".runtime/n8n/.cache/n8n/public/assets/NodeIcon-BVI-EvlS.js","RUNTIME_TEMPORARY","EXCLUDE_CANDIDATE"
"??",".runtime/n8n/.cache/n8n/public/assets/NodeIcon-legacy-D0FZbyyL.js","RUNTIME_TEMPORARY","EXCLUDE_CANDIDATE"
"??",".runtime/n8n/.cache/n8n/public/assets/NodeSettings-BJLGNych.css","RUNTIME_TEMPORARY","EXCLUDE_CANDIDATE"
"??",".runtime/n8n/.cache/n8n/public/assets/NodeSettings-De0JCa-G.js","RUNTIME_TEMPORARY","EXCLUDE_CANDIDATE"
"??",".runtime/n8n/.cache/n8n/public/assets/NodeSettings-legacy-Clv8vGbI.js","RUNTIME_TEMPORARY","EXCLUDE_CANDIDATE"
"??",".runtime/n8n/.cache/n8n/public/assets/NodeToolSettingsContent-CpPj8CTT.css","RUNTIME_TEMPORARY","EXCLUDE_CANDIDATE"
"??",".runtime/n8n/.cache/n8n/public/assets/NodeToolSettingsContent-fMg-iSbv.js","RUNTIME_TEMPORARY","EXCLUDE_CANDIDATE"
"??",".runtime/n8n/.cache/n8n/public/assets/NodeToolSettingsContent-legacy-0G6NLcvT.js","RUNTIME_TEMPORARY","EXCLUDE_CANDIDATE"
"??",".runtime/n8n/.cache/n8n/public/assets/NodeView-BNyYY3HZ.js","RUNTIME_TEMPORARY","EXCLUDE_CANDIDATE"
"??",".runtime/n8n/.cache/n8n/public/assets/NodeView-BiXxHMxj.css","RUNTIME_TEMPORARY","EXCLUDE_CANDIDATE"
"??",".runtime/n8n/.cache/n8n/public/assets/NodeView-D4hKBgvc.js","RUNTIME_TEMPORARY","EXCLUDE_CANDIDATE"
"??",".runtime/n8n/.cache/n8n/public/assets/NodeView-legacy-D3lCeUL4.js","RUNTIME_TEMPORARY","EXCLUDE_CANDIDATE"
"??",".runtime/n8n/.cache/n8n/public/assets/NodeView-legacy-DKj0I26f.js","RUNTIME_TEMPORARY","EXCLUDE_CANDIDATE"
"??",".runtime/n8n/.cache/n8n/public/assets/OAuthConsentView-BRYcXkZW.js","RUNTIME_TEMPORARY","EXCLUDE_CANDIDATE"
"??",".runtime/n8n/.cache/n8n/public/assets/OAuthConsentView-C0AN8vMp.css","RUNTIME_TEMPORARY","EXCLUDE_CANDIDATE"
"??",".runtime/n8n/.cache/n8n/public/assets/OAuthConsentView-legacy-lsJ01PjR.js","RUNTIME_TEMPORARY","EXCLUDE_CANDIDATE"
"??",".runtime/n8n/.cache/n8n/public/assets/PageViewLayout-B7ixCLAZ.js","RUNTIME_TEMPORARY","EXCLUDE_CANDIDATE"
"??",".runtime/n8n/.cache/n8n/public/assets/PageViewLayout-CZbp5BHU.css","RUNTIME_TEMPORARY","EXCLUDE_CANDIDATE"
"??",".runtime/n8n/.cache/n8n/public/assets/PageViewLayout-legacy-B9lIGdht.js","RUNTIME_TEMPORARY","EXCLUDE_CANDIDATE"
"??",".runtime/n8n/.cache/n8n/public/assets/ParameterInputList-B5Jj2lVh.js","RUNTIME_TEMPORARY","EXCLUDE_CANDIDATE"
"??",".runtime/n8n/.cache/n8n/public/assets/ParameterInputList-DnJU4Mzq.css","RUNTIME_TEMPORARY","EXCLUDE_CANDIDATE"
"??",".runtime/n8n/.cache/n8n/public/assets/ParameterInputList-legacy-DWRc_nSB.js","RUNTIME_TEMPORARY","EXCLUDE_CANDIDATE"
"??",".runtime/n8n/.cache/n8n/public/assets/ParameterInputWrapper-DVeBzipP.js","RUNTIME_TEMPORARY","EXCLUDE_CANDIDATE"
"??",".runtime/n8n/.cache/n8n/public/assets/ParameterInputWrapper-legacy-4GwSrWJr.js","RUNTIME_TEMPORARY","EXCLUDE_CANDIDATE"
"??",".runtime/n8n/.cache/n8n/public/assets/ParameterInputWrapper-xNdOp6Vy.css","RUNTIME_TEMPORARY","EXCLUDE_CANDIDATE"
"??",".runtime/n8n/.cache/n8n/public/assets/PrivateCredentialIcon-BPlGW42M.js","RUNTIME_TEMPORARY","EXCLUDE_CANDIDATE"
"??",".runtime/n8n/.cache/n8n/public/assets/PrivateCredentialIcon-CEEfV6vM.css","RUNTIME_TEMPORARY","EXCLUDE_CANDIDATE"
"??",".runtime/n8n/.cache/n8n/public/assets/PrivateCredentialIcon-legacy-C7pqFf-z.js","RUNTIME_TEMPORARY","EXCLUDE_CANDIDATE"
"??",".runtime/n8n/.cache/n8n/public/assets/ProjectBreadcrumb-BZhXE5NZ.js","RUNTIME_TEMPORARY","EXCLUDE_CANDIDATE"
"??",".runtime/n8n/.cache/n8n/public/assets/ProjectBreadcrumb-Qs_-Vhv3.css","RUNTIME_TEMPORARY","EXCLUDE_CANDIDATE"
"??",".runtime/n8n/.cache/n8n/public/assets/ProjectBreadcrumb-legacy-Bwih-6vT.js","RUNTIME_TEMPORARY","EXCLUDE_CANDIDATE"
"??",".runtime/n8n/.cache/n8n/public/assets/ProjectCardBadge-CPGb5FR4.css","RUNTIME_TEMPORARY","EXCLUDE_CANDIDATE"
"??",".runtime/n8n/.cache/n8n/public/assets/ProjectCardBadge-Do9lRY-y.js","RUNTIME_TEMPORARY","EXCLUDE_CANDIDATE"
"??",".runtime/n8n/.cache/n8n/public/assets/ProjectCardBadge-legacy-B0Q2eo3e.js","RUNTIME_TEMPORARY","EXCLUDE_CANDIDATE"
"??",".runtime/n8n/.cache/n8n/public/assets/ProjectHeader-CgN_VIE8.css","RUNTIME_TEMPORARY","EXCLUDE_CANDIDATE"
"??",".runtime/n8n/.cache/n8n/public/assets/ProjectHeader-D0STI8Ja.js","RUNTIME_TEMPORARY","EXCLUDE_CANDIDATE"
"??",".runtime/n8n/.cache/n8n/public/assets/ProjectHeader-legacy-Bi5_7VI4.js","RUNTIME_TEMPORARY","EXCLUDE_CANDIDATE"
"??",".runtime/n8n/.cache/n8n/public/assets/ProjectIcon-DR9446m8.css","RUNTIME_TEMPORARY","EXCLUDE_CANDIDATE"
"??",".runtime/n8n/.cache/n8n/public/assets/ProjectIcon-legacy-B1R1QZI2.js","RUNTIME_TEMPORARY","EXCLUDE_CANDIDATE"
"??",".runtime/n8n/.cache/n8n/public/assets/ProjectIcon-w0nEdiUA.js","RUNTIME_TEMPORARY","EXCLUDE_CANDIDATE"
"??",".runtime/n8n/.cache/n8n/public/assets/ProjectRoleView-CSj7VFHr.js","RUNTIME_TEMPORARY","EXCLUDE_CANDIDATE"
"??",".runtime/n8n/.cache/n8n/public/assets/ProjectRoleView-DMRFLWQi.css","RUNTIME_TEMPORARY","EXCLUDE_CANDIDATE"
"??",".runtime/n8n/.cache/n8n/public/assets/ProjectRoleView-legacy-CvdeOAyM.js","RUNTIME_TEMPORARY","EXCLUDE_CANDIDATE"
"??",".runtime/n8n/.cache/n8n/public/assets/ProjectSettings-Cg9mDoDt.js","RUNTIME_TEMPORARY","EXCLUDE_CANDIDATE"
"??",".runtime/n8n/.cache/n8n/public/assets/ProjectSettings-Cn2vxjsx.css","RUNTIME_TEMPORARY","EXCLUDE_CANDIDATE"
"??",".runtime/n8n/.cache/n8n/public/assets/ProjectSettings-legacy-BQCGC9Dj.js","RUNTIME_TEMPORARY","EXCLUDE_CANDIDATE"
"??",".runtime/n8n/.cache/n8n/public/assets/ProjectSharing-B45GqL6g.js","RUNTIME_TEMPORARY","EXCLUDE_CANDIDATE"
"??",".runtime/n8n/.cache/n8n/public/assets/ProjectSharing-DHoWOCEa.css","RUNTIME_TEMPORARY","EXCLUDE_CANDIDATE"
"??",".runtime/n8n/.cache/n8n/public/assets/ProjectSharing-legacy-cfS_th1f.js","RUNTIME_TEMPORARY","EXCLUDE_CANDIDATE"
"??",".runtime/n8n/.cache/n8n/public/assets/ProjectVariables-Cijb29jk.css","RUNTIME_TEMPORARY","EXCLUDE_CANDIDATE"
"??",".runtime/n8n/.cache/n8n/public/assets/ProjectVariables-kZcY6ibv.js","RUNTIME_TEMPORARY","EXCLUDE_CANDIDATE"
"??",".runtime/n8n/.cache/n8n/public/assets/ProjectVariables-legacy-zAYYFt2A.js","RUNTIME_TEMPORARY","EXCLUDE_CANDIDATE"
"??",".runtime/n8n/.cache/n8n/public/assets/ProviderSettingsModal-Bs2cwR_2.css","RUNTIME_TEMPORARY","EXCLUDE_CANDIDATE"
"??",".runtime/n8n/.cache/n8n/public/assets/ProviderSettingsModal-DQREz2Zk.js","RUNTIME_TEMPORARY","EXCLUDE_CANDIDATE"
"??",".runtime/n8n/.cache/n8n/public/assets/ProviderSettingsModal-legacy-BpdbIrso.js","RUNTIME_TEMPORARY","EXCLUDE_CANDIDATE"
"??",".runtime/n8n/.cache/n8n/public/assets/RedactedDataState-CnO1-E4E.js","RUNTIME_TEMPORARY","EXCLUDE_CANDIDATE"
"??",".runtime/n8n/.cache/n8n/public/assets/RedactedDataState-IehaQ3Lp.css","RUNTIME_TEMPORARY","EXCLUDE_CANDIDATE"
"??",".runtime/n8n/.cache/n8n/public/assets/RedactedDataState-legacy-CPqQqoLF.js","RUNTIME_TEMPORARY","EXCLUDE_CANDIDATE"
"??",".runtime/n8n/.cache/n8n/public/assets/ResolversView-B2MXhM_k.js","RUNTIME_TEMPORARY","EXCLUDE_CANDIDATE"
"??",".runtime/n8n/.cache/n8n/public/assets/ResolversView-QKlajNgn.css","RUNTIME_TEMPORARY","EXCLUDE_CANDIDATE"
"??",".runtime/n8n/.cache/n8n/public/assets/ResolversView-legacy-BIhjlGoq.js","RUNTIME_TEMPORARY","EXCLUDE_CANDIDATE"
"??",".runtime/n8n/.cache/n8n/public/assets/ResourceCenterView--gLlR52J.css","RUNTIME_TEMPORARY","EXCLUDE_CANDIDATE"
"??",".runtime/n8n/.cache/n8n/public/assets/ResourceCenterView-8XZDcqd8.js","RUNTIME_TEMPORARY","EXCLUDE_CANDIDATE"
"??",".runtime/n8n/.cache/n8n/public/assets/ResourceCenterView-legacy-BJkj1sHH.js","RUNTIME_TEMPORARY","EXCLUDE_CANDIDATE"
"??",".runtime/n8n/.cache/n8n/public/assets/ResourceFiltersDropdown-BfO7Ixtp.css","RUNTIME_TEMPORARY","EXCLUDE_CANDIDATE"
"??",".runtime/n8n/.cache/n8n/public/assets/ResourceFiltersDropdown-D3kWGUrQ.js","RUNTIME_TEMPORARY","EXCLUDE_CANDIDATE"
"??",".runtime/n8n/.cache/n8n/public/assets/ResourceFiltersDropdown-legacy-841opBCo.js","RUNTIME_TEMPORARY","EXCLUDE_CANDIDATE"
"??",".runtime/n8n/.cache/n8n/public/assets/ResourcesListEmptyState-C3m-yj1O.js","RUNTIME_TEMPORARY","EXCLUDE_CANDIDATE"
"??",".runtime/n8n/.cache/n8n/public/assets/ResourcesListEmptyState-legacy-CUPMSs6w.js","RUNTIME_TEMPORARY","EXCLUDE_CANDIDATE"
"??",".runtime/n8n/.cache/n8n/public/assets/ResourcesListLayout-DgVlSusH.js","RUNTIME_TEMPORARY","EXCLUDE_CANDIDATE"
"??",".runtime/n8n/.cache/n8n/public/assets/ResourcesListLayout-Dnm-wvBE.css","RUNTIME_TEMPORARY","EXCLUDE_CANDIDATE"
"??",".runtime/n8n/.cache/n8n/public/assets/ResourcesListLayout-legacy-BSMMYRZj.js","RUNTIME_TEMPORARY","EXCLUDE_CANDIDATE"
"??",".runtime/n8n/.cache/n8n/public/assets/RoleSelectDropdown-4PJfU8wi.css","RUNTIME_TEMPORARY","EXCLUDE_CANDIDATE"
"??",".runtime/n8n/.cache/n8n/public/assets/RoleSelectDropdown-B4fOWHZ6.js","RUNTIME_TEMPORARY","EXCLUDE_CANDIDATE"
"??",".runtime/n8n/.cache/n8n/public/assets/RoleSelectDropdown-legacy-C-BEYvQP.js","RUNTIME_TEMPORARY","EXCLUDE_CANDIDATE"
"??",".runtime/n8n/.cache/n8n/public/assets/RolesView-BpcuCebR.js","RUNTIME_TEMPORARY","EXCLUDE_CANDIDATE"
"??",".runtime/n8n/.cache/n8n/public/assets/RolesView-CKZ43c_E.css","RUNTIME_TEMPORARY","EXCLUDE_CANDIDATE"
"??",".runtime/n8n/.cache/n8n/public/assets/RolesView-legacy-CnLiyWMm.js","RUNTIME_TEMPORARY","EXCLUDE_CANDIDATE"
"??",".runtime/n8n/.cache/n8n/public/assets/RunData-DolaHq79.css","RUNTIME_TEMPORARY","EXCLUDE_CANDIDATE"
"??",".runtime/n8n/.cache/n8n/public/assets/RunData-UXgoLKXx.js","RUNTIME_TEMPORARY","EXCLUDE_CANDIDATE"
"??",".runtime/n8n/.cache/n8n/public/assets/RunData-legacy-Dxeg9X66.js","RUNTIME_TEMPORARY","EXCLUDE_CANDIDATE"
"??",".runtime/n8n/.cache/n8n/public/assets/RunDataHtml-BQfDlUrf.js","RUNTIME_TEMPORARY","EXCLUDE_CANDIDATE"
"??",".runtime/n8n/.cache/n8n/public/assets/RunDataHtml-D33iEbj9.js","RUNTIME_TEMPORARY","EXCLUDE_CANDIDATE"
"??",".runtime/n8n/.cache/n8n/public/assets/RunDataHtml-Dn-4rgtR.css","RUNTIME_TEMPORARY","EXCLUDE_CANDIDATE"
"??",".runtime/n8n/.cache/n8n/public/assets/RunDataHtml-legacy-B7v8RM0I.js","RUNTIME_TEMPORARY","EXCLUDE_CANDIDATE"
"??",".runtime/n8n/.cache/n8n/public/assets/RunDataHtml-legacy-DfB3a4i8.js","RUNTIME_TEMPORARY","EXCLUDE_CANDIDATE"
"??",".runtime/n8n/.cache/n8n/public/assets/RunDataJson-CtE33ZuI.js","RUNTIME_TEMPORARY","EXCLUDE_CANDIDATE"
"??",".runtime/n8n/.cache/n8n/public/assets/RunDataJson-DNCaX4w9.css","RUNTIME_TEMPORARY","EXCLUDE_CANDIDATE"
"??",".runtime/n8n/.cache/n8n/public/assets/RunDataJson-legacy-CiDmKoV8.js","RUNTIME_TEMPORARY","EXCLUDE_CANDIDATE"
"??",".runtime/n8n/.cache/n8n/public/assets/RunDataJsonActions-D1O9fV-6.js","RUNTIME_TEMPORARY","EXCLUDE_CANDIDATE"
"??",".runtime/n8n/.cache/n8n/public/assets/RunDataJsonActions-D7jFZ_fA.css","RUNTIME_TEMPORARY","EXCLUDE_CANDIDATE"
"??",".runtime/n8n/.cache/n8n/public/assets/RunDataJsonActions-legacy-HIdRGknx.js","RUNTIME_TEMPORARY","EXCLUDE_CANDIDATE"
"??",".runtime/n8n/.cache/n8n/public/assets/RunDataParsedAiContent-BznZ49YS.js","RUNTIME_TEMPORARY","EXCLUDE_CANDIDATE"
"??",".runtime/n8n/.cache/n8n/public/assets/RunDataParsedAiContent-legacy-BfPlWY8F.js","RUNTIME_TEMPORARY","EXCLUDE_CANDIDATE"
"??",".runtime/n8n/.cache/n8n/public/assets/RunDataParsedAiContent-legacy-CFn3DQ_Q.js","RUNTIME_TEMPORARY","EXCLUDE_CANDIDATE"
"??",".runtime/n8n/.cache/n8n/public/assets/RunDataParsedAiContent-vue_dQQ_.css","RUNTIME_TEMPORARY","EXCLUDE_CANDIDATE"
"??",".runtime/n8n/.cache/n8n/public/assets/RunDataParsedAiContent-xnMAkO9i.js","RUNTIME_TEMPORARY","EXCLUDE_CANDIDATE"
"??",".runtime/n8n/.cache/n8n/public/assets/RunDataSearch-Bl_NoZWH.js","RUNTIME_TEMPORARY","EXCLUDE_CANDIDATE"
"??",".runtime/n8n/.cache/n8n/public/assets/RunDataSearch-D2d_sERR.css","RUNTIME_TEMPORARY","EXCLUDE_CANDIDATE"
"??",".runtime/n8n/.cache/n8n/public/assets/RunDataSearch-legacy-Cnnp5flt.js","RUNTIME_TEMPORARY","EXCLUDE_CANDIDATE"
"??",".runtime/n8n/.cache/n8n/public/assets/RunDataTable-dqiUdcRg.css","RUNTIME_TEMPORARY","EXCLUDE_CANDIDATE"
"??",".runtime/n8n/.cache/n8n/public/assets/RunDataTable-legacy-DrVvAnIo.js","RUNTIME_TEMPORARY","EXCLUDE_CANDIDATE"
"??",".runtime/n8n/.cache/n8n/public/assets/RunDataTable-v5dsH6PY.js","RUNTIME_TEMPORARY","EXCLUDE_CANDIDATE"
"??",".runtime/n8n/.cache/n8n/public/assets/SamlOnboarding-D5dhlXTU.js","RUNTIME_TEMPORARY","EXCLUDE_CANDIDATE"
"??",".runtime/n8n/.cache/n8n/public/assets/SamlOnboarding-legacy-CHOr34bq.js","RUNTIME_TEMPORARY","EXCLUDE_CANDIDATE"
"??",".runtime/n8n/.cache/n8n/public/assets/ScopesSelector-C8S0Z5zM.js","RUNTIME_TEMPORARY","EXCLUDE_CANDIDATE"
"??",".runtime/n8n/.cache/n8n/public/assets/ScopesSelector-DrR9hUD7.css","RUNTIME_TEMPORARY","EXCLUDE_CANDIDATE"
"??",".runtime/n8n/.cache/n8n/public/assets/ScopesSelector-legacy-cPvEQ_dc.js","RUNTIME_TEMPORARY","EXCLUDE_CANDIDATE"
"??",".runtime/n8n/.cache/n8n/public/assets/SecretsProviderImage.ee-3F2ZcZKW.js","RUNTIME_TEMPORARY","EXCLUDE_CANDIDATE"
"??",".runtime/n8n/.cache/n8n/public/assets/SecretsProviderImage.ee-legacy-BipDrbST.js","RUNTIME_TEMPORARY","EXCLUDE_CANDIDATE"
"??",".runtime/n8n/.cache/n8n/public/assets/SecuritySettings-Bpvw7DDQ.js","RUNTIME_TEMPORARY","EXCLUDE_CANDIDATE"
"??",".runtime/n8n/.cache/n8n/public/assets/SecuritySettings-legacy-C4dTnkwS.js","RUNTIME_TEMPORARY","EXCLUDE_CANDIDATE"
"??",".runtime/n8n/.cache/n8n/public/assets/SecuritySettings-ttlFL80X.css","RUNTIME_TEMPORARY","EXCLUDE_CANDIDATE"
"??",".runtime/n8n/.cache/n8n/public/assets/SelectedItemsInfo-BLpAdN7z.js","RUNTIME_TEMPORARY","EXCLUDE_CANDIDATE"
"??",".runtime/n8n/.cache/n8n/public/assets/SelectedItemsInfo-D7sE0Pmw.css","RUNTIME_TEMPORARY","EXCLUDE_CANDIDATE"
"??",".runtime/n8n/.cache/n8n/public/assets/SelectedItemsInfo-legacy-ByuUDCXc.js","RUNTIME_TEMPORARY","EXCLUDE_CANDIDATE"
"??",".runtime/n8n/.cache/n8n/public/assets/SettingsAIView-BIsVUwtP.js","RUNTIME_TEMPORARY","EXCLUDE_CANDIDATE"
"??",".runtime/n8n/.cache/n8n/public/assets/SettingsAIView-legacy-AHdHFwmp.js","RUNTIME_TEMPORARY","EXCLUDE_CANDIDATE"
"??",".runtime/n8n/.cache/n8n/public/assets/SettingsAIView-sve06pR4.css","RUNTIME_TEMPORARY","EXCLUDE_CANDIDATE"
"??",".runtime/n8n/.cache/n8n/public/assets/SettingsAgentBuilderView-Nev_ckTL.js","RUNTIME_TEMPORARY","EXCLUDE_CANDIDATE"
"??",".runtime/n8n/.cache/n8n/public/assets/SettingsAgentBuilderView-legacy-BQXhwGQ0.js","RUNTIME_TEMPORARY","EXCLUDE_CANDIDATE"
"??",".runtime/n8n/.cache/n8n/public/assets/SettingsAgentBuilderView-ufSoWDLc.css","RUNTIME_TEMPORARY","EXCLUDE_CANDIDATE"
"??",".runtime/n8n/.cache/n8n/public/assets/SettingsAiGatewayView-C67PVckA.js","RUNTIME_TEMPORARY","EXCLUDE_CANDIDATE"
"??",".runtime/n8n/.cache/n8n/public/assets/SettingsAiGatewayView-legacy-B_zkn0pW.js","RUNTIME_TEMPORARY","EXCLUDE_CANDIDATE"
"??",".runtime/n8n/.cache/n8n/public/assets/SettingsAiGatewayView-nI0udc5j.css","RUNTIME_TEMPORARY","EXCLUDE_CANDIDATE"
"??",".runtime/n8n/.cache/n8n/public/assets/SettingsApiView-DGkIote6.css","RUNTIME_TEMPORARY","EXCLUDE_CANDIDATE"
"??",".runtime/n8n/.cache/n8n/public/assets/SettingsApiView-QhOycBvA.js","RUNTIME_TEMPORARY","EXCLUDE_CANDIDATE"
"??",".runtime/n8n/.cache/n8n/public/assets/SettingsApiView-legacy-CUMLdm6Q.js","RUNTIME_TEMPORARY","EXCLUDE_CANDIDATE"
"??",".runtime/n8n/.cache/n8n/public/assets/SettingsChatHubView-Du8FqcJZ.css","RUNTIME_TEMPORARY","EXCLUDE_CANDIDATE"
"??",".runtime/n8n/.cache/n8n/public/assets/SettingsChatHubView-GsQb6gME.js","RUNTIME_TEMPORARY","EXCLUDE_CANDIDATE"
"??",".runtime/n8n/.cache/n8n/public/assets/SettingsChatHubView-legacy-DheqEArz.js","RUNTIME_TEMPORARY","EXCLUDE_CANDIDATE"
"??",".runtime/n8n/.cache/n8n/public/assets/SettingsCommunityNodesView-BgApTZSM.js","RUNTIME_TEMPORARY","EXCLUDE_CANDIDATE"
"??",".runtime/n8n/.cache/n8n/public/assets/SettingsCommunityNodesView-Bpm3x0Ii.css","RUNTIME_TEMPORARY","EXCLUDE_CANDIDATE"
"??",".runtime/n8n/.cache/n8n/public/assets/SettingsCommunityNodesView-legacy-C5ml17F1.js","RUNTIME_TEMPORARY","EXCLUDE_CANDIDATE"
"??",".runtime/n8n/.cache/n8n/public/assets/SettingsEncryptionKeys-CCI52TdA.css","RUNTIME_TEMPORARY","EXCLUDE_CANDIDATE"
"??",".runtime/n8n/.cache/n8n/public/assets/SettingsEncryptionKeys-DHjqyclz.js","RUNTIME_TEMPORARY","EXCLUDE_CANDIDATE"
"??",".runtime/n8n/.cache/n8n/public/assets/SettingsEncryptionKeys-legacy-Bw00Zm18.js","RUNTIME_TEMPORARY","EXCLUDE_CANDIDATE"
"??",".runtime/n8n/.cache/n8n/public/assets/SettingsExternalSecrets-CRoPqEYS.js","RUNTIME_TEMPORARY","EXCLUDE_CANDIDATE"
"??",".runtime/n8n/.cache/n8n/public/assets/SettingsExternalSecrets-DIZFvgUV.css","RUNTIME_TEMPORARY","EXCLUDE_CANDIDATE"
"??",".runtime/n8n/.cache/n8n/public/assets/SettingsExternalSecrets-legacy-CXmXpb4v.js","RUNTIME_TEMPORARY","EXCLUDE_CANDIDATE"
"??",".runtime/n8n/.cache/n8n/public/assets/SettingsInstanceAiView-Bl3c__Ya.css","RUNTIME_TEMPORARY","EXCLUDE_CANDIDATE"
"??",".runtime/n8n/.cache/n8n/public/assets/SettingsInstanceAiView-legacy-BGvqm39_.js","RUNTIME_TEMPORARY","EXCLUDE_CANDIDATE"
"??",".runtime/n8n/.cache/n8n/public/assets/SettingsInstanceAiView-pbtr5n09.js","RUNTIME_TEMPORARY","EXCLUDE_CANDIDATE"
"??",".runtime/n8n/.cache/n8n/public/assets/SettingsLayout-CAfQJgUY.css","RUNTIME_TEMPORARY","EXCLUDE_CANDIDATE"
"??",".runtime/n8n/.cache/n8n/public/assets/SettingsLayout-Czfk_bXv.js","RUNTIME_TEMPORARY","EXCLUDE_CANDIDATE"
"??",".runtime/n8n/.cache/n8n/public/assets/SettingsLayout-legacy-BI2H358G.js","RUNTIME_TEMPORARY","EXCLUDE_CANDIDATE"
"??",".runtime/n8n/.cache/n8n/public/assets/SettingsLdapView-BIq6oTMD.js","RUNTIME_TEMPORARY","EXCLUDE_CANDIDATE"
"??",".runtime/n8n/.cache/n8n/public/assets/SettingsLdapView-BMQzomiz.css","RUNTIME_TEMPORARY","EXCLUDE_CANDIDATE"
"??",".runtime/n8n/.cache/n8n/public/assets/SettingsLdapView-legacy-CGvo6GRZ.js","RUNTIME_TEMPORARY","EXCLUDE_CANDIDATE"
"??",".runtime/n8n/.cache/n8n/public/assets/SettingsLogStreamingView-C3ceOj3d.css","RUNTIME_TEMPORARY","EXCLUDE_CANDIDATE"
"??",".runtime/n8n/.cache/n8n/public/assets/SettingsLogStreamingView-CC6bRvha.js","RUNTIME_TEMPORARY","EXCLUDE_CANDIDATE"
"??",".runtime/n8n/.cache/n8n/public/assets/SettingsLogStreamingView-legacy-BK7KgnWx.js","RUNTIME_TEMPORARY","EXCLUDE_CANDIDATE"
"??",".runtime/n8n/.cache/n8n/public/assets/SettingsMCPClientsView-B3FGwWk6.css","RUNTIME_TEMPORARY","EXCLUDE_CANDIDATE"
"??",".runtime/n8n/.cache/n8n/public/assets/SettingsMCPClientsView-D4FsQDwO.js","RUNTIME_TEMPORARY","EXCLUDE_CANDIDATE"
"??",".runtime/n8n/.cache/n8n/public/assets/SettingsMCPClientsView-legacy-CjqVAIgJ.js","RUNTIME_TEMPORARY","EXCLUDE_CANDIDATE"
"??",".runtime/n8n/.cache/n8n/public/assets/SettingsMCPView-lbOpZrXX.css","RUNTIME_TEMPORARY","EXCLUDE_CANDIDATE"
"??",".runtime/n8n/.cache/n8n/public/assets/SettingsMCPView-legacy-PmZ8CdaX.js","RUNTIME_TEMPORARY","EXCLUDE_CANDIDATE"
"??",".runtime/n8n/.cache/n8n/public/assets/SettingsMCPView-uN7Ut-DJ.js","RUNTIME_TEMPORARY","EXCLUDE_CANDIDATE"
"??",".runtime/n8n/.cache/n8n/public/assets/SettingsMCPWorkflowsView-BiQzkkeA.css","RUNTIME_TEMPORARY","EXCLUDE_CANDIDATE"
"??",".runtime/n8n/.cache/n8n/public/assets/SettingsMCPWorkflowsView-CSgr0p_v.js","RUNTIME_TEMPORARY","EXCLUDE_CANDIDATE"
"??",".runtime/n8n/.cache/n8n/public/assets/SettingsMCPWorkflowsView-legacy-DzQb7_WT.js","RUNTIME_TEMPORARY","EXCLUDE_CANDIDATE"
"??",".runtime/n8n/.cache/n8n/public/assets/SettingsOpenTelemetryView-B9vWEcCh.css","RUNTIME_TEMPORARY","EXCLUDE_CANDIDATE"
"??",".runtime/n8n/.cache/n8n/public/assets/SettingsOpenTelemetryView-DPSd7GBr.js","RUNTIME_TEMPORARY","EXCLUDE_CANDIDATE"
"??",".runtime/n8n/.cache/n8n/public/assets/SettingsOpenTelemetryView-legacy-5EvECjgf.js","RUNTIME_TEMPORARY","EXCLUDE_CANDIDATE"
"??",".runtime/n8n/.cache/n8n/public/assets/SettingsPersonalView-0J6sMaWx.css","RUNTIME_TEMPORARY","EXCLUDE_CANDIDATE"
"??",".runtime/n8n/.cache/n8n/public/assets/SettingsPersonalView-CzPskLPt.js","RUNTIME_TEMPORARY","EXCLUDE_CANDIDATE"
"??",".runtime/n8n/.cache/n8n/public/assets/SettingsPersonalView-legacy-DkFJ7gYJ.js","RUNTIME_TEMPORARY","EXCLUDE_CANDIDATE"
"??",".runtime/n8n/.cache/n8n/public/assets/SettingsSecretsProviders-BI4wqg4o.css","RUNTIME_TEMPORARY","EXCLUDE_CANDIDATE"
"??",".runtime/n8n/.cache/n8n/public/assets/SettingsSecretsProviders.ee-Cv97POs4.js","RUNTIME_TEMPORARY","EXCLUDE_CANDIDATE"
"??",".runtime/n8n/.cache/n8n/public/assets/SettingsSecretsProviders.ee-legacy-oTvvQ9-y.js","RUNTIME_TEMPORARY","EXCLUDE_CANDIDATE"
"??",".runtime/n8n/.cache/n8n/public/assets/SettingsSourceControl-DD2D4Z7B.css","RUNTIME_TEMPORARY","EXCLUDE_CANDIDATE"
"??",".runtime/n8n/.cache/n8n/public/assets/SettingsSourceControl-DO0n_eNn.js","RUNTIME_TEMPORARY","EXCLUDE_CANDIDATE"
"??",".runtime/n8n/.cache/n8n/public/assets/SettingsSourceControl-legacy-Cktw-yAE.js","RUNTIME_TEMPORARY","EXCLUDE_CANDIDATE"
"??",".runtime/n8n/.cache/n8n/public/assets/SettingsSso-Cp53ti6u.css","RUNTIME_TEMPORARY","EXCLUDE_CANDIDATE"
"??",".runtime/n8n/.cache/n8n/public/assets/SettingsSso-DKdqDqnB.js","RUNTIME_TEMPORARY","EXCLUDE_CANDIDATE"
"??",".runtime/n8n/.cache/n8n/public/assets/SettingsSso-legacy-Br7UgUhk.js","RUNTIME_TEMPORARY","EXCLUDE_CANDIDATE"
"??",".runtime/n8n/.cache/n8n/public/assets/SettingsUsageAndPlan-Chs6ETU8.js","RUNTIME_TEMPORARY","EXCLUDE_CANDIDATE"
"??",".runtime/n8n/.cache/n8n/public/assets/SettingsUsageAndPlan-WFwRBUxP.css","RUNTIME_TEMPORARY","EXCLUDE_CANDIDATE"
"??",".runtime/n8n/.cache/n8n/public/assets/SettingsUsageAndPlan-legacy-DyYawYdz.js","RUNTIME_TEMPORARY","EXCLUDE_CANDIDATE"
"??",".runtime/n8n/.cache/n8n/public/assets/SettingsUsersView-CQ0kZrqn.css","RUNTIME_TEMPORARY","EXCLUDE_CANDIDATE"
"??",".runtime/n8n/.cache/n8n/public/assets/SettingsUsersView-Dj32wjIb.js","RUNTIME_TEMPORARY","EXCLUDE_CANDIDATE"
"??",".runtime/n8n/.cache/n8n/public/assets/SettingsUsersView-legacy-D2gB0SRF.js","RUNTIME_TEMPORARY","EXCLUDE_CANDIDATE"
"??",".runtime/n8n/.cache/n8n/public/assets/SetupTemplateFormStep-3ogHiUKu.css","RUNTIME_TEMPORARY","EXCLUDE_CANDIDATE"
"??",".runtime/n8n/.cache/n8n/public/assets/SetupTemplateFormStep-CsxCjt07.js","RUNTIME_TEMPORARY","EXCLUDE_CANDIDATE"
"??",".runtime/n8n/.cache/n8n/public/assets/SetupTemplateFormStep-legacy-BqGfkivu.js","RUNTIME_TEMPORARY","EXCLUDE_CANDIDATE"
"??",".runtime/n8n/.cache/n8n/public/assets/SetupView-Ce8R_9f-.js","RUNTIME_TEMPORARY","EXCLUDE_CANDIDATE"
"??",".runtime/n8n/.cache/n8n/public/assets/SetupView-legacy-BezTMYyO.js","RUNTIME_TEMPORARY","EXCLUDE_CANDIDATE"
"??",".runtime/n8n/.cache/n8n/public/assets/SetupWorkflowCredentialsButton-BEw_RKpb.js","RUNTIME_TEMPORARY","EXCLUDE_CANDIDATE"
"??",".runtime/n8n/.cache/n8n/public/assets/SetupWorkflowCredentialsButton-legacy-1kqKemHu.js","RUNTIME_TEMPORARY","EXCLUDE_CANDIDATE"
"??",".runtime/n8n/.cache/n8n/public/assets/SetupWorkflowFromTemplateView-BiT8xweI.js","RUNTIME_TEMPORARY","EXCLUDE_CANDIDATE"
"??",".runtime/n8n/.cache/n8n/public/assets/SetupWorkflowFromTemplateView-DYQqZ--Q.css","RUNTIME_TEMPORARY","EXCLUDE_CANDIDATE"
"??",".runtime/n8n/.cache/n8n/public/assets/SetupWorkflowFromTemplateView-legacy-BWo9hl8P.js","RUNTIME_TEMPORARY","EXCLUDE_CANDIDATE"
"??",".runtime/n8n/.cache/n8n/public/assets/SeverityTag-86GyP_Zl.css","RUNTIME_TEMPORARY","EXCLUDE_CANDIDATE"
"??",".runtime/n8n/.cache/n8n/public/assets/SeverityTag-fNyk90Oz.js","RUNTIME_TEMPORARY","EXCLUDE_CANDIDATE"
"??",".runtime/n8n/.cache/n8n/public/assets/SeverityTag-legacy-CiVvsKcl.js","RUNTIME_TEMPORARY","EXCLUDE_CANDIDATE"
"??",".runtime/n8n/.cache/n8n/public/assets/SigninView-BP8bl3_t.css","RUNTIME_TEMPORARY","EXCLUDE_CANDIDATE"
"??",".runtime/n8n/.cache/n8n/public/assets/SigninView-CGkYiW0T.js","RUNTIME_TEMPORARY","EXCLUDE_CANDIDATE"
"??",".runtime/n8n/.cache/n8n/public/assets/SigninView-legacy-BZ5HghKD.js","RUNTIME_TEMPORARY","EXCLUDE_CANDIDATE"
"??",".runtime/n8n/.cache/n8n/public/assets/SignoutView-BR9mlUXB.js","RUNTIME_TEMPORARY","EXCLUDE_CANDIDATE"
"??",".runtime/n8n/.cache/n8n/public/assets/SignoutView-legacy-DDXgLNls.js","RUNTIME_TEMPORARY","EXCLUDE_CANDIDATE"
"??",".runtime/n8n/.cache/n8n/public/assets/SignupView-DZc3XYyv.js","RUNTIME_TEMPORARY","EXCLUDE_CANDIDATE"
"??",".runtime/n8n/.cache/n8n/public/assets/SignupView-legacy-_xt8r5Rr.js","RUNTIME_TEMPORARY","EXCLUDE_CANDIDATE"
"??",".runtime/n8n/.cache/n8n/public/assets/SkeletonAgentCard-BLoSpxbd.css","RUNTIME_TEMPORARY","EXCLUDE_CANDIDATE"
"??",".runtime/n8n/.cache/n8n/public/assets/SkeletonAgentCard-Bq_4-xvJ.js","RUNTIME_TEMPORARY","EXCLUDE_CANDIDATE"
"??",".runtime/n8n/.cache/n8n/public/assets/SkeletonAgentCard-legacy-B90a4QZn.js","RUNTIME_TEMPORARY","EXCLUDE_CANDIDATE"
"??",".runtime/n8n/.cache/n8n/public/assets/SurfaceMcpBridgeGraphic-CWVd0l2r.js","RUNTIME_TEMPORARY","EXCLUDE_CANDIDATE"
"??",".runtime/n8n/.cache/n8n/public/assets/SurfaceMcpBridgeGraphic-hYOIccQq.css","RUNTIME_TEMPORARY","EXCLUDE_CANDIDATE"
"??",".runtime/n8n/.cache/n8n/public/assets/SurfaceMcpBridgeGraphic-legacy-BTzs_ALC.js","RUNTIME_TEMPORARY","EXCLUDE_CANDIDATE"
"??",".runtime/n8n/.cache/n8n/public/assets/SurfaceMcpFirstOpenIntroModal-CaNIb6cI.js","RUNTIME_TEMPORARY","EXCLUDE_CANDIDATE"
"??",".runtime/n8n/.cache/n8n/public/assets/SurfaceMcpFirstOpenIntroModal-DgbIE7eV.css","RUNTIME_TEMPORARY","EXCLUDE_CANDIDATE"
"??",".runtime/n8n/.cache/n8n/public/assets/SurfaceMcpFirstOpenIntroModal-legacy-DjqwgB-d.js","RUNTIME_TEMPORARY","EXCLUDE_CANDIDATE"
"??",".runtime/n8n/.cache/n8n/public/assets/TagsDropdown-BhpNFWHz.css","RUNTIME_TEMPORARY","EXCLUDE_CANDIDATE"
"??",".runtime/n8n/.cache/n8n/public/assets/TagsDropdown-CMQO3WVf.js","RUNTIME_TEMPORARY","EXCLUDE_CANDIDATE"
"??",".runtime/n8n/.cache/n8n/public/assets/TagsDropdown-legacy-B3IQMMF1.js","RUNTIME_TEMPORARY","EXCLUDE_CANDIDATE"
"??",".runtime/n8n/.cache/n8n/public/assets/TemplateList-2zS_uKDX.css","RUNTIME_TEMPORARY","EXCLUDE_CANDIDATE"
"??",".runtime/n8n/.cache/n8n/public/assets/TemplateList-Dd9HiDuq.js","RUNTIME_TEMPORARY","EXCLUDE_CANDIDATE"
"??",".runtime/n8n/.cache/n8n/public/assets/TemplateList-legacy-BtqyakK8.js","RUNTIME_TEMPORARY","EXCLUDE_CANDIDATE"
"??",".runtime/n8n/.cache/n8n/public/assets/TemplatesCollectionView-B1iJVLA1.css","RUNTIME_TEMPORARY","EXCLUDE_CANDIDATE"
"??",".runtime/n8n/.cache/n8n/public/assets/TemplatesCollectionView-fMvsAyWb.js","RUNTIME_TEMPORARY","EXCLUDE_CANDIDATE"
"??",".runtime/n8n/.cache/n8n/public/assets/TemplatesCollectionView-legacy-CrWEJFjU.js","RUNTIME_TEMPORARY","EXCLUDE_CANDIDATE"
"??",".runtime/n8n/.cache/n8n/public/assets/TemplatesSearchView-4Q5oaoiz.css","RUNTIME_TEMPORARY","EXCLUDE_CANDIDATE"
"??",".runtime/n8n/.cache/n8n/public/assets/TemplatesSearchView-B-zEe1hG.js","RUNTIME_TEMPORARY","EXCLUDE_CANDIDATE"
"??",".runtime/n8n/.cache/n8n/public/assets/TemplatesSearchView-legacy-C4cunTDg.js","RUNTIME_TEMPORARY","EXCLUDE_CANDIDATE"
"??",".runtime/n8n/.cache/n8n/public/assets/TemplatesView-CWl8ak1Q.js","RUNTIME_TEMPORARY","EXCLUDE_CANDIDATE"
"??",".runtime/n8n/.cache/n8n/public/assets/TemplatesView-C_lvJ1Iz.css","RUNTIME_TEMPORARY","EXCLUDE_CANDIDATE"
"??",".runtime/n8n/.cache/n8n/public/assets/TemplatesView-legacy-HTw3kPhe.js","RUNTIME_TEMPORARY","EXCLUDE_CANDIDATE"
"??",".runtime/n8n/.cache/n8n/public/assets/TemplatesWorkflowView-By_yDl8p.js","RUNTIME_TEMPORARY","EXCLUDE_CANDIDATE"
"??",".runtime/n8n/.cache/n8n/public/assets/TemplatesWorkflowView-_ap9MbQd.css","RUNTIME_TEMPORARY","EXCLUDE_CANDIDATE"
"??",".runtime/n8n/.cache/n8n/public/assets/TemplatesWorkflowView-legacy-DmI4pIKl.js","RUNTIME_TEMPORARY","EXCLUDE_CANDIDATE"
"??",".runtime/n8n/.cache/n8n/public/assets/TestRunDetailView-BLkqFGYy.css","RUNTIME_TEMPORARY","EXCLUDE_CANDIDATE"
"??",".runtime/n8n/.cache/n8n/public/assets/TestRunDetailView-jA1PS5_R.js","RUNTIME_TEMPORARY","EXCLUDE_CANDIDATE"
"??",".runtime/n8n/.cache/n8n/public/assets/TestRunDetailView-legacy-snUBhtE5.js","RUNTIME_TEMPORARY","EXCLUDE_CANDIDATE"
"??",".runtime/n8n/.cache/n8n/public/assets/TextWithHighlights-BDuEExs_.js","RUNTIME_TEMPORARY","EXCLUDE_CANDIDATE"
"??",".runtime/n8n/.cache/n8n/public/assets/TextWithHighlights-CnnnTpA3.css","RUNTIME_TEMPORARY","EXCLUDE_CANDIDATE"
"??",".runtime/n8n/.cache/n8n/public/assets/TextWithHighlights-legacy-CUGl8wFm.js","RUNTIME_TEMPORARY","EXCLUDE_CANDIDATE"
"??",".runtime/n8n/.cache/n8n/public/assets/TimeAgo-DdkK_H85.js","RUNTIME_TEMPORARY","EXCLUDE_CANDIDATE"
"??",".runtime/n8n/.cache/n8n/public/assets/TimeAgo-legacy-Blw-PnWm.js","RUNTIME_TEMPORARY","EXCLUDE_CANDIDATE"
"??",".runtime/n8n/.cache/n8n/public/assets/ToolSettingsModal-C18pRZkB.js","RUNTIME_TEMPORARY","EXCLUDE_CANDIDATE"
"??",".runtime/n8n/.cache/n8n/public/assets/ToolSettingsModal-DbO4eYkr.css","RUNTIME_TEMPORARY","EXCLUDE_CANDIDATE"
"??",".runtime/n8n/.cache/n8n/public/assets/ToolSettingsModal-legacy-B-JKeuQ6.js","RUNTIME_TEMPORARY","EXCLUDE_CANDIDATE"
"??",".runtime/n8n/.cache/n8n/public/assets/ToolsManagerModal-ABzWZxuj.js","RUNTIME_TEMPORARY","EXCLUDE_CANDIDATE"
"??",".runtime/n8n/.cache/n8n/public/assets/ToolsManagerModal-legacy-JLwPLH9_.js","RUNTIME_TEMPORARY","EXCLUDE_CANDIDATE"
"??",".runtime/n8n/.cache/n8n/public/assets/ToolsManagerModal-w1VQ_YNt.css","RUNTIME_TEMPORARY","EXCLUDE_CANDIDATE"
"??",".runtime/n8n/.cache/n8n/public/assets/ToolsSelector-CFnF06ln.js","RUNTIME_TEMPORARY","EXCLUDE_CANDIDATE"
"??",".runtime/n8n/.cache/n8n/public/assets/ToolsSelector-DV0l6M9-.css","RUNTIME_TEMPORARY","EXCLUDE_CANDIDATE"
"??",".runtime/n8n/.cache/n8n/public/assets/ToolsSelector-legacy-CuPBBLQ9.js","RUNTIME_TEMPORARY","EXCLUDE_CANDIDATE"
"??",".runtime/n8n/.cache/n8n/public/assets/TriggerPanel-DXc7ywmZ.css","RUNTIME_TEMPORARY","EXCLUDE_CANDIDATE"
"??",".runtime/n8n/.cache/n8n/public/assets/TriggerPanel-XDqZnAsK.js","RUNTIME_TEMPORARY","EXCLUDE_CANDIDATE"
"??",".runtime/n8n/.cache/n8n/public/assets/TriggerPanel-legacy-C1NWnlW2.js","RUNTIME_TEMPORARY","EXCLUDE_CANDIDATE"
"??",".runtime/n8n/.cache/n8n/public/assets/VirtualSchema-4CgZOyYt.css","RUNTIME_TEMPORARY","EXCLUDE_CANDIDATE"
"??",".runtime/n8n/.cache/n8n/public/assets/VirtualSchema-BJ3KQbtV.js","RUNTIME_TEMPORARY","EXCLUDE_CANDIDATE"
"??",".runtime/n8n/.cache/n8n/public/assets/VirtualSchema-f5lrq1aK.js","RUNTIME_TEMPORARY","EXCLUDE_CANDIDATE"
"??",".runtime/n8n/.cache/n8n/public/assets/VirtualSchema-legacy-BN_3Nuhr.js","RUNTIME_TEMPORARY","EXCLUDE_CANDIDATE"
"??",".runtime/n8n/.cache/n8n/public/assets/VirtualSchema-legacy-rM6iQ1CH.js","RUNTIME_TEMPORARY","EXCLUDE_CANDIDATE"
"??",".runtime/n8n/.cache/n8n/public/assets/VueMarkdown-k6BM7H0U.js","RUNTIME_TEMPORARY","EXCLUDE_CANDIDATE"
"??",".runtime/n8n/.cache/n8n/public/assets/VueMarkdown-legacy-bIx0lZ3r.js","RUNTIME_TEMPORARY","EXCLUDE_CANDIDATE"
"??",".runtime/n8n/.cache/n8n/public/assets/WorkerView-B3GugdA5.js","RUNTIME_TEMPORARY","EXCLUDE_CANDIDATE"
"??",".runtime/n8n/.cache/n8n/public/assets/WorkerView-CB4Eo_PR.css","RUNTIME_TEMPORARY","EXCLUDE_CANDIDATE"
"??",".runtime/n8n/.cache/n8n/public/assets/WorkerView-legacy-BvMJQq2a.js","RUNTIME_TEMPORARY","EXCLUDE_CANDIDATE"
"??",".runtime/n8n/.cache/n8n/public/assets/WorkflowBuilderUnavailableNotice-CA7eqDQP.css","RUNTIME_TEMPORARY","EXCLUDE_CANDIDATE"
"??",".runtime/n8n/.cache/n8n/public/assets/WorkflowBuilderUnavailableNotice-haq2UXm6.js","RUNTIME_TEMPORARY","EXCLUDE_CANDIDATE"
"??",".runtime/n8n/.cache/n8n/public/assets/WorkflowBuilderUnavailableNotice-legacy-zH_ic8Yk.js","RUNTIME_TEMPORARY","EXCLUDE_CANDIDATE"
"??",".runtime/n8n/.cache/n8n/public/assets/WorkflowDiffView-AXYJbw3w.css","RUNTIME_TEMPORARY","EXCLUDE_CANDIDATE"
"??",".runtime/n8n/.cache/n8n/public/assets/WorkflowDiffView-CACSFgza.js","RUNTIME_TEMPORARY","EXCLUDE_CANDIDATE"
"??",".runtime/n8n/.cache/n8n/public/assets/WorkflowDiffView-legacy-BpvAH4m-.js","RUNTIME_TEMPORARY","EXCLUDE_CANDIDATE"
"??",".runtime/n8n/.cache/n8n/public/assets/WorkflowExecutionsInfoAccordion-C0fCytSh.css","RUNTIME_TEMPORARY","EXCLUDE_CANDIDATE"
"??",".runtime/n8n/.cache/n8n/public/assets/WorkflowExecutionsInfoAccordion-CD8CM5EA.js","RUNTIME_TEMPORARY","EXCLUDE_CANDIDATE"
"??",".runtime/n8n/.cache/n8n/public/assets/WorkflowExecutionsInfoAccordion-legacy-pAikwx-d.js","RUNTIME_TEMPORARY","EXCLUDE_CANDIDATE"
"??",".runtime/n8n/.cache/n8n/public/assets/WorkflowExecutionsLandingPage-BcR0F7jv.js","RUNTIME_TEMPORARY","EXCLUDE_CANDIDATE"
"??",".runtime/n8n/.cache/n8n/public/assets/WorkflowExecutionsLandingPage-CaK9KtYY.css","RUNTIME_TEMPORARY","EXCLUDE_CANDIDATE"
"??",".runtime/n8n/.cache/n8n/public/assets/WorkflowExecutionsLandingPage-legacy-BYiy0bVh.js","RUNTIME_TEMPORARY","EXCLUDE_CANDIDATE"
"??",".runtime/n8n/.cache/n8n/public/assets/WorkflowExecutionsPreview-BzFF3x22.css","RUNTIME_TEMPORARY","EXCLUDE_CANDIDATE"
"??",".runtime/n8n/.cache/n8n/public/assets/WorkflowExecutionsPreview-DiZ6MAS5.js","RUNTIME_TEMPORARY","EXCLUDE_CANDIDATE"
"??",".runtime/n8n/.cache/n8n/public/assets/WorkflowExecutionsPreview-legacy-DU2yAWGo.js","RUNTIME_TEMPORARY","EXCLUDE_CANDIDATE"
"??",".runtime/n8n/.cache/n8n/public/assets/WorkflowExecutionsView-D3Bgjlxt.css","RUNTIME_TEMPORARY","EXCLUDE_CANDIDATE"
"??",".runtime/n8n/.cache/n8n/public/assets/WorkflowExecutionsView-JeN-4tsX.js","RUNTIME_TEMPORARY","EXCLUDE_CANDIDATE"
"??",".runtime/n8n/.cache/n8n/public/assets/WorkflowExecutionsView-legacy-EE1Q12PH.js","RUNTIME_TEMPORARY","EXCLUDE_CANDIDATE"
"??",".runtime/n8n/.cache/n8n/public/assets/WorkflowHistory-BSQdMXuJ.js","RUNTIME_TEMPORARY","EXCLUDE_CANDIDATE"
"??",".runtime/n8n/.cache/n8n/public/assets/WorkflowHistory-DV7NLviX.css","RUNTIME_TEMPORARY","EXCLUDE_CANDIDATE"
"??",".runtime/n8n/.cache/n8n/public/assets/WorkflowHistory-legacy-BMEhyTYg.js","RUNTIME_TEMPORARY","EXCLUDE_CANDIDATE"
"??",".runtime/n8n/.cache/n8n/public/assets/WorkflowLayout-BHgH8_L_.css","RUNTIME_TEMPORARY","EXCLUDE_CANDIDATE"
"??",".runtime/n8n/.cache/n8n/public/assets/WorkflowLayout-BqbnyVEy.js","RUNTIME_TEMPORARY","EXCLUDE_CANDIDATE"
"??",".runtime/n8n/.cache/n8n/public/assets/WorkflowLayout-legacy-CuAqcXS2.js","RUNTIME_TEMPORARY","EXCLUDE_CANDIDATE"
"??",".runtime/n8n/.cache/n8n/public/assets/WorkflowLocation-5FNLR0wP.js","RUNTIME_TEMPORARY","EXCLUDE_CANDIDATE"
"??",".runtime/n8n/.cache/n8n/public/assets/WorkflowLocation-IWfWz4TK.css","RUNTIME_TEMPORARY","EXCLUDE_CANDIDATE"
"??",".runtime/n8n/.cache/n8n/public/assets/WorkflowLocation-legacy-BG-UM7AF.js","RUNTIME_TEMPORARY","EXCLUDE_CANDIDATE"
"??",".runtime/n8n/.cache/n8n/public/assets/WorkflowOnboardingView-BF6btqLn.js","RUNTIME_TEMPORARY","EXCLUDE_CANDIDATE"
"??",".runtime/n8n/.cache/n8n/public/assets/WorkflowOnboardingView-legacy-CpFA3n7d.js","RUNTIME_TEMPORARY","EXCLUDE_CANDIDATE"
"??",".runtime/n8n/.cache/n8n/public/assets/WorkflowPreviewHost-B2weEwtk.js","RUNTIME_TEMPORARY","EXCLUDE_CANDIDATE"
"??",".runtime/n8n/.cache/n8n/public/assets/WorkflowPreviewHost-legacy-BkVCxLnI.js","RUNTIME_TEMPORARY","EXCLUDE_CANDIDATE"
"??",".runtime/n8n/.cache/n8n/public/assets/WorkflowPreviewHost-viydtbHu.css","RUNTIME_TEMPORARY","EXCLUDE_CANDIDATE"
"??",".runtime/n8n/.cache/n8n/public/assets/WorkflowReviewRequestsView-8Sb9I6cE.css","RUNTIME_TEMPORARY","EXCLUDE_CANDIDATE"
"??",".runtime/n8n/.cache/n8n/public/assets/WorkflowReviewRequestsView-IdoJbQ0_.js","RUNTIME_TEMPORARY","EXCLUDE_CANDIDATE"
"??",".runtime/n8n/.cache/n8n/public/assets/WorkflowReviewRequestsView-legacy-YOJgW9eT.js","RUNTIME_TEMPORARY","EXCLUDE_CANDIDATE"
"??",".runtime/n8n/.cache/n8n/public/assets/WorkflowTagsDropdown-R3s5Ms7o.js","RUNTIME_TEMPORARY","EXCLUDE_CANDIDATE"
"??",".runtime/n8n/.cache/n8n/public/assets/WorkflowTagsDropdown-legacy-BMwbdBQE.js","RUNTIME_TEMPORARY","EXCLUDE_CANDIDATE"
"??",".runtime/n8n/.cache/n8n/public/assets/WorkflowsView-CVKIjaHt.css","RUNTIME_TEMPORARY","EXCLUDE_CANDIDATE"
"??",".runtime/n8n/.cache/n8n/public/assets/WorkflowsView-legacy-DM9sDTk4.js","RUNTIME_TEMPORARY","EXCLUDE_CANDIDATE"
"??",".runtime/n8n/.cache/n8n/public/assets/WorkflowsView-nJNaK8VU.js","RUNTIME_TEMPORARY","EXCLUDE_CANDIDATE"
"??",".runtime/n8n/.cache/n8n/public/assets/_MapCache-BRJ6_vGc.js","RUNTIME_TEMPORARY","EXCLUDE_CANDIDATE"
"??",".runtime/n8n/.cache/n8n/public/assets/_MapCache-legacy-DEYvlvnv.js","RUNTIME_TEMPORARY","EXCLUDE_CANDIDATE"
"??",".runtime/n8n/.cache/n8n/public/assets/__vite-browser-external-UacuFZX_.js","RUNTIME_TEMPORARY","EXCLUDE_CANDIDATE"
"??",".runtime/n8n/.cache/n8n/public/assets/__vite-browser-external-legacy-CLKu8Awv.js","RUNTIME_TEMPORARY","EXCLUDE_CANDIDATE"
"??",".runtime/n8n/.cache/n8n/public/assets/_baseOrderBy-90DMdYc7.js","RUNTIME_TEMPORARY","EXCLUDE_CANDIDATE"
"??",".runtime/n8n/.cache/n8n/public/assets/_baseOrderBy-legacy-CEpuz_se.js","RUNTIME_TEMPORARY","EXCLUDE_CANDIDATE"
"??",".runtime/n8n/.cache/n8n/public/assets/_initCloneObject-D4X8bigL.js","RUNTIME_TEMPORARY","EXCLUDE_CANDIDATE"
"??",".runtime/n8n/.cache/n8n/public/assets/_initCloneObject-legacy-3ZdU7Wbz.js","RUNTIME_TEMPORARY","EXCLUDE_CANDIDATE"
"??",".runtime/n8n/.cache/n8n/public/assets/_plugin-vue_export-helper-BIbS6m_g.js","RUNTIME_TEMPORARY","EXCLUDE_CANDIDATE"
"??",".runtime/n8n/.cache/n8n/public/assets/_plugin-vue_export-helper-legacy-UtUisl6c.js","RUNTIME_TEMPORARY","EXCLUDE_CANDIDATE"
"??",".runtime/n8n/.cache/n8n/public/assets/agent-panel-DyWV4YF1.css","RUNTIME_TEMPORARY","EXCLUDE_CANDIDATE"
"??",".runtime/n8n/.cache/n8n/public/assets/agent-panel.module-CuK4wWEf.js","RUNTIME_TEMPORARY","EXCLUDE_CANDIDATE"
"??",".runtime/n8n/.cache/n8n/public/assets/agent-panel.module-legacy-BEKOZESx.js","RUNTIME_TEMPORARY","EXCLUDE_CANDIDATE"
"??",".runtime/n8n/.cache/n8n/public/assets/agentReturnContext.store-CA5E5_W-.js","RUNTIME_TEMPORARY","EXCLUDE_CANDIDATE"
"??",".runtime/n8n/.cache/n8n/public/assets/agentReturnContext.store-legacy-2Gd8bg8q.js","RUNTIME_TEMPORARY","EXCLUDE_CANDIDATE"
"??",".runtime/n8n/.cache/n8n/public/assets/agentSkill-CvjZ9mbf.js","RUNTIME_TEMPORARY","EXCLUDE_CANDIDATE"
"??",".runtime/n8n/.cache/n8n/public/assets/agentSkill-Dr3BEwIG.css","RUNTIME_TEMPORARY","EXCLUDE_CANDIDATE"
"??",".runtime/n8n/.cache/n8n/public/assets/agentSkill-legacy-CkI6k02K.js","RUNTIME_TEMPORARY","EXCLUDE_CANDIDATE"
"??",".runtime/n8n/.cache/n8n/public/assets/aiTemplatesStarterCollection.store-Br-2YBoL.js","RUNTIME_TEMPORARY","EXCLUDE_CANDIDATE"
"??",".runtime/n8n/.cache/n8n/public/assets/aiTemplatesStarterCollection.store-legacy-CDxQteQq.js","RUNTIME_TEMPORARY","EXCLUDE_CANDIDATE"
"??",".runtime/n8n/.cache/n8n/public/assets/apiKeys.store-BAzkWgqb.js","RUNTIME_TEMPORARY","EXCLUDE_CANDIDATE"
"??",".runtime/n8n/.cache/n8n/public/assets/apiKeys.store-legacy-BN10JtB7.js","RUNTIME_TEMPORARY","EXCLUDE_CANDIDATE"
"??",".runtime/n8n/.cache/n8n/public/assets/assert-Dy6-I0E4.js","RUNTIME_TEMPORARY","EXCLUDE_CANDIDATE"
"??",".runtime/n8n/.cache/n8n/public/assets/assert-legacy-DKEM-KhQ.js","RUNTIME_TEMPORARY","EXCLUDE_CANDIDATE"
"??",".runtime/n8n/.cache/n8n/public/assets/assistant.store-DIalJF4K.js","RUNTIME_TEMPORARY","EXCLUDE_CANDIDATE"
"??",".runtime/n8n/.cache/n8n/public/assets/assistant.store-legacy-BQ1QFCiK.js","RUNTIME_TEMPORARY","EXCLUDE_CANDIDATE"
"??",".runtime/n8n/.cache/n8n/public/assets/auth.eventBus-BGtUXgcE.js","RUNTIME_TEMPORARY","EXCLUDE_CANDIDATE"
"??",".runtime/n8n/.cache/n8n/public/assets/auth.eventBus-legacy-CCXVbNHw.js","RUNTIME_TEMPORARY","EXCLUDE_CANDIDATE"
"??",".runtime/n8n/.cache/n8n/public/assets/banners-CfXPQxke.css","RUNTIME_TEMPORARY","EXCLUDE_CANDIDATE"
"??",".runtime/n8n/.cache/n8n/public/assets/banners.store-CXuJz6Il.js","RUNTIME_TEMPORARY","EXCLUDE_CANDIDATE"
"??",".runtime/n8n/.cache/n8n/public/assets/banners.store-legacy-DOoSfkM7.js","RUNTIME_TEMPORARY","EXCLUDE_CANDIDATE"
"??",".runtime/n8n/.cache/n8n/public/assets/builder.store-CpIyMrZG.js","RUNTIME_TEMPORARY","EXCLUDE_CANDIDATE"
"??",".runtime/n8n/.cache/n8n/public/assets/builder.store-legacy-DxfOc1tq.js","RUNTIME_TEMPORARY","EXCLUDE_CANDIDATE"
"??",".runtime/n8n/.cache/n8n/public/assets/buttons.esm-DhaYnsl4.js","RUNTIME_TEMPORARY","EXCLUDE_CANDIDATE"
"??",".runtime/n8n/.cache/n8n/public/assets/buttons.esm-legacy-CQpG39Yr.js","RUNTIME_TEMPORARY","EXCLUDE_CANDIDATE"
"??",".runtime/n8n/.cache/n8n/public/assets/canvas.eventBus-DVxFfzo7.js","RUNTIME_TEMPORARY","EXCLUDE_CANDIDATE"
"??",".runtime/n8n/.cache/n8n/public/assets/canvas.eventBus-legacy-CofDUTaE.js","RUNTIME_TEMPORARY","EXCLUDE_CANDIDATE"
"??",".runtime/n8n/.cache/n8n/public/assets/chart-Vy0J7OyC.js","RUNTIME_TEMPORARY","EXCLUDE_CANDIDATE"
"??",".runtime/n8n/.cache/n8n/public/assets/chart-legacy-D5ztAZTI.js","RUNTIME_TEMPORARY","EXCLUDE_CANDIDATE"
"??",".runtime/n8n/.cache/n8n/public/assets/chartjs.utils-legacy-KND2m2h0.js","RUNTIME_TEMPORARY","EXCLUDE_CANDIDATE"
"??",".runtime/n8n/.cache/n8n/public/assets/chartjs.utils-pFc_Pb25.js","RUNTIME_TEMPORARY","EXCLUDE_CANDIDATE"
"??",".runtime/n8n/.cache/n8n/public/assets/chat.store-BLJrCPXi.js","RUNTIME_TEMPORARY","EXCLUDE_CANDIDATE"
"??",".runtime/n8n/.cache/n8n/public/assets/chat.store-legacy-BVrz4OJ7.js","RUNTIME_TEMPORARY","EXCLUDE_CANDIDATE"
"??",".runtime/n8n/.cache/n8n/public/assets/chat.utils-C_j5onuO.js","RUNTIME_TEMPORARY","EXCLUDE_CANDIDATE"
"??",".runtime/n8n/.cache/n8n/public/assets/chat.utils-legacy-5Vehu51Z.js","RUNTIME_TEMPORARY","EXCLUDE_CANDIDATE"
"??",".runtime/n8n/.cache/n8n/public/assets/chatHubPanel.store-cb4Q2Hb_.js","RUNTIME_TEMPORARY","EXCLUDE_CANDIDATE"
"??",".runtime/n8n/.cache/n8n/public/assets/chatHubPanel.store-legacy-B1_9td93.js","RUNTIME_TEMPORARY","EXCLUDE_CANDIDATE"
"??",".runtime/n8n/.cache/n8n/public/assets/chatPanel.store-BI9x9_Rd.js","RUNTIME_TEMPORARY","EXCLUDE_CANDIDATE"
"??",".runtime/n8n/.cache/n8n/public/assets/chatPanel.store-legacy-Dr2h2DTQ.js","RUNTIME_TEMPORARY","EXCLUDE_CANDIDATE"
"??",".runtime/n8n/.cache/n8n/public/assets/chunk-CP4DzEB8.js","RUNTIME_TEMPORARY","EXCLUDE_CANDIDATE"
"??",".runtime/n8n/.cache/n8n/public/assets/chunk-legacy-C3IUIlwT.js","RUNTIME_TEMPORARY","EXCLUDE_CANDIDATE"
"??",".runtime/n8n/.cache/n8n/public/assets/clients.utils-Cjvhmaqm.js","RUNTIME_TEMPORARY","EXCLUDE_CANDIDATE"
"??",".runtime/n8n/.cache/n8n/public/assets/clients.utils-legacy-ChMdnKbN.js","RUNTIME_TEMPORARY","EXCLUDE_CANDIDATE"
"??",".runtime/n8n/.cache/n8n/public/assets/cloudPlan.store-DkVoR2hh.js","RUNTIME_TEMPORARY","EXCLUDE_CANDIDATE"
"??",".runtime/n8n/.cache/n8n/public/assets/cloudPlan.store-legacy-rLTmRlh8.js","RUNTIME_TEMPORARY","EXCLUDE_CANDIDATE"
"??",".runtime/n8n/.cache/n8n/public/assets/col-BE31EAIT.js","RUNTIME_TEMPORARY","EXCLUDE_CANDIDATE"
"??",".runtime/n8n/.cache/n8n/public/assets/col-legacy-D-85WeTh.js","RUNTIME_TEMPORARY","EXCLUDE_CANDIDATE"
"??",".runtime/n8n/.cache/n8n/public/assets/collaboration.store-BOrDqnbB.js","RUNTIME_TEMPORARY","EXCLUDE_CANDIDATE"
"??",".runtime/n8n/.cache/n8n/public/assets/collaboration.store-legacy-Bf95gT2d.js","RUNTIME_TEMPORARY","EXCLUDE_CANDIDATE"
"??",".runtime/n8n/.cache/n8n/public/assets/comlink-BEIGzzCa.js","RUNTIME_TEMPORARY","EXCLUDE_CANDIDATE"
"??",".runtime/n8n/.cache/n8n/public/assets/comlink-legacy-Pe-Vo1uV.js","RUNTIME_TEMPORARY","EXCLUDE_CANDIDATE"
"??",".runtime/n8n/.cache/n8n/public/assets/communityNodes.store-Bo2cqj2e.js","RUNTIME_TEMPORARY","EXCLUDE_CANDIDATE"
"??",".runtime/n8n/.cache/n8n/public/assets/communityNodes.store-legacy-kJaGXVdY.js","RUNTIME_TEMPORARY","EXCLUDE_CANDIDATE"
"??",".runtime/n8n/.cache/n8n/public/assets/constants-BbpwShMQ.js","RUNTIME_TEMPORARY","EXCLUDE_CANDIDATE"
"??",".runtime/n8n/.cache/n8n/public/assets/constants-CAEgX1wy.js","RUNTIME_TEMPORARY","EXCLUDE_CANDIDATE"
"??",".runtime/n8n/.cache/n8n/public/assets/constants-Csw9DUx3.js","RUNTIME_TEMPORARY","EXCLUDE_CANDIDATE"
"??",".runtime/n8n/.cache/n8n/public/assets/constants-D9DIHKSr.js","RUNTIME_TEMPORARY","EXCLUDE_CANDIDATE"
"??",".runtime/n8n/.cache/n8n/public/assets/constants-DQf3gXmi.js","RUNTIME_TEMPORARY","EXCLUDE_CANDIDATE"
"??",".runtime/n8n/.cache/n8n/public/assets/constants-DdhF5YMH.js","RUNTIME_TEMPORARY","EXCLUDE_CANDIDATE"
"??",".runtime/n8n/.cache/n8n/public/assets/constants-lCu3CfHM.js","RUNTIME_TEMPORARY","EXCLUDE_CANDIDATE"
"??",".runtime/n8n/.cache/n8n/public/assets/constants-legacy-BOSLudx-.js","RUNTIME_TEMPORARY","EXCLUDE_CANDIDATE"
"??",".runtime/n8n/.cache/n8n/public/assets/constants-legacy-CFhf9_hH.js","RUNTIME_TEMPORARY","EXCLUDE_CANDIDATE"
"??",".runtime/n8n/.cache/n8n/public/assets/constants-legacy-CXbkPIyr.js","RUNTIME_TEMPORARY","EXCLUDE_CANDIDATE"
"??",".runtime/n8n/.cache/n8n/public/assets/constants-legacy-DRcPzkw-.js","RUNTIME_TEMPORARY","EXCLUDE_CANDIDATE"
"??",".runtime/n8n/.cache/n8n/public/assets/constants-legacy-DuDKbsL-.js","RUNTIME_TEMPORARY","EXCLUDE_CANDIDATE"
"??",".runtime/n8n/.cache/n8n/public/assets/constants-legacy-Q6cWY-bZ.js","RUNTIME_TEMPORARY","EXCLUDE_CANDIDATE"
"??",".runtime/n8n/.cache/n8n/public/assets/constants-legacy-gizzBb5F.js","RUNTIME_TEMPORARY","EXCLUDE_CANDIDATE"
"??",".runtime/n8n/.cache/n8n/public/assets/constants2-DOTmAGHG.js","RUNTIME_TEMPORARY","EXCLUDE_CANDIDATE"
"??",".runtime/n8n/.cache/n8n/public/assets/constants2-legacy-BrOvGHPh.js","RUNTIME_TEMPORARY","EXCLUDE_CANDIDATE"
"??",".runtime/n8n/.cache/n8n/public/assets/core-B3MuBeuv.js","RUNTIME_TEMPORARY","EXCLUDE_CANDIDATE"
"??",".runtime/n8n/.cache/n8n/public/assets/core-W6G0peFP.js","RUNTIME_TEMPORARY","EXCLUDE_CANDIDATE"
"??",".runtime/n8n/.cache/n8n/public/assets/core-legacy-CK4ju0rw.js","RUNTIME_TEMPORARY","EXCLUDE_CANDIDATE"
"??",".runtime/n8n/.cache/n8n/public/assets/core-legacy-DNXYL5Pr.js","RUNTIME_TEMPORARY","EXCLUDE_CANDIDATE"
"??",".runtime/n8n/.cache/n8n/public/assets/createAgentRoute-C2zNCPBS.js","RUNTIME_TEMPORARY","EXCLUDE_CANDIDATE"
"??",".runtime/n8n/.cache/n8n/public/assets/createAgentRoute-legacy-DqQV6E5N.js","RUNTIME_TEMPORARY","EXCLUDE_CANDIDATE"
"??",".runtime/n8n/.cache/n8n/public/assets/dataTable.store-C5Iopgzm.js","RUNTIME_TEMPORARY","EXCLUDE_CANDIDATE"
"??",".runtime/n8n/.cache/n8n/public/assets/dataTable.store-legacy-RHxiAxb8.js","RUNTIME_TEMPORARY","EXCLUDE_CANDIDATE"
"??",".runtime/n8n/.cache/n8n/public/assets/date-picker-ChQFDu0Z.js","RUNTIME_TEMPORARY","EXCLUDE_CANDIDATE"
"??",".runtime/n8n/.cache/n8n/public/assets/date-picker-legacy-BiqwnJXZ.js","RUNTIME_TEMPORARY","EXCLUDE_CANDIDATE"
"??",".runtime/n8n/.cache/n8n/public/assets/dateFormatter-legacy-CmS_2p1X.js","RUNTIME_TEMPORARY","EXCLUDE_CANDIDATE"
"??",".runtime/n8n/.cache/n8n/public/assets/dateFormatter-vslzFFCm.js","RUNTIME_TEMPORARY","EXCLUDE_CANDIDATE"
"??",".runtime/n8n/.cache/n8n/public/assets/dateformat-2PYB3fXg.js","RUNTIME_TEMPORARY","EXCLUDE_CANDIDATE"
"??",".runtime/n8n/.cache/n8n/public/assets/dateformat-legacy-Db6uIZIu.js","RUNTIME_TEMPORARY","EXCLUDE_CANDIDATE"
"??",".runtime/n8n/.cache/n8n/public/assets/dialog-CTlcAQ-4.js","RUNTIME_TEMPORARY","EXCLUDE_CANDIDATE"
"??",".runtime/n8n/.cache/n8n/public/assets/dialog-legacy-D1Sd7pIK.js","RUNTIME_TEMPORARY","EXCLUDE_CANDIDATE"
"??",".runtime/n8n/.cache/n8n/public/assets/dist-6UoEx-oL.js","RUNTIME_TEMPORARY","EXCLUDE_CANDIDATE"
"??",".runtime/n8n/.cache/n8n/public/assets/dist-BlefRF6a.js","RUNTIME_TEMPORARY","EXCLUDE_CANDIDATE"
"??",".runtime/n8n/.cache/n8n/public/assets/dist-Cc-Vx5Tl.js","RUNTIME_TEMPORARY","EXCLUDE_CANDIDATE"
"??",".runtime/n8n/.cache/n8n/public/assets/dist-legacy-1Uc7jakd.js","RUNTIME_TEMPORARY","EXCLUDE_CANDIDATE"
"??",".runtime/n8n/.cache/n8n/public/assets/dist-legacy-Be-0Ll85.js","RUNTIME_TEMPORARY","EXCLUDE_CANDIDATE"
"??",".runtime/n8n/.cache/n8n/public/assets/dist-legacy-CZEj6mpD.js","RUNTIME_TEMPORARY","EXCLUDE_CANDIDATE"
"??",".runtime/n8n/.cache/n8n/public/assets/dist-legacy-di_53_hV.js","RUNTIME_TEMPORARY","EXCLUDE_CANDIDATE"
"??",".runtime/n8n/.cache/n8n/public/assets/dist-rSmoHCw0.js","RUNTIME_TEMPORARY","EXCLUDE_CANDIDATE"
"??",".runtime/n8n/.cache/n8n/public/assets/dropdown-legacy-Cpt0o4bj.js","RUNTIME_TEMPORARY","EXCLUDE_CANDIDATE"
"??",".runtime/n8n/.cache/n8n/public/assets/dropdown-ohaifpEA.js","RUNTIME_TEMPORARY","EXCLUDE_CANDIDATE"
"??",".runtime/n8n/.cache/n8n/public/assets/durations-DJjh0gjH.js","RUNTIME_TEMPORARY","EXCLUDE_CANDIDATE"
"??",".runtime/n8n/.cache/n8n/public/assets/durations-legacy-B2fySHUC.js","RUNTIME_TEMPORARY","EXCLUDE_CANDIDATE"
"??",".runtime/n8n/.cache/n8n/public/assets/emojiData-CpVLv-dj.js","RUNTIME_TEMPORARY","EXCLUDE_CANDIDATE"
"??",".runtime/n8n/.cache/n8n/public/assets/emojiData-legacy-8NL6uOJW.js","RUNTIME_TEMPORARY","EXCLUDE_CANDIDATE"
"??",".runtime/n8n/.cache/n8n/public/assets/en-B-IkVHjb.js","RUNTIME_TEMPORARY","EXCLUDE_CANDIDATE"
"??",".runtime/n8n/.cache/n8n/public/assets/en-Duc-eXLi.js","RUNTIME_TEMPORARY","EXCLUDE_CANDIDATE"
"??",".runtime/n8n/.cache/n8n/public/assets/en-legacy-DbHncWVv.js","RUNTIME_TEMPORARY","EXCLUDE_CANDIDATE"
"??",".runtime/n8n/.cache/n8n/public/assets/en-legacy-lbQDC_n1.js","RUNTIME_TEMPORARY","EXCLUDE_CANDIDATE"
"??",".runtime/n8n/.cache/n8n/public/assets/es-C8ZKOvHn.js","RUNTIME_TEMPORARY","EXCLUDE_CANDIDATE"
"??",".runtime/n8n/.cache/n8n/public/assets/es-legacy-CIUDS7RT.js","RUNTIME_TEMPORARY","EXCLUDE_CANDIDATE"
"??",".runtime/n8n/.cache/n8n/public/assets/evaluation.constants-gukRyhIf.js","RUNTIME_TEMPORARY","EXCLUDE_CANDIDATE"
"??",".runtime/n8n/.cache/n8n/public/assets/evaluation.constants-legacy-DidbhviS.js","RUNTIME_TEMPORARY","EXCLUDE_CANDIDATE"
"??",".runtime/n8n/.cache/n8n/public/assets/evaluation.store-Dg8zS9ep.js","RUNTIME_TEMPORARY","EXCLUDE_CANDIDATE"
"??",".runtime/n8n/.cache/n8n/public/assets/evaluation.store-legacy-Do90FbjL.js","RUNTIME_TEMPORARY","EXCLUDE_CANDIDATE"
"??",".runtime/n8n/.cache/n8n/public/assets/evaluation.utils-C6Twnb3h.js","RUNTIME_TEMPORARY","EXCLUDE_CANDIDATE"
"??",".runtime/n8n/.cache/n8n/public/assets/evaluation.utils-legacy-COro-8wY.js","RUNTIME_TEMPORARY","EXCLUDE_CANDIDATE"
"??",".runtime/n8n/.cache/n8n/public/assets/event-bus-Bzl-7EsS.js","RUNTIME_TEMPORARY","EXCLUDE_CANDIDATE"
"??",".runtime/n8n/.cache/n8n/public/assets/event-bus-DvFKev3H.js","RUNTIME_TEMPORARY","EXCLUDE_CANDIDATE"
"??",".runtime/n8n/.cache/n8n/public/assets/event-bus-legacy-Xfl98K2_.js","RUNTIME_TEMPORARY","EXCLUDE_CANDIDATE"
"??",".runtime/n8n/.cache/n8n/public/assets/event-bus-legacy-ztjINdZE.js","RUNTIME_TEMPORARY","EXCLUDE_CANDIDATE"
"??",".runtime/n8n/.cache/n8n/public/assets/executions.store-DqfcHkBV.js","RUNTIME_TEMPORARY","EXCLUDE_CANDIDATE"
"??",".runtime/n8n/.cache/n8n/public/assets/executions.store-legacy-D5mCs7Hg.js","RUNTIME_TEMPORARY","EXCLUDE_CANDIDATE"
"??",".runtime/n8n/.cache/n8n/public/assets/exports-CMpF2Two.js","RUNTIME_TEMPORARY","EXCLUDE_CANDIDATE"
"??",".runtime/n8n/.cache/n8n/public/assets/exports-legacy-DkO39nB6.js","RUNTIME_TEMPORARY","EXCLUDE_CANDIDATE"
"??",".runtime/n8n/.cache/n8n/public/assets/exposeAllWorkflowsToMcp.store-Dj_ploYA.js","RUNTIME_TEMPORARY","EXCLUDE_CANDIDATE"
"??",".runtime/n8n/.cache/n8n/public/assets/exposeAllWorkflowsToMcp.store-legacy-5chiHymW.js","RUNTIME_TEMPORARY","EXCLUDE_CANDIDATE"
"??",".runtime/n8n/.cache/n8n/public/assets/expression-runtime-stub-BzLw-8lw.js","RUNTIME_TEMPORARY","EXCLUDE_CANDIDATE"
"??",".runtime/n8n/.cache/n8n/public/assets/expression-runtime-stub-CeJeUsGr.js","RUNTIME_TEMPORARY","EXCLUDE_CANDIDATE"
"??",".runtime/n8n/.cache/n8n/public/assets/expression-runtime-stub-legacy-CwpA_zvb.js","RUNTIME_TEMPORARY","EXCLUDE_CANDIDATE"
"??",".runtime/n8n/.cache/n8n/public/assets/expression-runtime-stub-legacy-CzroFcgX.js","RUNTIME_TEMPORARY","EXCLUDE_CANDIDATE"
"??",".runtime/n8n/.cache/n8n/public/assets/expressions-e6e10iuK.js","RUNTIME_TEMPORARY","EXCLUDE_CANDIDATE"
"??",".runtime/n8n/.cache/n8n/public/assets/expressions-legacy-DYlxlohw.js","RUNTIME_TEMPORARY","EXCLUDE_CANDIDATE"
"??",".runtime/n8n/.cache/n8n/public/assets/externalSecrets.ee.store-B7IGHs7g.js","RUNTIME_TEMPORARY","EXCLUDE_CANDIDATE"
"??",".runtime/n8n/.cache/n8n/public/assets/externalSecrets.ee.store-legacy-Cguz1K5k.js","RUNTIME_TEMPORARY","EXCLUDE_CANDIDATE"
"??",".runtime/n8n/.cache/n8n/public/assets/fileUtils-B_z1OH-o.js","RUNTIME_TEMPORARY","EXCLUDE_CANDIDATE"
"??",".runtime/n8n/.cache/n8n/public/assets/fileUtils-legacy-BKnsBb3k.js","RUNTIME_TEMPORARY","EXCLUDE_CANDIDATE"
"??",".runtime/n8n/.cache/n8n/public/assets/flatten-CY-fM21A.js","RUNTIME_TEMPORARY","EXCLUDE_CANDIDATE"
"??",".runtime/n8n/.cache/n8n/public/assets/flatten-legacy-DI0NSHqQ.js","RUNTIME_TEMPORARY","EXCLUDE_CANDIDATE"
"??",".runtime/n8n/.cache/n8n/public/assets/focusPanel.store-DW8w137v.js","RUNTIME_TEMPORARY","EXCLUDE_CANDIDATE"
"??",".runtime/n8n/.cache/n8n/public/assets/focusPanel.store-legacy-dyZ_a5rt.js","RUNTIME_TEMPORARY","EXCLUDE_CANDIDATE"
"??",".runtime/n8n/.cache/n8n/public/assets/folders.store-6i648Mdo.js","RUNTIME_TEMPORARY","EXCLUDE_CANDIDATE"
"??",".runtime/n8n/.cache/n8n/public/assets/folders.store-legacy-DW71IZHN.js","RUNTIME_TEMPORARY","EXCLUDE_CANDIDATE"
"??",".runtime/n8n/.cache/n8n/public/assets/generate-nano-id-DVvbtzBK.js","RUNTIME_TEMPORARY","EXCLUDE_CANDIDATE"
"??",".runtime/n8n/.cache/n8n/public/assets/generate-nano-id-legacy-DYKpM8m4.js","RUNTIME_TEMPORARY","EXCLUDE_CANDIDATE"
"??",".runtime/n8n/.cache/n8n/public/assets/get-DHOiWlcx.js","RUNTIME_TEMPORARY","EXCLUDE_CANDIDATE"
"??",".runtime/n8n/.cache/n8n/public/assets/get-legacy-D1_2ZO5r.js","RUNTIME_TEMPORARY","EXCLUDE_CANDIDATE"
"??",".runtime/n8n/.cache/n8n/public/assets/htmlUtils-Dwy61bgG.js","RUNTIME_TEMPORARY","EXCLUDE_CANDIDATE"
"??",".runtime/n8n/.cache/n8n/public/assets/htmlUtils-legacy-oJe09xYk.js","RUNTIME_TEMPORARY","EXCLUDE_CANDIDATE"
"??",".runtime/n8n/.cache/n8n/public/assets/index-BNvEBUNY.js","RUNTIME_TEMPORARY","EXCLUDE_CANDIDATE"
"??",".runtime/n8n/.cache/n8n/public/assets/index-C6fvdk4_.css","RUNTIME_TEMPORARY","EXCLUDE_CANDIDATE"
"??",".runtime/n8n/.cache/n8n/public/assets/index-legacy-DVBNWZfZ.js","RUNTIME_TEMPORARY","EXCLUDE_CANDIDATE"
"??",".runtime/n8n/.cache/n8n/public/assets/injectionKeys-C3FAAd2t.js","RUNTIME_TEMPORARY","EXCLUDE_CANDIDATE"
"??",".runtime/n8n/.cache/n8n/public/assets/injectionKeys-legacy-DqLMK6N9.js","RUNTIME_TEMPORARY","EXCLUDE_CANDIDATE"
"??",".runtime/n8n/.cache/n8n/public/assets/insights.constants-eZuNgAEx.js","RUNTIME_TEMPORARY","EXCLUDE_CANDIDATE"
"??",".runtime/n8n/.cache/n8n/public/assets/insights.constants-legacy-ybfrJf66.js","RUNTIME_TEMPORARY","EXCLUDE_CANDIDATE"
"??",".runtime/n8n/.cache/n8n/public/assets/insights.store-dPSFiSok.js","RUNTIME_TEMPORARY","EXCLUDE_CANDIDATE"
"??",".runtime/n8n/.cache/n8n/public/assets/insights.store-legacy-w_kpRLrW.js","RUNTIME_TEMPORARY","EXCLUDE_CANDIDATE"
"??",".runtime/n8n/.cache/n8n/public/assets/insights.utils-Bj0GRKtO.js","RUNTIME_TEMPORARY","EXCLUDE_CANDIDATE"
"??",".runtime/n8n/.cache/n8n/public/assets/insights.utils-legacy-B1b5lp2D.js","RUNTIME_TEMPORARY","EXCLUDE_CANDIDATE"
"??",".runtime/n8n/.cache/n8n/public/assets/instanceAi.store-DOX7FHBP.js","RUNTIME_TEMPORARY","EXCLUDE_CANDIDATE"
"??",".runtime/n8n/.cache/n8n/public/assets/instanceAi.store-legacy-DTmw-wLK.js","RUNTIME_TEMPORARY","EXCLUDE_CANDIDATE"
"??",".runtime/n8n/.cache/n8n/public/assets/instanceAiBrowserUse-Bl1z9unY.js","RUNTIME_TEMPORARY","EXCLUDE_CANDIDATE"
"??",".runtime/n8n/.cache/n8n/public/assets/instanceAiBrowserUse-legacy-B0JyHbyj.js","RUNTIME_TEMPORARY","EXCLUDE_CANDIDATE"
"??",".runtime/n8n/.cache/n8n/public/assets/instanceAiLayout-BaAJ0u36.js","RUNTIME_TEMPORARY","EXCLUDE_CANDIDATE"
"??",".runtime/n8n/.cache/n8n/public/assets/instanceAiLayout-legacy-JedK0aPp.js","RUNTIME_TEMPORARY","EXCLUDE_CANDIDATE"
"??",".runtime/n8n/.cache/n8n/public/assets/instanceAiSettings.store-C0MFLgUs.js","RUNTIME_TEMPORARY","EXCLUDE_CANDIDATE"
"??",".runtime/n8n/.cache/n8n/public/assets/instanceAiSettings.store-legacy-GlTiLT1e.js","RUNTIME_TEMPORARY","EXCLUDE_CANDIDATE"
"??",".runtime/n8n/.cache/n8n/public/assets/instanceRoleScopes-C0Q8_Wx_.js","RUNTIME_TEMPORARY","EXCLUDE_CANDIDATE"
"??",".runtime/n8n/.cache/n8n/public/assets/instanceRoleScopes-legacy-CmolO8AL.js","RUNTIME_TEMPORARY","EXCLUDE_CANDIDATE"
"??",".runtime/n8n/.cache/n8n/public/assets/invite-link.utils-DuApVVvw.js","RUNTIME_TEMPORARY","EXCLUDE_CANDIDATE"
"??",".runtime/n8n/.cache/n8n/public/assets/invite-link.utils-legacy-DInsfiHd.js","RUNTIME_TEMPORARY","EXCLUDE_CANDIDATE"
"??",".runtime/n8n/.cache/n8n/public/assets/languageModules-DqZvlEnL.js","RUNTIME_TEMPORARY","EXCLUDE_CANDIDATE"
"??",".runtime/n8n/.cache/n8n/public/assets/languageModules-legacy-CgTlL-fD.js","RUNTIME_TEMPORARY","EXCLUDE_CANDIDATE"
"??",".runtime/n8n/.cache/n8n/public/assets/logStreaming.store-DjbWEApn.js","RUNTIME_TEMPORARY","EXCLUDE_CANDIDATE"
"??",".runtime/n8n/.cache/n8n/public/assets/logStreaming.store-legacy-GG0M0JON.js","RUNTIME_TEMPORARY","EXCLUDE_CANDIDATE"
"??",".runtime/n8n/.cache/n8n/public/assets/lucide-icons-bucket-0-C76dGKkY.js","RUNTIME_TEMPORARY","EXCLUDE_CANDIDATE"
"??",".runtime/n8n/.cache/n8n/public/assets/lucide-icons-bucket-0-legacy-BJCYVwHq.js","RUNTIME_TEMPORARY","EXCLUDE_CANDIDATE"
"??",".runtime/n8n/.cache/n8n/public/assets/lucide-icons-bucket-1-CNFvOB1D.js","RUNTIME_TEMPORARY","EXCLUDE_CANDIDATE"
"??",".runtime/n8n/.cache/n8n/public/assets/lucide-icons-bucket-1-legacy-D85JhwL_.js","RUNTIME_TEMPORARY","EXCLUDE_CANDIDATE"
"??",".runtime/n8n/.cache/n8n/public/assets/lucide-icons-bucket-10-KnBEE9w0.js","RUNTIME_TEMPORARY","EXCLUDE_CANDIDATE"
"??",".runtime/n8n/.cache/n8n/public/assets/lucide-icons-bucket-10-legacy-DR5a1Dmr.js","RUNTIME_TEMPORARY","EXCLUDE_CANDIDATE"
"??",".runtime/n8n/.cache/n8n/public/assets/lucide-icons-bucket-11-De6urxQr.js","RUNTIME_TEMPORARY","EXCLUDE_CANDIDATE"
"??",".runtime/n8n/.cache/n8n/public/assets/lucide-icons-bucket-11-legacy-BFm306Vf.js","RUNTIME_TEMPORARY","EXCLUDE_CANDIDATE"
"??",".runtime/n8n/.cache/n8n/public/assets/lucide-icons-bucket-12-CPaOPzX_.js","RUNTIME_TEMPORARY","EXCLUDE_CANDIDATE"
"??",".runtime/n8n/.cache/n8n/public/assets/lucide-icons-bucket-12-legacy-DIsB2vPW.js","RUNTIME_TEMPORARY","EXCLUDE_CANDIDATE"
"??",".runtime/n8n/.cache/n8n/public/assets/lucide-icons-bucket-13-B2fFGPpY.js","RUNTIME_TEMPORARY","EXCLUDE_CANDIDATE"
"??",".runtime/n8n/.cache/n8n/public/assets/lucide-icons-bucket-13-legacy-6OoXNeRN.js","RUNTIME_TEMPORARY","EXCLUDE_CANDIDATE"
"??",".runtime/n8n/.cache/n8n/public/assets/lucide-icons-bucket-14-C2oBbGzu.js","RUNTIME_TEMPORARY","EXCLUDE_CANDIDATE"
"??",".runtime/n8n/.cache/n8n/public/assets/lucide-icons-bucket-14-legacy-BLi6LGiB.js","RUNTIME_TEMPORARY","EXCLUDE_CANDIDATE"
"??",".runtime/n8n/.cache/n8n/public/assets/lucide-icons-bucket-15-DcRzB5Zc.js","RUNTIME_TEMPORARY","EXCLUDE_CANDIDATE"
"??",".runtime/n8n/.cache/n8n/public/assets/lucide-icons-bucket-15-legacy-BdryhNNO.js","RUNTIME_TEMPORARY","EXCLUDE_CANDIDATE"
"??",".runtime/n8n/.cache/n8n/public/assets/lucide-icons-bucket-2-DgD6ewf6.js","RUNTIME_TEMPORARY","EXCLUDE_CANDIDATE"
"??",".runtime/n8n/.cache/n8n/public/assets/lucide-icons-bucket-2-legacy-DB3_j1kj.js","RUNTIME_TEMPORARY","EXCLUDE_CANDIDATE"
"??",".runtime/n8n/.cache/n8n/public/assets/lucide-icons-bucket-3-DRfpWeDW.js","RUNTIME_TEMPORARY","EXCLUDE_CANDIDATE"
"??",".runtime/n8n/.cache/n8n/public/assets/lucide-icons-bucket-3-legacy-BfoeARL9.js","RUNTIME_TEMPORARY","EXCLUDE_CANDIDATE"
"??",".runtime/n8n/.cache/n8n/public/assets/lucide-icons-bucket-4-BqTtj_j0.js","RUNTIME_TEMPORARY","EXCLUDE_CANDIDATE"
"??",".runtime/n8n/.cache/n8n/public/assets/lucide-icons-bucket-4-legacy-PCJx4dFJ.js","RUNTIME_TEMPORARY","EXCLUDE_CANDIDATE"
"??",".runtime/n8n/.cache/n8n/public/assets/lucide-icons-bucket-5-ChdN3Vtg.js","RUNTIME_TEMPORARY","EXCLUDE_CANDIDATE"
"??",".runtime/n8n/.cache/n8n/public/assets/lucide-icons-bucket-5-legacy-Q9uLGkvN.js","RUNTIME_TEMPORARY","EXCLUDE_CANDIDATE"
"??",".runtime/n8n/.cache/n8n/public/assets/lucide-icons-bucket-6-CeikA-tu.js","RUNTIME_TEMPORARY","EXCLUDE_CANDIDATE"
"??",".runtime/n8n/.cache/n8n/public/assets/lucide-icons-bucket-6-legacy-CKT5sCcT.js","RUNTIME_TEMPORARY","EXCLUDE_CANDIDATE"
"??",".runtime/n8n/.cache/n8n/public/assets/lucide-icons-bucket-7-DoIypvta.js","RUNTIME_TEMPORARY","EXCLUDE_CANDIDATE"
"??",".runtime/n8n/.cache/n8n/public/assets/lucide-icons-bucket-7-legacy-CgJ7QRJl.js","RUNTIME_TEMPORARY","EXCLUDE_CANDIDATE"
"??",".runtime/n8n/.cache/n8n/public/assets/lucide-icons-bucket-8-BQZBrBTB.js","RUNTIME_TEMPORARY","EXCLUDE_CANDIDATE"
"??",".runtime/n8n/.cache/n8n/public/assets/lucide-icons-bucket-8-legacy-DRlr8cTi.js","RUNTIME_TEMPORARY","EXCLUDE_CANDIDATE"
"??",".runtime/n8n/.cache/n8n/public/assets/lucide-icons-bucket-9-DYqP8AYd.js","RUNTIME_TEMPORARY","EXCLUDE_CANDIDATE"
"??",".runtime/n8n/.cache/n8n/public/assets/lucide-icons-bucket-9-legacy-DyudjCbg.js","RUNTIME_TEMPORARY","EXCLUDE_CANDIDATE"
"??",".runtime/n8n/.cache/n8n/public/assets/lucideIconData-legacy-Dwp53CjD.js","RUNTIME_TEMPORARY","EXCLUDE_CANDIDATE"
"??",".runtime/n8n/.cache/n8n/public/assets/lucideIconData-mEmWzopv.js","RUNTIME_TEMPORARY","EXCLUDE_CANDIDATE"
"??",".runtime/n8n/.cache/n8n/public/assets/mcp.constants-legacy-iyBvT06Q.js","RUNTIME_TEMPORARY","EXCLUDE_CANDIDATE"
"??",".runtime/n8n/.cache/n8n/public/assets/mcp.constants-oca2_CsO.js","RUNTIME_TEMPORARY","EXCLUDE_CANDIDATE"
"??",".runtime/n8n/.cache/n8n/public/assets/mcp.store-BatWYmPy.js","RUNTIME_TEMPORARY","EXCLUDE_CANDIDATE"
"??",".runtime/n8n/.cache/n8n/public/assets/mcp.store-legacy-DKWq5_jM.js","RUNTIME_TEMPORARY","EXCLUDE_CANDIDATE"
"??",".runtime/n8n/.cache/n8n/public/assets/menuItemId-CJJmnkik.js","RUNTIME_TEMPORARY","EXCLUDE_CANDIDATE"
"??",".runtime/n8n/.cache/n8n/public/assets/menuItemId-legacy-_xs8-jTP.js","RUNTIME_TEMPORARY","EXCLUDE_CANDIDATE"
"??",".runtime/n8n/.cache/n8n/public/assets/merge-BjZKAr3r.js","RUNTIME_TEMPORARY","EXCLUDE_CANDIDATE"
"??",".runtime/n8n/.cache/n8n/public/assets/merge-legacy-BS4qnMIO.js","RUNTIME_TEMPORARY","EXCLUDE_CANDIDATE"
"??",".runtime/n8n/.cache/n8n/public/assets/node-icons-BKqqwJIv.js","RUNTIME_TEMPORARY","EXCLUDE_CANDIDATE"
"??",".runtime/n8n/.cache/n8n/public/assets/node-icons-legacy-hf0gapT0.js","RUNTIME_TEMPORARY","EXCLUDE_CANDIDATE"
"??",".runtime/n8n/.cache/n8n/public/assets/nodeIcon-DuqCpXrB.js","RUNTIME_TEMPORARY","EXCLUDE_CANDIDATE"
"??",".runtime/n8n/.cache/n8n/public/assets/nodeIcon-legacy-DptPJzOZ.js","RUNTIME_TEMPORARY","EXCLUDE_CANDIDATE"
"??",".runtime/n8n/.cache/n8n/public/assets/omit-GR1oL9Fg.js","RUNTIME_TEMPORARY","EXCLUDE_CANDIDATE"
"??",".runtime/n8n/.cache/n8n/public/assets/omit-legacy-DRENG6xB.js","RUNTIME_TEMPORARY","EXCLUDE_CANDIDATE"
"??",".runtime/n8n/.cache/n8n/public/assets/one-password-COzVIAtV.js","RUNTIME_TEMPORARY","EXCLUDE_CANDIDATE"
"??",".runtime/n8n/.cache/n8n/public/assets/one-password-legacy-COf-rPTC.js","RUNTIME_TEMPORARY","EXCLUDE_CANDIDATE"
"??",".runtime/n8n/.cache/n8n/public/assets/orderBy-Bvq9kyVQ.js","RUNTIME_TEMPORARY","EXCLUDE_CANDIDATE"
"??",".runtime/n8n/.cache/n8n/public/assets/orderBy-legacy-CINVUiVq.js","RUNTIME_TEMPORARY","EXCLUDE_CANDIDATE"
"??",".runtime/n8n/.cache/n8n/public/assets/permissions-legacy-DUS1U3CO.js","RUNTIME_TEMPORARY","EXCLUDE_CANDIDATE"
"??",".runtime/n8n/.cache/n8n/public/assets/permissions-z855g1Tc.js","RUNTIME_TEMPORARY","EXCLUDE_CANDIDATE"
"??",".runtime/n8n/.cache/n8n/public/assets/personalizedTemplatesV3.store-CFWUJYWR.js","RUNTIME_TEMPORARY","EXCLUDE_CANDIDATE"
"??",".runtime/n8n/.cache/n8n/public/assets/personalizedTemplatesV3.store-legacy-ROfru0El.js","RUNTIME_TEMPORARY","EXCLUDE_CANDIDATE"
"??",".runtime/n8n/.cache/n8n/public/assets/pickBy-C2tjGwYX.js","RUNTIME_TEMPORARY","EXCLUDE_CANDIDATE"
"??",".runtime/n8n/.cache/n8n/public/assets/pickBy-legacy-Cu3Po0KA.js","RUNTIME_TEMPORARY","EXCLUDE_CANDIDATE"
"??",".runtime/n8n/.cache/n8n/public/assets/polyfills-legacy-DilABYab.js","RUNTIME_TEMPORARY","EXCLUDE_CANDIDATE"
"??",".runtime/n8n/.cache/n8n/public/assets/posthog.store-BqvJh2k8.js","RUNTIME_TEMPORARY","EXCLUDE_CANDIDATE"
"??",".runtime/n8n/.cache/n8n/public/assets/posthog.store-legacy-BKavr-ZI.js","RUNTIME_TEMPORARY","EXCLUDE_CANDIDATE"
"??",".runtime/n8n/.cache/n8n/public/assets/projectRoleScopes-elbEQiPQ.js","RUNTIME_TEMPORARY","EXCLUDE_CANDIDATE"
"??",".runtime/n8n/.cache/n8n/public/assets/projectRoleScopes-legacy-dgVqrm1a.js","RUNTIME_TEMPORARY","EXCLUDE_CANDIDATE"
"??",".runtime/n8n/.cache/n8n/public/assets/pushConnection.store-DAAtV6_P.js","RUNTIME_TEMPORARY","EXCLUDE_CANDIDATE"
"??",".runtime/n8n/.cache/n8n/public/assets/pushConnection.store-O9yafog7.js","RUNTIME_TEMPORARY","EXCLUDE_CANDIDATE"
"??",".runtime/n8n/.cache/n8n/public/assets/pushConnection.store-legacy-BczrsC6m.js","RUNTIME_TEMPORARY","EXCLUDE_CANDIDATE"
"??",".runtime/n8n/.cache/n8n/public/assets/pushConnection.store-legacy-DZjQTvH8.js","RUNTIME_TEMPORARY","EXCLUDE_CANDIDATE"
"??",".runtime/n8n/.cache/n8n/public/assets/radio-kTT0m-Ow.js","RUNTIME_TEMPORARY","EXCLUDE_CANDIDATE"
"??",".runtime/n8n/.cache/n8n/public/assets/radio-legacy-rkYr-umn.js","RUNTIME_TEMPORARY","EXCLUDE_CANDIDATE"
"??",".runtime/n8n/.cache/n8n/public/assets/rbac.store-CJxJbsHZ.js","RUNTIME_TEMPORARY","EXCLUDE_CANDIDATE"
"??",".runtime/n8n/.cache/n8n/public/assets/rbac.store-legacy-CoE0DVEO.js","RUNTIME_TEMPORARY","EXCLUDE_CANDIDATE"
"??",".runtime/n8n/.cache/n8n/public/assets/readyToRun.store-RBoKZAZa.js","RUNTIME_TEMPORARY","EXCLUDE_CANDIDATE"
"??",".runtime/n8n/.cache/n8n/public/assets/readyToRun.store-legacy-eKCwe0B-.js","RUNTIME_TEMPORARY","EXCLUDE_CANDIDATE"
"??",".runtime/n8n/.cache/n8n/public/assets/readyToRunWorkflows.store-C262-iU4.js","RUNTIME_TEMPORARY","EXCLUDE_CANDIDATE"
"??",".runtime/n8n/.cache/n8n/public/assets/readyToRunWorkflows.store-legacy-g-2K1-tM.js","RUNTIME_TEMPORARY","EXCLUDE_CANDIDATE"
"??",".runtime/n8n/.cache/n8n/public/assets/refs-CKLVXxZS.js","RUNTIME_TEMPORARY","EXCLUDE_CANDIDATE"
"??",".runtime/n8n/.cache/n8n/public/assets/refs-legacy-D347uQTL.js","RUNTIME_TEMPORARY","EXCLUDE_CANDIDATE"
"??",".runtime/n8n/.cache/n8n/public/assets/resourceCenter.store-BV4vLlwp.js","RUNTIME_TEMPORARY","EXCLUDE_CANDIDATE"
"??",".runtime/n8n/.cache/n8n/public/assets/resourceCenter.store-legacy-zCF_OD_o.js","RUNTIME_TEMPORARY","EXCLUDE_CANDIDATE"
"??",".runtime/n8n/.cache/n8n/public/assets/retry-BdOUHZL-.js","RUNTIME_TEMPORARY","EXCLUDE_CANDIDATE"
"??",".runtime/n8n/.cache/n8n/public/assets/retry-legacy-DqtVs2ct.js","RUNTIME_TEMPORARY","EXCLUDE_CANDIDATE"
"??",".runtime/n8n/.cache/n8n/public/assets/roles.store-D-tcfv5-.js","RUNTIME_TEMPORARY","EXCLUDE_CANDIDATE"
"??",".runtime/n8n/.cache/n8n/public/assets/roles.store-legacy-BYV1jGHz.js","RUNTIME_TEMPORARY","EXCLUDE_CANDIDATE"
"??",".runtime/n8n/.cache/n8n/public/assets/router-BcjlJEMT.js","RUNTIME_TEMPORARY","EXCLUDE_CANDIDATE"
"??",".runtime/n8n/.cache/n8n/public/assets/router-legacy-DP-XzrGo.js","RUNTIME_TEMPORARY","EXCLUDE_CANDIDATE"
"??",".runtime/n8n/.cache/n8n/public/assets/safeRegex.worker-B6lk1hPH.js","RUNTIME_TEMPORARY","EXCLUDE_CANDIDATE"
"??",".runtime/n8n/.cache/n8n/public/assets/sanitize-html-CvzjS1G-.js","RUNTIME_TEMPORARY","EXCLUDE_CANDIDATE"
"??",".runtime/n8n/.cache/n8n/public/assets/sanitize-html-legacy-CsGc2pol.js","RUNTIME_TEMPORARY","EXCLUDE_CANDIDATE"
"??",".runtime/n8n/.cache/n8n/public/assets/security-settings-CLq337zD.js","RUNTIME_TEMPORARY","EXCLUDE_CANDIDATE"
"??",".runtime/n8n/.cache/n8n/public/assets/security-settings-legacy-fe3_duAS.js","RUNTIME_TEMPORARY","EXCLUDE_CANDIDATE"
"??",".runtime/n8n/.cache/n8n/public/assets/semver-Do-XYWFW.js","RUNTIME_TEMPORARY","EXCLUDE_CANDIDATE"
"??",".runtime/n8n/.cache/n8n/public/assets/semver-legacy-C6nJRBX-.js","RUNTIME_TEMPORARY","EXCLUDE_CANDIDATE"
"??",".runtime/n8n/.cache/n8n/public/assets/settings.store-C42Ngs1n.js","RUNTIME_TEMPORARY","EXCLUDE_CANDIDATE"
"??",".runtime/n8n/.cache/n8n/public/assets/settings.store-COhB69H-.js","RUNTIME_TEMPORARY","EXCLUDE_CANDIDATE"
"??",".runtime/n8n/.cache/n8n/public/assets/settings.store-legacy-CUsJQr-X.js","RUNTIME_TEMPORARY","EXCLUDE_CANDIDATE"
"??",".runtime/n8n/.cache/n8n/public/assets/settings.store-legacy-Cg32gjVn.js","RUNTIME_TEMPORARY","EXCLUDE_CANDIDATE"
"??",".runtime/n8n/.cache/n8n/public/assets/setupPanel.store-G6XQjR6Q.js","RUNTIME_TEMPORARY","EXCLUDE_CANDIDATE"
"??",".runtime/n8n/.cache/n8n/public/assets/setupPanel.store-legacy-CRBizQe_.js","RUNTIME_TEMPORARY","EXCLUDE_CANDIDATE"
"??",".runtime/n8n/.cache/n8n/public/assets/shield-alt-fIiJnX2Y.js","RUNTIME_TEMPORARY","EXCLUDE_CANDIDATE"
"??",".runtime/n8n/.cache/n8n/public/assets/shield-alt-legacy-CMbuOa3a.js","RUNTIME_TEMPORARY","EXCLUDE_CANDIDATE"
"??",".runtime/n8n/.cache/n8n/public/assets/smart-decimal-BFSn1S9h.js","RUNTIME_TEMPORARY","EXCLUDE_CANDIDATE"
"??",".runtime/n8n/.cache/n8n/public/assets/smart-decimal-legacy-CbgeFzvN.js","RUNTIME_TEMPORARY","EXCLUDE_CANDIDATE"
"??",".runtime/n8n/.cache/n8n/public/assets/sort-by-property-BPp_Ydho.js","RUNTIME_TEMPORARY","EXCLUDE_CANDIDATE"
"??",".runtime/n8n/.cache/n8n/public/assets/sort-by-property-legacy-D7h1591p.js","RUNTIME_TEMPORARY","EXCLUDE_CANDIDATE"
"??",".runtime/n8n/.cache/n8n/public/assets/sortBy-CuPEtPjE.js","RUNTIME_TEMPORARY","EXCLUDE_CANDIDATE"
"??",".runtime/n8n/.cache/n8n/public/assets/sortBy-legacy-DKqI-JWl.js","RUNTIME_TEMPORARY","EXCLUDE_CANDIDATE"
"??",".runtime/n8n/.cache/n8n/public/assets/sourceControl.eventBus-j72e06z1.js","RUNTIME_TEMPORARY","EXCLUDE_CANDIDATE"
"??",".runtime/n8n/.cache/n8n/public/assets/sourceControl.eventBus-legacy-D8RHgcks.js","RUNTIME_TEMPORARY","EXCLUDE_CANDIDATE"
"??",".runtime/n8n/.cache/n8n/public/assets/src-CQ7VeuY9.js","RUNTIME_TEMPORARY","EXCLUDE_CANDIDATE"
"??",".runtime/n8n/.cache/n8n/public/assets/src-ZRfauTiU.css","RUNTIME_TEMPORARY","EXCLUDE_CANDIDATE"
"??",".runtime/n8n/.cache/n8n/public/assets/src-gc9CU62-.js","RUNTIME_TEMPORARY","EXCLUDE_CANDIDATE"
"??",".runtime/n8n/.cache/n8n/public/assets/src-legacy-BuUXNKZX.js","RUNTIME_TEMPORARY","EXCLUDE_CANDIDATE"
"??",".runtime/n8n/.cache/n8n/public/assets/src-legacy-Cp-Omif2.js","RUNTIME_TEMPORARY","EXCLUDE_CANDIDATE"
"??",".runtime/n8n/.cache/n8n/public/assets/sso.store-dq-VZbjj.js","RUNTIME_TEMPORARY","EXCLUDE_CANDIDATE"
"??",".runtime/n8n/.cache/n8n/public/assets/sso.store-legacy-EOinhFfF.js","RUNTIME_TEMPORARY","EXCLUDE_CANDIDATE"
"??",".runtime/n8n/.cache/n8n/public/assets/surfaceMcpToNewCloudUsers.store-D4iO4yvN.js","RUNTIME_TEMPORARY","EXCLUDE_CANDIDATE"
"??",".runtime/n8n/.cache/n8n/public/assets/surfaceMcpToNewCloudUsers.store-legacy-BVbkGAO5.js","RUNTIME_TEMPORARY","EXCLUDE_CANDIDATE"
"??",".runtime/n8n/.cache/n8n/public/assets/table-CPb3FxU_.js","RUNTIME_TEMPORARY","EXCLUDE_CANDIDATE"
"??",".runtime/n8n/.cache/n8n/public/assets/table-legacy-C_pYwLWR.js","RUNTIME_TEMPORARY","EXCLUDE_CANDIDATE"
"??",".runtime/n8n/.cache/n8n/public/assets/templateActions-C-qVb8vr.js","RUNTIME_TEMPORARY","EXCLUDE_CANDIDATE"
"??",".runtime/n8n/.cache/n8n/public/assets/templateActions-legacy-YN6WQEUM.js","RUNTIME_TEMPORARY","EXCLUDE_CANDIDATE"
"??",".runtime/n8n/.cache/n8n/public/assets/templateTransforms-DiSJHcMk.js","RUNTIME_TEMPORARY","EXCLUDE_CANDIDATE"
"??",".runtime/n8n/.cache/n8n/public/assets/templateTransforms-legacy-CAjkk5rq.js","RUNTIME_TEMPORARY","EXCLUDE_CANDIDATE"
"??",".runtime/n8n/.cache/n8n/public/assets/templates.store-legacy-CaRo__Q2.js","RUNTIME_TEMPORARY","EXCLUDE_CANDIDATE"
"??",".runtime/n8n/.cache/n8n/public/assets/templates.store-qXvrPdLL.js","RUNTIME_TEMPORARY","EXCLUDE_CANDIDATE"
"??",".runtime/n8n/.cache/n8n/public/assets/thread-title-Cc_cEdDh.js","RUNTIME_TEMPORARY","EXCLUDE_CANDIDATE"
"??",".runtime/n8n/.cache/n8n/public/assets/thread-title-legacy-B4aQBoW4.js","RUNTIME_TEMPORARY","EXCLUDE_CANDIDATE"
"??",".runtime/n8n/.cache/n8n/public/assets/toolDisplayName-CwkhGkea.js","RUNTIME_TEMPORARY","EXCLUDE_CANDIDATE"
"??",".runtime/n8n/.cache/n8n/public/assets/toolDisplayName-legacy-iz-_VOs1.js","RUNTIME_TEMPORARY","EXCLUDE_CANDIDATE"
"??",".runtime/n8n/.cache/n8n/public/assets/toolIcons-B14lUOlu.js","RUNTIME_TEMPORARY","EXCLUDE_CANDIDATE"
"??",".runtime/n8n/.cache/n8n/public/assets/toolIcons-legacy-BbLwK_Hh.js","RUNTIME_TEMPORARY","EXCLUDE_CANDIDATE"
"??",".runtime/n8n/.cache/n8n/public/assets/types-BWeTfTS1.js","RUNTIME_TEMPORARY","EXCLUDE_CANDIDATE"
"??",".runtime/n8n/.cache/n8n/public/assets/types-legacy-S641dRZ3.js","RUNTIME_TEMPORARY","EXCLUDE_CANDIDATE"
"??",".runtime/n8n/.cache/n8n/public/assets/typesUtils-C5l-hnQ2.js","RUNTIME_TEMPORARY","EXCLUDE_CANDIDATE"
"??",".runtime/n8n/.cache/n8n/public/assets/typesUtils-legacy-B7qNiNvB.js","RUNTIME_TEMPORARY","EXCLUDE_CANDIDATE"
"??",".runtime/n8n/.cache/n8n/public/assets/typescript.worker-O3O3hqNa.js","RUNTIME_TEMPORARY","EXCLUDE_CANDIDATE"
"??",".runtime/n8n/.cache/n8n/public/assets/uniqBy-BFcrfqzA.js","RUNTIME_TEMPORARY","EXCLUDE_CANDIDATE"
"??",".runtime/n8n/.cache/n8n/public/assets/uniqBy-legacy-B50D62iL.js","RUNTIME_TEMPORARY","EXCLUDE_CANDIDATE"
"??",".runtime/n8n/.cache/n8n/public/assets/upload-0_VlHf9E.js","RUNTIME_TEMPORARY","EXCLUDE_CANDIDATE"
"??",".runtime/n8n/.cache/n8n/public/assets/upload-legacy-BZGRUb6E.js","RUNTIME_TEMPORARY","EXCLUDE_CANDIDATE"
"??",".runtime/n8n/.cache/n8n/public/assets/usage.store-C7Qg0gSj.js","RUNTIME_TEMPORARY","EXCLUDE_CANDIDATE"
"??",".runtime/n8n/.cache/n8n/public/assets/usage.store-legacy-CMXPU2pZ.js","RUNTIME_TEMPORARY","EXCLUDE_CANDIDATE"
"??",".runtime/n8n/.cache/n8n/public/assets/useActions-D0wBS4Ne.js","RUNTIME_TEMPORARY","EXCLUDE_CANDIDATE"
"??",".runtime/n8n/.cache/n8n/public/assets/useActions-legacy-DwwyzWmb.js","RUNTIME_TEMPORARY","EXCLUDE_CANDIDATE"
"??",".runtime/n8n/.cache/n8n/public/assets/useActivationError-DxSXdSQ2.js","RUNTIME_TEMPORARY","EXCLUDE_CANDIDATE"
"??",".runtime/n8n/.cache/n8n/public/assets/useActivationError-legacy-CTow5HRc.js","RUNTIME_TEMPORARY","EXCLUDE_CANDIDATE"
"??",".runtime/n8n/.cache/n8n/public/assets/useAgentApi-BZRWRQTx.js","RUNTIME_TEMPORARY","EXCLUDE_CANDIDATE"
"??",".runtime/n8n/.cache/n8n/public/assets/useAgentApi-legacy-BMbyz8Kb.js","RUNTIME_TEMPORARY","EXCLUDE_CANDIDATE"
"??",".runtime/n8n/.cache/n8n/public/assets/useAgentConfig-BzkOODFd.css","RUNTIME_TEMPORARY","EXCLUDE_CANDIDATE"
"??",".runtime/n8n/.cache/n8n/public/assets/useAgentConfig-Nlto_-PF.js","RUNTIME_TEMPORARY","EXCLUDE_CANDIDATE"
"??",".runtime/n8n/.cache/n8n/public/assets/useAgentConfig-legacy-BPjzBQMo.js","RUNTIME_TEMPORARY","EXCLUDE_CANDIDATE"
"??",".runtime/n8n/.cache/n8n/public/assets/useAgentConfirmationModal-DQBY_oi9.js","RUNTIME_TEMPORARY","EXCLUDE_CANDIDATE"
"??",".runtime/n8n/.cache/n8n/public/assets/useAgentConfirmationModal-legacy-BhqTO9Jq.js","RUNTIME_TEMPORARY","EXCLUDE_CANDIDATE"
"??",".runtime/n8n/.cache/n8n/public/assets/useAgentPermissions-T8rDy6QS.js","RUNTIME_TEMPORARY","EXCLUDE_CANDIDATE"
"??",".runtime/n8n/.cache/n8n/public/assets/useAgentPermissions-legacy-D8kWbX1U.js","RUNTIME_TEMPORARY","EXCLUDE_CANDIDATE"
"??",".runtime/n8n/.cache/n8n/public/assets/useAgentPublish-B7fI5tic.js","RUNTIME_TEMPORARY","EXCLUDE_CANDIDATE"
"??",".runtime/n8n/.cache/n8n/public/assets/useAgentPublish-legacy-Da68c220.js","RUNTIME_TEMPORARY","EXCLUDE_CANDIDATE"
"??",".runtime/n8n/.cache/n8n/public/assets/useAgentScopeProjectId-CtKAjJF1.js","RUNTIME_TEMPORARY","EXCLUDE_CANDIDATE"
"??",".runtime/n8n/.cache/n8n/public/assets/useAgentScopeProjectId-legacy-SYChxg-f.js","RUNTIME_TEMPORARY","EXCLUDE_CANDIDATE"
"??",".runtime/n8n/.cache/n8n/public/assets/useAgentTelemetry-iYrdM3J1.js","RUNTIME_TEMPORARY","EXCLUDE_CANDIDATE"
"??",".runtime/n8n/.cache/n8n/public/assets/useAgentTelemetry-legacy-CZMk0lhw.js","RUNTIME_TEMPORARY","EXCLUDE_CANDIDATE"
"??",".runtime/n8n/.cache/n8n/public/assets/useAgentToolTelemetry-BVPQZxGV.js","RUNTIME_TEMPORARY","EXCLUDE_CANDIDATE"
"??",".runtime/n8n/.cache/n8n/public/assets/useAgentToolTelemetry-legacy-CObmChE_.js","RUNTIME_TEMPORARY","EXCLUDE_CANDIDATE"
"??",".runtime/n8n/.cache/n8n/public/assets/useAiGateway-BVNIgQHT.js","RUNTIME_TEMPORARY","EXCLUDE_CANDIDATE"
"??",".runtime/n8n/.cache/n8n/public/assets/useAiGateway-legacy-CzvjDvbe.js","RUNTIME_TEMPORARY","EXCLUDE_CANDIDATE"
"??",".runtime/n8n/.cache/n8n/public/assets/useBugReporting-ZRSujJb5.js","RUNTIME_TEMPORARY","EXCLUDE_CANDIDATE"
"??",".runtime/n8n/.cache/n8n/public/assets/useBugReporting-legacy-DQIRagAb.js","RUNTIME_TEMPORARY","EXCLUDE_CANDIDATE"
"??",".runtime/n8n/.cache/n8n/public/assets/useCalloutHelpers-D-W7gZks.js","RUNTIME_TEMPORARY","EXCLUDE_CANDIDATE"
"??",".runtime/n8n/.cache/n8n/public/assets/useCalloutHelpers-legacy-CrsWiKvS.js","RUNTIME_TEMPORARY","EXCLUDE_CANDIDATE"
"??",".runtime/n8n/.cache/n8n/public/assets/useCanvasMapping.groups-C01Q-trW.js","RUNTIME_TEMPORARY","EXCLUDE_CANDIDATE"
"??",".runtime/n8n/.cache/n8n/public/assets/useCanvasMapping.groups-legacy-Dt37trFt.js","RUNTIME_TEMPORARY","EXCLUDE_CANDIDATE"
"??",".runtime/n8n/.cache/n8n/public/assets/useCanvasOperations-CCjgcrri.css","RUNTIME_TEMPORARY","EXCLUDE_CANDIDATE"
"??",".runtime/n8n/.cache/n8n/public/assets/useCanvasOperations-CT3LF4pL.js","RUNTIME_TEMPORARY","EXCLUDE_CANDIDATE"
"??",".runtime/n8n/.cache/n8n/public/assets/useCanvasOperations-legacy-C0wdcO3d.js","RUNTIME_TEMPORARY","EXCLUDE_CANDIDATE"
"??",".runtime/n8n/.cache/n8n/public/assets/useClipboard-DR__d3bR.js","RUNTIME_TEMPORARY","EXCLUDE_CANDIDATE"
"??",".runtime/n8n/.cache/n8n/public/assets/useClipboard-legacy-fjGWKngu.js","RUNTIME_TEMPORARY","EXCLUDE_CANDIDATE"
"??",".runtime/n8n/.cache/n8n/public/assets/useCodeDiff-VIxc_Iaf.js","RUNTIME_TEMPORARY","EXCLUDE_CANDIDATE"
"??",".runtime/n8n/.cache/n8n/public/assets/useCodeDiff-legacy-yIbextTB.js","RUNTIME_TEMPORARY","EXCLUDE_CANDIDATE"
"??",".runtime/n8n/.cache/n8n/public/assets/useCredentialOAuth-Lr__itTD.js","RUNTIME_TEMPORARY","EXCLUDE_CANDIDATE"
"??",".runtime/n8n/.cache/n8n/public/assets/useCredentialOAuth-legacy-DgKLwnop.js","RUNTIME_TEMPORARY","EXCLUDE_CANDIDATE"
"??",".runtime/n8n/.cache/n8n/public/assets/useCredentialResolvers-CA1O2PID.css","RUNTIME_TEMPORARY","EXCLUDE_CANDIDATE"
"??",".runtime/n8n/.cache/n8n/public/assets/useCredentialResolvers-DdVi4QYc.js","RUNTIME_TEMPORARY","EXCLUDE_CANDIDATE"
"??",".runtime/n8n/.cache/n8n/public/assets/useCredentialResolvers-legacy-CrE0EMmT.js","RUNTIME_TEMPORARY","EXCLUDE_CANDIDATE"
"??",".runtime/n8n/.cache/n8n/public/assets/useCredentialTestInBackground-CgFwejYx.js","RUNTIME_TEMPORARY","EXCLUDE_CANDIDATE"
"??",".runtime/n8n/.cache/n8n/public/assets/useCredentialTestInBackground-legacy-COCi4Kkg.js","RUNTIME_TEMPORARY","EXCLUDE_CANDIDATE"
"??",".runtime/n8n/.cache/n8n/public/assets/useCustomAgent-9w2zN-dj.js","RUNTIME_TEMPORARY","EXCLUDE_CANDIDATE"
"??",".runtime/n8n/.cache/n8n/public/assets/useCustomAgent-legacy-CelNOwEg.js","RUNTIME_TEMPORARY","EXCLUDE_CANDIDATE"
"??",".runtime/n8n/.cache/n8n/public/assets/useDebounce-CC4qF4Ba.js","RUNTIME_TEMPORARY","EXCLUDE_CANDIDATE"
"??",".runtime/n8n/.cache/n8n/public/assets/useDebounce-legacy-C734n_B4.js","RUNTIME_TEMPORARY","EXCLUDE_CANDIDATE"
"??",".runtime/n8n/.cache/n8n/public/assets/useDocumentTitle-DCAIAaKP.js","RUNTIME_TEMPORARY","EXCLUDE_CANDIDATE"
"??",".runtime/n8n/.cache/n8n/public/assets/useDocumentTitle-legacy-DFxgpz8h.js","RUNTIME_TEMPORARY","EXCLUDE_CANDIDATE"
"??",".runtime/n8n/.cache/n8n/public/assets/useDocumentVisibility-DtlxOnDS.js","RUNTIME_TEMPORARY","EXCLUDE_CANDIDATE"
"??",".runtime/n8n/.cache/n8n/public/assets/useDocumentVisibility-legacy-CpBRhGpr.js","RUNTIME_TEMPORARY","EXCLUDE_CANDIDATE"
"??",".runtime/n8n/.cache/n8n/public/assets/useEditorContext-Dr_WHc9z.js","RUNTIME_TEMPORARY","EXCLUDE_CANDIDATE"
"??",".runtime/n8n/.cache/n8n/public/assets/useEditorContext-legacy-BjZBX2q5.js","RUNTIME_TEMPORARY","EXCLUDE_CANDIDATE"
"??",".runtime/n8n/.cache/n8n/public/assets/useEnvFeatureFlag-B3qIKoGQ.js","RUNTIME_TEMPORARY","EXCLUDE_CANDIDATE"
"??",".runtime/n8n/.cache/n8n/public/assets/useEnvFeatureFlag-legacy-C39fi8l8.js","RUNTIME_TEMPORARY","EXCLUDE_CANDIDATE"
"??",".runtime/n8n/.cache/n8n/public/assets/useEvalCollectionsFlag-C1lvP1_1.js","RUNTIME_TEMPORARY","EXCLUDE_CANDIDATE"
"??",".runtime/n8n/.cache/n8n/public/assets/useEvalCollectionsFlag-legacy-D3jUy1Mc.js","RUNTIME_TEMPORARY","EXCLUDE_CANDIDATE"
"??",".runtime/n8n/.cache/n8n/public/assets/useEvaluationsLicense-DLlQoq0X.js","RUNTIME_TEMPORARY","EXCLUDE_CANDIDATE"
"??",".runtime/n8n/.cache/n8n/public/assets/useEvaluationsLicense-legacy-Dc6DgD3v.js","RUNTIME_TEMPORARY","EXCLUDE_CANDIDATE"
"??",".runtime/n8n/.cache/n8n/public/assets/useExecutionData-DHjg9m0g.js","RUNTIME_TEMPORARY","EXCLUDE_CANDIDATE"
"??",".runtime/n8n/.cache/n8n/public/assets/useExecutionData-legacy-CS1ENPlm.js","RUNTIME_TEMPORARY","EXCLUDE_CANDIDATE"
"??",".runtime/n8n/.cache/n8n/public/assets/useExecutionDebugging-B-B9OWHM.js","RUNTIME_TEMPORARY","EXCLUDE_CANDIDATE"
"??",".runtime/n8n/.cache/n8n/public/assets/useExecutionDebugging-legacy-CJRwajiU.js","RUNTIME_TEMPORARY","EXCLUDE_CANDIDATE"
"??",".runtime/n8n/.cache/n8n/public/assets/useExecutionDebugging-vLEQ5ygA.css","RUNTIME_TEMPORARY","EXCLUDE_CANDIDATE"
"??",".runtime/n8n/.cache/n8n/public/assets/useExecutionHelpers-JaaN8NBR.js","RUNTIME_TEMPORARY","EXCLUDE_CANDIDATE"
"??",".runtime/n8n/.cache/n8n/public/assets/useExecutionHelpers-legacy-D-QtCEke.js","RUNTIME_TEMPORARY","EXCLUDE_CANDIDATE"
"??",".runtime/n8n/.cache/n8n/public/assets/useExternalHooks-BG38Z6nn.js","RUNTIME_TEMPORARY","EXCLUDE_CANDIDATE"
"??",".runtime/n8n/.cache/n8n/public/assets/useExternalHooks-D-TQwYsO.js","RUNTIME_TEMPORARY","EXCLUDE_CANDIDATE"
"??",".runtime/n8n/.cache/n8n/public/assets/useExternalHooks-legacy-CjEzETHA.js","RUNTIME_TEMPORARY","EXCLUDE_CANDIDATE"
"??",".runtime/n8n/.cache/n8n/public/assets/useExternalHooks-legacy-CxLW2wGm.js","RUNTIME_TEMPORARY","EXCLUDE_CANDIDATE"
"??",".runtime/n8n/.cache/n8n/public/assets/useFreeAiCredits-CRInL3P_.js","RUNTIME_TEMPORARY","EXCLUDE_CANDIDATE"
"??",".runtime/n8n/.cache/n8n/public/assets/useFreeAiCredits-legacy-C3-XFmuh.js","RUNTIME_TEMPORARY","EXCLUDE_CANDIDATE"
"??",".runtime/n8n/.cache/n8n/public/assets/useGlobalEntityCreation-DvFx6g8h.js","RUNTIME_TEMPORARY","EXCLUDE_CANDIDATE"
"??",".runtime/n8n/.cache/n8n/public/assets/useGlobalEntityCreation-legacy-BFq21BBI.js","RUNTIME_TEMPORARY","EXCLUDE_CANDIDATE"
"??",".runtime/n8n/.cache/n8n/public/assets/useImportCurlCommand-Dkm6luNK.js","RUNTIME_TEMPORARY","EXCLUDE_CANDIDATE"
"??",".runtime/n8n/.cache/n8n/public/assets/useImportCurlCommand-legacy-0Ye5qbHT.js","RUNTIME_TEMPORARY","EXCLUDE_CANDIDATE"
"??",".runtime/n8n/.cache/n8n/public/assets/useInjectWorkflowId-CkW_uv1E.js","RUNTIME_TEMPORARY","EXCLUDE_CANDIDATE"
"??",".runtime/n8n/.cache/n8n/public/assets/useInjectWorkflowId-legacy-DSAfPxTs.js","RUNTIME_TEMPORARY","EXCLUDE_CANDIDATE"
"??",".runtime/n8n/.cache/n8n/public/assets/useInstallNode-DjJmSbTs.js","RUNTIME_TEMPORARY","EXCLUDE_CANDIDATE"
"??",".runtime/n8n/.cache/n8n/public/assets/useInstallNode-legacy-Dma6YlUD.js","RUNTIME_TEMPORARY","EXCLUDE_CANDIDATE"
"??",".runtime/n8n/.cache/n8n/public/assets/useInstanceAiAvailability-D2_OfHHm.js","RUNTIME_TEMPORARY","EXCLUDE_CANDIDATE"
"??",".runtime/n8n/.cache/n8n/public/assets/useInstanceAiAvailability-legacy-GkRSKsc5.js","RUNTIME_TEMPORARY","EXCLUDE_CANDIDATE"
"??",".runtime/n8n/.cache/n8n/public/assets/useInstanceAiCredentialHelp-CgVsqWo3.js","RUNTIME_TEMPORARY","EXCLUDE_CANDIDATE"
"??",".runtime/n8n/.cache/n8n/public/assets/useInstanceAiCredentialHelp-legacy-Dgl0bx5o.js","RUNTIME_TEMPORARY","EXCLUDE_CANDIDATE"
"??",".runtime/n8n/.cache/n8n/public/assets/useInstanceAiEditorCapability-CRy7Vunn.js","RUNTIME_TEMPORARY","EXCLUDE_CANDIDATE"
"??",".runtime/n8n/.cache/n8n/public/assets/useInstanceAiEditorCapability-legacy-CJEVkLQO.js","RUNTIME_TEMPORARY","EXCLUDE_CANDIDATE"
"??",".runtime/n8n/.cache/n8n/public/assets/useInstanceAiHandoff-legacy-CweL-8Ex.js","RUNTIME_TEMPORARY","EXCLUDE_CANDIDATE"
"??",".runtime/n8n/.cache/n8n/public/assets/useInstanceAiHandoff-mrbpe4Bu.js","RUNTIME_TEMPORARY","EXCLUDE_CANDIDATE"
"??",".runtime/n8n/.cache/n8n/public/assets/useIntersectionObserver-CCBxe63A.js","RUNTIME_TEMPORARY","EXCLUDE_CANDIDATE"
"??",".runtime/n8n/.cache/n8n/public/assets/useIntersectionObserver-legacy-GM0VmGg_.js","RUNTIME_TEMPORARY","EXCLUDE_CANDIDATE"
"??",".runtime/n8n/.cache/n8n/public/assets/useKeybindings-CzAwxD1Q.js","RUNTIME_TEMPORARY","EXCLUDE_CANDIDATE"
"??",".runtime/n8n/.cache/n8n/public/assets/useKeybindings-legacy-B_aDbclO.js","RUNTIME_TEMPORARY","EXCLUDE_CANDIDATE"
"??",".runtime/n8n/.cache/n8n/public/assets/useLatestFetch-BKPWa6St.js","RUNTIME_TEMPORARY","EXCLUDE_CANDIDATE"
"??",".runtime/n8n/.cache/n8n/public/assets/useLatestFetch-legacy-CtyhNQOR.js","RUNTIME_TEMPORARY","EXCLUDE_CANDIDATE"
"??",".runtime/n8n/.cache/n8n/public/assets/useLoadingService-CBqhiuQ4.js","RUNTIME_TEMPORARY","EXCLUDE_CANDIDATE"
"??",".runtime/n8n/.cache/n8n/public/assets/useLoadingService-legacy-C2q2Hipq.js","RUNTIME_TEMPORARY","EXCLUDE_CANDIDATE"
"??",".runtime/n8n/.cache/n8n/public/assets/useLogsTreeExpand-DHVWezLy.js","RUNTIME_TEMPORARY","EXCLUDE_CANDIDATE"
"??",".runtime/n8n/.cache/n8n/public/assets/useLogsTreeExpand-DlCDVDZM.css","RUNTIME_TEMPORARY","EXCLUDE_CANDIDATE"
"??",".runtime/n8n/.cache/n8n/public/assets/useLogsTreeExpand-legacy-BGcJljys.js","RUNTIME_TEMPORARY","EXCLUDE_CANDIDATE"
"??",".runtime/n8n/.cache/n8n/public/assets/useMcp-I4Waqj2P.js","RUNTIME_TEMPORARY","EXCLUDE_CANDIDATE"
"??",".runtime/n8n/.cache/n8n/public/assets/useMcp-legacy-bcwu-cc-.js","RUNTIME_TEMPORARY","EXCLUDE_CANDIDATE"
"??",".runtime/n8n/.cache/n8n/public/assets/useMcpServerAdapter-ByjwSe2a.js","RUNTIME_TEMPORARY","EXCLUDE_CANDIDATE"
"??",".runtime/n8n/.cache/n8n/public/assets/useMcpServerAdapter-legacy-DK1xoLfC.js","RUNTIME_TEMPORARY","EXCLUDE_CANDIDATE"
"??",".runtime/n8n/.cache/n8n/public/assets/useMessage-BplE3Jc8.js","RUNTIME_TEMPORARY","EXCLUDE_CANDIDATE"
"??",".runtime/n8n/.cache/n8n/public/assets/useMessage-legacy-2vdiQrK1.js","RUNTIME_TEMPORARY","EXCLUDE_CANDIDATE"
"??",".runtime/n8n/.cache/n8n/public/assets/useMoveResourceToProjectToast-DhGkkIAu.js","RUNTIME_TEMPORARY","EXCLUDE_CANDIDATE"
"??",".runtime/n8n/.cache/n8n/public/assets/useMoveResourceToProjectToast-legacy-CdrQZBoG.js","RUNTIME_TEMPORARY","EXCLUDE_CANDIDATE"
"??",".runtime/n8n/.cache/n8n/public/assets/useNodeCreatorShortcutCoachmark-BCU5VQKt.js","RUNTIME_TEMPORARY","EXCLUDE_CANDIDATE"
"??",".runtime/n8n/.cache/n8n/public/assets/useNodeCreatorShortcutCoachmark-legacy-pbn0TkZ5.js","RUNTIME_TEMPORARY","EXCLUDE_CANDIDATE"
"??",".runtime/n8n/.cache/n8n/public/assets/useNodeHelpers-ZXUiSEHI.js","RUNTIME_TEMPORARY","EXCLUDE_CANDIDATE"
"??",".runtime/n8n/.cache/n8n/public/assets/useNodeHelpers-legacy-CFdMqjXX.js","RUNTIME_TEMPORARY","EXCLUDE_CANDIDATE"
"??",".runtime/n8n/.cache/n8n/public/assets/usePageRedirectionHelper-cMSKh7XZ.js","RUNTIME_TEMPORARY","EXCLUDE_CANDIDATE"
"??",".runtime/n8n/.cache/n8n/public/assets/usePageRedirectionHelper-legacy-2VsJbNfS.js","RUNTIME_TEMPORARY","EXCLUDE_CANDIDATE"
"??",".runtime/n8n/.cache/n8n/public/assets/usePinnedData-CWBUl4Ru.js","RUNTIME_TEMPORARY","EXCLUDE_CANDIDATE"
"??",".runtime/n8n/.cache/n8n/public/assets/usePinnedData-legacy-CL9FCkrL.js","RUNTIME_TEMPORARY","EXCLUDE_CANDIDATE"
"??",".runtime/n8n/.cache/n8n/public/assets/usePostMessageHandler-Dm0FIqEE.js","RUNTIME_TEMPORARY","EXCLUDE_CANDIDATE"
"??",".runtime/n8n/.cache/n8n/public/assets/usePostMessageHandler-legacy-Bq3mcEpp.js","RUNTIME_TEMPORARY","EXCLUDE_CANDIDATE"
"??",".runtime/n8n/.cache/n8n/public/assets/usePrivateCredentials-B-PqVGhp.js","RUNTIME_TEMPORARY","EXCLUDE_CANDIDATE"
"??",".runtime/n8n/.cache/n8n/public/assets/usePrivateCredentials-legacy-DcuT-5oR.js","RUNTIME_TEMPORARY","EXCLUDE_CANDIDATE"
"??",".runtime/n8n/.cache/n8n/public/assets/useProjectAgentsList-OPWrb6kp.js","RUNTIME_TEMPORARY","EXCLUDE_CANDIDATE"
"??",".runtime/n8n/.cache/n8n/public/assets/useProjectAgentsList-legacy-BMkXheS5.js","RUNTIME_TEMPORARY","EXCLUDE_CANDIDATE"
"??",".runtime/n8n/.cache/n8n/public/assets/usePushConnection-B9DEfYOo.js","RUNTIME_TEMPORARY","EXCLUDE_CANDIDATE"
"??",".runtime/n8n/.cache/n8n/public/assets/usePushConnection-legacy-KCKXW_H5.js","RUNTIME_TEMPORARY","EXCLUDE_CANDIDATE"
"??",".runtime/n8n/.cache/n8n/public/assets/usePushConnection-legacy-aIk1vlm7.js","RUNTIME_TEMPORARY","EXCLUDE_CANDIDATE"
"??",".runtime/n8n/.cache/n8n/public/assets/usePushConnection-znyfnm7N.js","RUNTIME_TEMPORARY","EXCLUDE_CANDIDATE"
"??",".runtime/n8n/.cache/n8n/public/assets/useResizablePanel-DToH7rLg.js","RUNTIME_TEMPORARY","EXCLUDE_CANDIDATE"
"??",".runtime/n8n/.cache/n8n/public/assets/useResizablePanel-legacy-BUoCmTcU.js","RUNTIME_TEMPORARY","EXCLUDE_CANDIDATE"
"??",".runtime/n8n/.cache/n8n/public/assets/useRoleEditorForm-CoHuuJFP.css","RUNTIME_TEMPORARY","EXCLUDE_CANDIDATE"
"??",".runtime/n8n/.cache/n8n/public/assets/useRoleEditorForm-QXEHIaZq.js","RUNTIME_TEMPORARY","EXCLUDE_CANDIDATE"
"??",".runtime/n8n/.cache/n8n/public/assets/useRoleEditorForm-legacy-Bb_iT9Xy.js","RUNTIME_TEMPORARY","EXCLUDE_CANDIDATE"
"??",".runtime/n8n/.cache/n8n/public/assets/useRootStore-Wpp-WlU-.js","RUNTIME_TEMPORARY","EXCLUDE_CANDIDATE"
"??",".runtime/n8n/.cache/n8n/public/assets/useRootStore-legacy-DxYBK9W6.js","RUNTIME_TEMPORARY","EXCLUDE_CANDIDATE"
"??",".runtime/n8n/.cache/n8n/public/assets/useRunWorkflow-Yr0Kca5p.js","RUNTIME_TEMPORARY","EXCLUDE_CANDIDATE"
"??",".runtime/n8n/.cache/n8n/public/assets/useRunWorkflow-legacy-Bm08VwFG.js","RUNTIME_TEMPORARY","EXCLUDE_CANDIDATE"
"??",".runtime/n8n/.cache/n8n/public/assets/useSecretsProviderConnection.ee-DUUMH6KN.js","RUNTIME_TEMPORARY","EXCLUDE_CANDIDATE"
"??",".runtime/n8n/.cache/n8n/public/assets/useSecretsProviderConnection.ee-legacy-mC4lC8v2.js","RUNTIME_TEMPORARY","EXCLUDE_CANDIDATE"
"??",".runtime/n8n/.cache/n8n/public/assets/useSecretsProvidersList.ee-CtUXWqnz.js","RUNTIME_TEMPORARY","EXCLUDE_CANDIDATE"
"??",".runtime/n8n/.cache/n8n/public/assets/useSecretsProvidersList.ee-legacy-CWPUDn9D.js","RUNTIME_TEMPORARY","EXCLUDE_CANDIDATE"
"??",".runtime/n8n/.cache/n8n/public/assets/useSettingsItems-BnZfv3e5.js","RUNTIME_TEMPORARY","EXCLUDE_CANDIDATE"
"??",".runtime/n8n/.cache/n8n/public/assets/useSettingsItems-legacy-D5RqQcBt.js","RUNTIME_TEMPORARY","EXCLUDE_CANDIDATE"
"??",".runtime/n8n/.cache/n8n/public/assets/useSidebarLayout-CKtkIRSM.js","RUNTIME_TEMPORARY","EXCLUDE_CANDIDATE"
"??",".runtime/n8n/.cache/n8n/public/assets/useSidebarLayout-legacy-CF7JH68N.js","RUNTIME_TEMPORARY","EXCLUDE_CANDIDATE"
"??",".runtime/n8n/.cache/n8n/public/assets/useStyles-BdmG0eEV.js","RUNTIME_TEMPORARY","EXCLUDE_CANDIDATE"
"??",".runtime/n8n/.cache/n8n/public/assets/useStyles-legacy-BJAXdtjy.js","RUNTIME_TEMPORARY","EXCLUDE_CANDIDATE"
"??",".runtime/n8n/.cache/n8n/public/assets/useTagPermissions-4fmkjbAn.js","RUNTIME_TEMPORARY","EXCLUDE_CANDIDATE"
"??",".runtime/n8n/.cache/n8n/public/assets/useTagPermissions-legacy-QDYCSXxS.js","RUNTIME_TEMPORARY","EXCLUDE_CANDIDATE"
"??",".runtime/n8n/.cache/n8n/public/assets/useTelemetry-legacy-mX2EJsmB.js","RUNTIME_TEMPORARY","EXCLUDE_CANDIDATE"
"??",".runtime/n8n/.cache/n8n/public/assets/useTelemetry-madv5f-q.js","RUNTIME_TEMPORARY","EXCLUDE_CANDIDATE"
"??",".runtime/n8n/.cache/n8n/public/assets/useTelemetryContext-CWjs36qh.js","RUNTIME_TEMPORARY","EXCLUDE_CANDIDATE"
"??",".runtime/n8n/.cache/n8n/public/assets/useTelemetryContext-DP1IjWBS.css","RUNTIME_TEMPORARY","EXCLUDE_CANDIDATE"
"??",".runtime/n8n/.cache/n8n/public/assets/useTelemetryContext-legacy-D_bAN9Gl.js","RUNTIME_TEMPORARY","EXCLUDE_CANDIDATE"
"??",".runtime/n8n/.cache/n8n/public/assets/useToast-legacy-CXoWrDXB.js","RUNTIME_TEMPORARY","EXCLUDE_CANDIDATE"
"??",".runtime/n8n/.cache/n8n/public/assets/useToast-s_kUM56z.js","RUNTIME_TEMPORARY","EXCLUDE_CANDIDATE"
"??",".runtime/n8n/.cache/n8n/public/assets/useWorkflowActivate-C0cb1rQ2.js","RUNTIME_TEMPORARY","EXCLUDE_CANDIDATE"
"??",".runtime/n8n/.cache/n8n/public/assets/useWorkflowActivate-legacy-D31ZwHiz.js","RUNTIME_TEMPORARY","EXCLUDE_CANDIDATE"
"??",".runtime/n8n/.cache/n8n/public/assets/useWorkflowDocumentRenderData--tn5b95r.css","RUNTIME_TEMPORARY","EXCLUDE_CANDIDATE"
"??",".runtime/n8n/.cache/n8n/public/assets/useWorkflowDocumentRenderData-BwwNoyZr.js","RUNTIME_TEMPORARY","EXCLUDE_CANDIDATE"
"??",".runtime/n8n/.cache/n8n/public/assets/useWorkflowDocumentRenderData-legacy-lEKtIRGx.js","RUNTIME_TEMPORARY","EXCLUDE_CANDIDATE"
"??",".runtime/n8n/.cache/n8n/public/assets/useWorkflowEvaluationState-OKIb3wDN.js","RUNTIME_TEMPORARY","EXCLUDE_CANDIDATE"
"??",".runtime/n8n/.cache/n8n/public/assets/useWorkflowEvaluationState-legacy-C0W8mdaH.js","RUNTIME_TEMPORARY","EXCLUDE_CANDIDATE"
"??",".runtime/n8n/.cache/n8n/public/assets/useWorkflowInitialization-DeEKXhft.js","RUNTIME_TEMPORARY","EXCLUDE_CANDIDATE"
"??",".runtime/n8n/.cache/n8n/public/assets/useWorkflowInitialization-legacy-BZHj6UWX.js","RUNTIME_TEMPORARY","EXCLUDE_CANDIDATE"
"??",".runtime/n8n/.cache/n8n/public/assets/useWorkflowReviewsFeature-CY2rk8lv.js","RUNTIME_TEMPORARY","EXCLUDE_CANDIDATE"
"??",".runtime/n8n/.cache/n8n/public/assets/useWorkflowReviewsFeature-legacy-DSpyIUxv.js","RUNTIME_TEMPORARY","EXCLUDE_CANDIDATE"
"??",".runtime/n8n/.cache/n8n/public/assets/useWorkflowsEmptyState-C5Y9eOlz.css","RUNTIME_TEMPORARY","EXCLUDE_CANDIDATE"
"??",".runtime/n8n/.cache/n8n/public/assets/useWorkflowsEmptyState-DSEhtSP6.js","RUNTIME_TEMPORARY","EXCLUDE_CANDIDATE"
"??",".runtime/n8n/.cache/n8n/public/assets/useWorkflowsEmptyState-legacy-CeU0etxF.js","RUNTIME_TEMPORARY","EXCLUDE_CANDIDATE"
"??",".runtime/n8n/.cache/n8n/public/assets/userRoleProvisioning.store-CXJGSQLf.js","RUNTIME_TEMPORARY","EXCLUDE_CANDIDATE"
"??",".runtime/n8n/.cache/n8n/public/assets/userRoleProvisioning.store-legacy-8_2PAlrf.js","RUNTIME_TEMPORARY","EXCLUDE_CANDIDATE"
"??",".runtime/n8n/.cache/n8n/public/assets/users.store-DMVgJBNH.js","RUNTIME_TEMPORARY","EXCLUDE_CANDIDATE"
"??",".runtime/n8n/.cache/n8n/public/assets/users.store-legacy-DuBMP7Sl.js","RUNTIME_TEMPORARY","EXCLUDE_CANDIDATE"
"??",".runtime/n8n/.cache/n8n/public/assets/utils--NnCWD7y.js","RUNTIME_TEMPORARY","EXCLUDE_CANDIDATE"
"??",".runtime/n8n/.cache/n8n/public/assets/utils-CUxEvE-4.js","RUNTIME_TEMPORARY","EXCLUDE_CANDIDATE"
"??",".runtime/n8n/.cache/n8n/public/assets/utils-legacy-C9Vn5zWc.js","RUNTIME_TEMPORARY","EXCLUDE_CANDIDATE"
"??",".runtime/n8n/.cache/n8n/public/assets/utils-legacy-DOElhp0Y.js","RUNTIME_TEMPORARY","EXCLUDE_CANDIDATE"
"??",".runtime/n8n/.cache/n8n/public/assets/verified-BubwEaxk.js","RUNTIME_TEMPORARY","EXCLUDE_CANDIDATE"
"??",".runtime/n8n/.cache/n8n/public/assets/verified-legacy-DIG83TJB.js","RUNTIME_TEMPORARY","EXCLUDE_CANDIDATE"
"??",".runtime/n8n/.cache/n8n/public/assets/versions.store-CKcGKfzP.js","RUNTIME_TEMPORARY","EXCLUDE_CANDIDATE"
"??",".runtime/n8n/.cache/n8n/public/assets/versions.store-legacy-DPcZFoHt.js","RUNTIME_TEMPORARY","EXCLUDE_CANDIDATE"
"??",".runtime/n8n/.cache/n8n/public/assets/views-legacy-MfIeKcIS.js","RUNTIME_TEMPORARY","EXCLUDE_CANDIDATE"
"??",".runtime/n8n/.cache/n8n/public/assets/views-tGKtzo-t.js","RUNTIME_TEMPORARY","EXCLUDE_CANDIDATE"
"??",".runtime/n8n/.cache/n8n/public/assets/vue-json-pretty-hZLG2qpU.js","RUNTIME_TEMPORARY","EXCLUDE_CANDIDATE"
"??",".runtime/n8n/.cache/n8n/public/assets/vue-json-pretty-legacy-BOTmhbPD.js","RUNTIME_TEMPORARY","EXCLUDE_CANDIDATE"
"??",".runtime/n8n/.cache/n8n/public/assets/vue.runtime.esm-bundler-BvR2Xsuz.js","RUNTIME_TEMPORARY","EXCLUDE_CANDIDATE"
"??",".runtime/n8n/.cache/n8n/public/assets/vue.runtime.esm-bundler-legacy-CqwurYfy.js","RUNTIME_TEMPORARY","EXCLUDE_CANDIDATE"
"??",".runtime/n8n/.cache/n8n/public/assets/vuedraggable-Crqdk2H9.js","RUNTIME_TEMPORARY","EXCLUDE_CANDIDATE"
"??",".runtime/n8n/.cache/n8n/public/assets/vuedraggable-legacy-B0hQT9Dt.js","RUNTIME_TEMPORARY","EXCLUDE_CANDIDATE"
"??",".runtime/n8n/.cache/n8n/public/assets/worker-BPZC1mFD.js","RUNTIME_TEMPORARY","EXCLUDE_CANDIDATE"
"??",".runtime/n8n/.cache/n8n/public/assets/worker-wMKV1C9s.js","RUNTIME_TEMPORARY","EXCLUDE_CANDIDATE"
"??",".runtime/n8n/.cache/n8n/public/assets/workers-DstGCw1s.js","RUNTIME_TEMPORARY","EXCLUDE_CANDIDATE"
"??",".runtime/n8n/.cache/n8n/public/assets/workers-legacy-CrPzannx.js","RUNTIME_TEMPORARY","EXCLUDE_CANDIDATE"
"??",".runtime/n8n/.cache/n8n/public/assets/workflowReviews.api-CojyvRxP.js","RUNTIME_TEMPORARY","EXCLUDE_CANDIDATE"
"??",".runtime/n8n/.cache/n8n/public/assets/workflowReviews.api-legacy-CZnr0wHK.js","RUNTIME_TEMPORARY","EXCLUDE_CANDIDATE"
"??",".runtime/n8n/.cache/n8n/public/assets/workflows.store-Dv_TnDXN.js","RUNTIME_TEMPORARY","EXCLUDE_CANDIDATE"
"??",".runtime/n8n/.cache/n8n/public/assets/workflows.store-legacy-B1JNHqwi.js","RUNTIME_TEMPORARY","EXCLUDE_CANDIDATE"
"??",".runtime/n8n/.cache/n8n/public/assets/workflowsList.store-YLRLENko.js","RUNTIME_TEMPORARY","EXCLUDE_CANDIDATE"
"??",".runtime/n8n/.cache/n8n/public/assets/workflowsList.store-legacy-CLWq_U6a.js","RUNTIME_TEMPORARY","EXCLUDE_CANDIDATE"
"??",".runtime/n8n/.cache/n8n/public/assets/xml-BX39pQ9r.js","RUNTIME_TEMPORARY","EXCLUDE_CANDIDATE"
"??",".runtime/n8n/.cache/n8n/public/assets/xml-legacy-C7SzIaBI.js","RUNTIME_TEMPORARY","EXCLUDE_CANDIDATE"
"??",".runtime/n8n/.cache/n8n/public/assets/z-indexes-legacy-BRtJl9AL.js","RUNTIME_TEMPORARY","EXCLUDE_CANDIDATE"
"??",".runtime/n8n/.cache/n8n/public/assets/z-indexes-xzj0I3vi.js","RUNTIME_TEMPORARY","EXCLUDE_CANDIDATE"
"??",".runtime/n8n/.cache/n8n/public/index.html","RUNTIME_TEMPORARY","EXCLUDE_CANDIDATE"
"??",".runtime/n8n/.cache/n8n/public/static/base-path.js","RUNTIME_TEMPORARY","EXCLUDE_CANDIDATE"
"??",".runtime/n8n/.cache/n8n/public/static/posthog.init.js","RUNTIME_TEMPORARY","EXCLUDE_CANDIDATE"
"??",".runtime/n8n/.cache/n8n/public/static/prefers-color-scheme.css","RUNTIME_TEMPORARY","EXCLUDE_CANDIDATE"
"??",".runtime/n8n/.cache/n8n/public/types/credentials.json","RUNTIME_TEMPORARY","EXCLUDE_CANDIDATE"
"??",".runtime/n8n/.cache/n8n/public/types/node-versions.json","RUNTIME_TEMPORARY","EXCLUDE_CANDIDATE"
"??",".runtime/n8n/.cache/n8n/public/types/nodes.json","RUNTIME_TEMPORARY","EXCLUDE_CANDIDATE"
"??",".runtime/n8n/.n8n/config","RUNTIME_TEMPORARY","EXCLUDE_CANDIDATE"
"??",".runtime/n8n/.n8n/database.sqlite","RUNTIME_TEMPORARY","EXCLUDE_CANDIDATE"
"??",".runtime/n8n/.n8n/database.sqlite-shm","RUNTIME_TEMPORARY","EXCLUDE_CANDIDATE"
"??",".runtime/n8n/.n8n/database.sqlite-wal","RUNTIME_TEMPORARY","EXCLUDE_CANDIDATE"
"??",".runtime/n8n/.n8n/nodes/package.json","RUNTIME_TEMPORARY","EXCLUDE_CANDIDATE"
"??","artifacts/consolidation/PCI-001.2-v1.0.0/post-sync-dashboard.html","EXECUTION_EVIDENCE","EVIDENCE_REVIEW"
"??","artifacts/consolidation/PCI-002-v1.1.2/cycle-1/dashboard.html","EXECUTION_EVIDENCE","EVIDENCE_REVIEW"
"??","artifacts/consolidation/PCI-002-v1.1.2/cycle-1/registry-backup/00_REGISTRO_MAESTRO_COMPONENTES.md","EXECUTION_EVIDENCE","EVIDENCE_REVIEW"
"??","artifacts/consolidation/PCI-002-v1.1.2/cycle-2/dashboard.html","EXECUTION_EVIDENCE","EVIDENCE_REVIEW"
"??","artifacts/consolidation/PCI-002-v1.1.2/cycle-2/registry-backup/00_REGISTRO_MAESTRO_COMPONENTES.md","EXECUTION_EVIDENCE","EVIDENCE_REVIEW"
"??","artifacts/consolidation/PCI-002-v1.1.2/cycle-3/dashboard.html","EXECUTION_EVIDENCE","EVIDENCE_REVIEW"
"??","artifacts/consolidation/PCI-002-v1.1.2/cycle-3/registry-backup/00_REGISTRO_MAESTRO_COMPONENTES.md","EXECUTION_EVIDENCE","EVIDENCE_REVIEW"
"??","artifacts/consolidation/PCI-002-v1.1.2/real-repository-final-validation/dashboard.html","EXECUTION_EVIDENCE","EVIDENCE_REVIEW"
"??","artifacts/consolidation/PCI-002-v1.1.2/repository-backup/artifacts/consolidation/PCI-002-v1.1.2/cycle-1/dashboard.html","BACKUP_HISTORICAL","PRESERVE_NOT_STAGE"
"??","artifacts/consolidation/PCI-002-v1.1.2/repository-backup/artifacts/consolidation/PCI-002-v1.1.2/cycle-1/index-preview.md","BACKUP_HISTORICAL","PRESERVE_NOT_STAGE"
"??","artifacts/consolidation/PCI-002-v1.1.2/repository-backup/artifacts/consolidation/PCI-002-v1.1.2/cycle-1/index-sync.json","BACKUP_HISTORICAL","PRESERVE_NOT_STAGE"
"??","artifacts/consolidation/PCI-002-v1.1.2/repository-backup/artifacts/consolidation/PCI-002-v1.1.2/cycle-1/intelligent-audit.json","BACKUP_HISTORICAL","PRESERVE_NOT_STAGE"
"??","artifacts/consolidation/PCI-002-v1.1.2/repository-backup/artifacts/consolidation/PCI-002-v1.1.2/cycle-1/intelligent-audit.md","BACKUP_HISTORICAL","PRESERVE_NOT_STAGE"
"??","artifacts/consolidation/PCI-002-v1.1.2/repository-backup/artifacts/consolidation/PCI-002-v1.1.2/cycle-1/metrics.json","BACKUP_HISTORICAL","PRESERVE_NOT_STAGE"
"??","artifacts/consolidation/PCI-002-v1.1.2/repository-backup/artifacts/consolidation/PCI-002-v1.1.2/cycle-1/pmo.json","BACKUP_HISTORICAL","PRESERVE_NOT_STAGE"
"??","artifacts/consolidation/PCI-002-v1.1.2/repository-backup/artifacts/consolidation/PCI-002-v1.1.2/cycle-1/registry-backup/00_REGISTRO_MAESTRO_COMPONENTES.md","BACKUP_HISTORICAL","PRESERVE_NOT_STAGE"
"??","artifacts/consolidation/PCI-002-v1.1.2/repository-backup/artifacts/consolidation/PCI-002-v1.1.2/cycle-1/registry-determinism.json","BACKUP_HISTORICAL","PRESERVE_NOT_STAGE"
"??","artifacts/consolidation/PCI-002-v1.1.2/repository-backup/artifacts/consolidation/PCI-002-v1.1.2/cycle-1/repository-validation.json","BACKUP_HISTORICAL","PRESERVE_NOT_STAGE"
"??","artifacts/consolidation/PCI-002-v1.1.2/repository-backup/artifacts/consolidation/PCI-002-v1.1.2/cycle-1/traceability.json","BACKUP_HISTORICAL","PRESERVE_NOT_STAGE"
"??","artifacts/consolidation/PCI-002-v1.1.2/repository-backup/artifacts/consolidation/PCI-002-v1.1.2/cycle-2/dashboard.html","BACKUP_HISTORICAL","PRESERVE_NOT_STAGE"
"??","artifacts/consolidation/PCI-002-v1.1.2/repository-backup/artifacts/consolidation/PCI-002-v1.1.2/cycle-2/index-preview.md","BACKUP_HISTORICAL","PRESERVE_NOT_STAGE"
"??","artifacts/consolidation/PCI-002-v1.1.2/repository-backup/artifacts/consolidation/PCI-002-v1.1.2/cycle-2/index-sync.json","BACKUP_HISTORICAL","PRESERVE_NOT_STAGE"
"??","artifacts/consolidation/PCI-002-v1.1.2/repository-backup/artifacts/consolidation/PCI-002-v1.1.2/cycle-2/intelligent-audit.json","BACKUP_HISTORICAL","PRESERVE_NOT_STAGE"
"??","artifacts/consolidation/PCI-002-v1.1.2/repository-backup/artifacts/consolidation/PCI-002-v1.1.2/cycle-2/intelligent-audit.md","BACKUP_HISTORICAL","PRESERVE_NOT_STAGE"
"??","artifacts/consolidation/PCI-002-v1.1.2/repository-backup/artifacts/consolidation/PCI-002-v1.1.2/cycle-2/metrics.json","BACKUP_HISTORICAL","PRESERVE_NOT_STAGE"
"??","artifacts/consolidation/PCI-002-v1.1.2/repository-backup/artifacts/consolidation/PCI-002-v1.1.2/cycle-2/pmo.json","BACKUP_HISTORICAL","PRESERVE_NOT_STAGE"
"??","artifacts/consolidation/PCI-002-v1.1.2/repository-backup/artifacts/consolidation/PCI-002-v1.1.2/cycle-2/registry-backup/00_REGISTRO_MAESTRO_COMPONENTES.md","BACKUP_HISTORICAL","PRESERVE_NOT_STAGE"
"??","artifacts/consolidation/PCI-002-v1.1.2/repository-backup/artifacts/consolidation/PCI-002-v1.1.2/cycle-2/registry-determinism.json","BACKUP_HISTORICAL","PRESERVE_NOT_STAGE"
"??","artifacts/consolidation/PCI-002-v1.1.2/repository-backup/artifacts/consolidation/PCI-002-v1.1.2/cycle-2/repository-validation.json","BACKUP_HISTORICAL","PRESERVE_NOT_STAGE"
"??","artifacts/consolidation/PCI-002-v1.1.2/repository-backup/artifacts/consolidation/PCI-002-v1.1.2/cycle-2/traceability.json","BACKUP_HISTORICAL","PRESERVE_NOT_STAGE"
"??","artifacts/consolidation/PCI-002-v1.1.2/repository-backup/artifacts/consolidation/PCI-002-v1.1.2/cycle-3/dashboard.html","BACKUP_HISTORICAL","PRESERVE_NOT_STAGE"
"??","artifacts/consolidation/PCI-002-v1.1.2/repository-backup/artifacts/consolidation/PCI-002-v1.1.2/cycle-3/index-preview.md","BACKUP_HISTORICAL","PRESERVE_NOT_STAGE"
"??","artifacts/consolidation/PCI-002-v1.1.2/repository-backup/artifacts/consolidation/PCI-002-v1.1.2/cycle-3/index-sync.json","BACKUP_HISTORICAL","PRESERVE_NOT_STAGE"
"??","artifacts/consolidation/PCI-002-v1.1.2/repository-backup/artifacts/consolidation/PCI-002-v1.1.2/cycle-3/intelligent-audit.json","BACKUP_HISTORICAL","PRESERVE_NOT_STAGE"
"??","artifacts/consolidation/PCI-002-v1.1.2/repository-backup/artifacts/consolidation/PCI-002-v1.1.2/cycle-3/intelligent-audit.md","BACKUP_HISTORICAL","PRESERVE_NOT_STAGE"
"??","artifacts/consolidation/PCI-002-v1.1.2/repository-backup/artifacts/consolidation/PCI-002-v1.1.2/cycle-3/metrics.json","BACKUP_HISTORICAL","PRESERVE_NOT_STAGE"
"??","artifacts/consolidation/PCI-002-v1.1.2/repository-backup/artifacts/consolidation/PCI-002-v1.1.2/cycle-3/pmo.json","BACKUP_HISTORICAL","PRESERVE_NOT_STAGE"
"??","artifacts/consolidation/PCI-002-v1.1.2/repository-backup/artifacts/consolidation/PCI-002-v1.1.2/cycle-3/registry-backup/00_REGISTRO_MAESTRO_COMPONENTES.md","BACKUP_HISTORICAL","PRESERVE_NOT_STAGE"
"??","artifacts/consolidation/PCI-002-v1.1.2/repository-backup/artifacts/consolidation/PCI-002-v1.1.2/cycle-3/registry-determinism.json","BACKUP_HISTORICAL","PRESERVE_NOT_STAGE"
"??","artifacts/consolidation/PCI-002-v1.1.2/repository-backup/artifacts/consolidation/PCI-002-v1.1.2/cycle-3/repository-validation.json","BACKUP_HISTORICAL","PRESERVE_NOT_STAGE"
"??","artifacts/consolidation/PCI-002-v1.1.2/repository-backup/artifacts/consolidation/PCI-002-v1.1.2/cycle-3/traceability.json","BACKUP_HISTORICAL","PRESERVE_NOT_STAGE"
"??","artifacts/consolidation/PCI-002-v1.1.2/repository-backup/artifacts/consolidation/PCI-002-v1.1.2/institutional-consolidation-report.json","BACKUP_HISTORICAL","PRESERVE_NOT_STAGE"
"??","artifacts/consolidation/PCI-002-v1.1.2/repository-backup/artifacts/consolidation/PCI-002-v1.1.2/real-release-validation.json","BACKUP_HISTORICAL","PRESERVE_NOT_STAGE"
"??","artifacts/consolidation/PCI-002-v1.1.2/repository-backup/artifacts/consolidation/PCI-002-v1.1.2/real-repository-final-validation/audit.json","BACKUP_HISTORICAL","PRESERVE_NOT_STAGE"
"??","artifacts/consolidation/PCI-002-v1.1.2/repository-backup/artifacts/consolidation/PCI-002-v1.1.2/real-repository-final-validation/audit.md","BACKUP_HISTORICAL","PRESERVE_NOT_STAGE"
"??","artifacts/consolidation/PCI-002-v1.1.2/repository-backup/artifacts/consolidation/PCI-002-v1.1.2/real-repository-final-validation/dashboard.html","BACKUP_HISTORICAL","PRESERVE_NOT_STAGE"
"??","artifacts/consolidation/PCI-002-v1.1.2/repository-backup/artifacts/consolidation/PCI-002-v1.1.2/real-repository-final-validation/index-preview.md","BACKUP_HISTORICAL","PRESERVE_NOT_STAGE"
"??","artifacts/consolidation/PCI-002-v1.1.2/repository-backup/artifacts/consolidation/PCI-002-v1.1.2/real-repository-final-validation/index-sync.json","BACKUP_HISTORICAL","PRESERVE_NOT_STAGE"
"??","artifacts/consolidation/PCI-002-v1.1.2/repository-backup/artifacts/consolidation/PCI-002-v1.1.2/real-repository-final-validation/metrics.json","BACKUP_HISTORICAL","PRESERVE_NOT_STAGE"
"??","artifacts/consolidation/PCI-002-v1.1.2/repository-backup/artifacts/consolidation/PCI-002-v1.1.2/real-repository-final-validation/pmo.json","BACKUP_HISTORICAL","PRESERVE_NOT_STAGE"
"??","artifacts/consolidation/PCI-002-v1.1.2/repository-backup/artifacts/consolidation/PCI-002-v1.1.2/real-repository-final-validation/traceability.json","BACKUP_HISTORICAL","PRESERVE_NOT_STAGE"
"??","artifacts/consolidation/PCI-002-v1.1.2/repository-backup/artifacts/consolidation/PCI-002-v1.1.2/release-validation.json","BACKUP_HISTORICAL","PRESERVE_NOT_STAGE"
"??","artifacts/consolidation/PCI-002-v1.1.2/repository-backup/artifacts/consolidation/PCI-002-v1.1.2/repository-backup/artifacts/consolidation/PCI-002-v1.1.2/cycle-1/dashboard.html","BACKUP_HISTORICAL","PRESERVE_NOT_STAGE"
"??","artifacts/consolidation/PCI-002-v1.1.2/repository-backup/artifacts/consolidation/PCI-002-v1.1.2/repository-backup/artifacts/consolidation/PCI-002-v1.1.2/cycle-1/index-preview.md","BACKUP_HISTORICAL","PRESERVE_NOT_STAGE"
"??","artifacts/consolidation/PCI-002-v1.1.2/repository-backup/artifacts/consolidation/PCI-002-v1.1.2/repository-backup/artifacts/consolidation/PCI-002-v1.1.2/cycle-1/index-sync.json","BACKUP_HISTORICAL","PRESERVE_NOT_STAGE"
"??","artifacts/consolidation/PCI-002-v1.1.2/repository-backup/artifacts/consolidation/PCI-002-v1.1.2/repository-backup/artifacts/consolidation/PCI-002-v1.1.2/cycle-1/intelligent-audit.json","BACKUP_HISTORICAL","PRESERVE_NOT_STAGE"
"??","artifacts/consolidation/PCI-002-v1.1.2/repository-backup/artifacts/consolidation/PCI-002-v1.1.2/repository-backup/artifacts/consolidation/PCI-002-v1.1.2/cycle-1/intelligent-audit.md","BACKUP_HISTORICAL","PRESERVE_NOT_STAGE"
"??","artifacts/consolidation/PCI-002-v1.1.2/repository-backup/artifacts/consolidation/PCI-002-v1.1.2/repository-backup/artifacts/consolidation/PCI-002-v1.1.2/cycle-1/metrics.json","BACKUP_HISTORICAL","PRESERVE_NOT_STAGE"
"??","artifacts/consolidation/PCI-002-v1.1.2/repository-backup/artifacts/consolidation/PCI-002-v1.1.2/repository-backup/artifacts/consolidation/PCI-002-v1.1.2/cycle-1/pmo.json","BACKUP_HISTORICAL","PRESERVE_NOT_STAGE"
"??","artifacts/consolidation/PCI-002-v1.1.2/repository-backup/artifacts/consolidation/PCI-002-v1.1.2/repository-backup/artifacts/consolidation/PCI-002-v1.1.2/cycle-1/registry-backup/00_REGISTRO_MAESTRO_COMPONENTES.md","BACKUP_HISTORICAL","PRESERVE_NOT_STAGE"
"??","artifacts/consolidation/PCI-002-v1.1.2/repository-backup/artifacts/consolidation/PCI-002-v1.1.2/repository-backup/artifacts/consolidation/PCI-002-v1.1.2/cycle-1/registry-determinism.json","BACKUP_HISTORICAL","PRESERVE_NOT_STAGE"
"??","artifacts/consolidation/PCI-002-v1.1.2/repository-backup/artifacts/consolidation/PCI-002-v1.1.2/repository-backup/artifacts/consolidation/PCI-002-v1.1.2/cycle-1/repository-validation.json","BACKUP_HISTORICAL","PRESERVE_NOT_STAGE"
"??","artifacts/consolidation/PCI-002-v1.1.2/repository-backup/artifacts/consolidation/PCI-002-v1.1.2/repository-backup/artifacts/consolidation/PCI-002-v1.1.2/cycle-1/traceability.json","BACKUP_HISTORICAL","PRESERVE_NOT_STAGE"
"??","artifacts/consolidation/PCI-002-v1.1.2/repository-backup/artifacts/consolidation/PCI-002-v1.1.2/repository-backup/artifacts/consolidation/PCI-002-v1.1.2/cycle-2/dashboard.html","BACKUP_HISTORICAL","PRESERVE_NOT_STAGE"
"??","artifacts/consolidation/PCI-002-v1.1.2/repository-backup/artifacts/consolidation/PCI-002-v1.1.2/repository-backup/artifacts/consolidation/PCI-002-v1.1.2/cycle-2/index-preview.md","BACKUP_HISTORICAL","PRESERVE_NOT_STAGE"
"??","artifacts/consolidation/PCI-002-v1.1.2/repository-backup/artifacts/consolidation/PCI-002-v1.1.2/repository-backup/artifacts/consolidation/PCI-002-v1.1.2/cycle-2/index-sync.json","BACKUP_HISTORICAL","PRESERVE_NOT_STAGE"
"??","artifacts/consolidation/PCI-002-v1.1.2/repository-backup/artifacts/consolidation/PCI-002-v1.1.2/repository-backup/artifacts/consolidation/PCI-002-v1.1.2/cycle-2/intelligent-audit.json","BACKUP_HISTORICAL","PRESERVE_NOT_STAGE"
"??","artifacts/consolidation/PCI-002-v1.1.2/repository-backup/artifacts/consolidation/PCI-002-v1.1.2/repository-backup/artifacts/consolidation/PCI-002-v1.1.2/cycle-2/intelligent-audit.md","BACKUP_HISTORICAL","PRESERVE_NOT_STAGE"
"??","artifacts/consolidation/PCI-002-v1.1.2/repository-backup/artifacts/consolidation/PCI-002-v1.1.2/repository-backup/artifacts/consolidation/PCI-002-v1.1.2/cycle-2/metrics.json","BACKUP_HISTORICAL","PRESERVE_NOT_STAGE"
"??","artifacts/consolidation/PCI-002-v1.1.2/repository-backup/artifacts/consolidation/PCI-002-v1.1.2/repository-backup/artifacts/consolidation/PCI-002-v1.1.2/cycle-2/pmo.json","BACKUP_HISTORICAL","PRESERVE_NOT_STAGE"
"??","artifacts/consolidation/PCI-002-v1.1.2/repository-backup/artifacts/consolidation/PCI-002-v1.1.2/repository-backup/artifacts/consolidation/PCI-002-v1.1.2/cycle-2/registry-backup/00_REGISTRO_MAESTRO_COMPONENTES.md","BACKUP_HISTORICAL","PRESERVE_NOT_STAGE"
"??","artifacts/consolidation/PCI-002-v1.1.2/repository-backup/artifacts/consolidation/PCI-002-v1.1.2/repository-backup/artifacts/consolidation/PCI-002-v1.1.2/cycle-2/registry-determinism.json","BACKUP_HISTORICAL","PRESERVE_NOT_STAGE"
"??","artifacts/consolidation/PCI-002-v1.1.2/repository-backup/artifacts/consolidation/PCI-002-v1.1.2/repository-backup/artifacts/consolidation/PCI-002-v1.1.2/cycle-2/repository-validation.json","BACKUP_HISTORICAL","PRESERVE_NOT_STAGE"
"??","artifacts/consolidation/PCI-002-v1.1.2/repository-backup/artifacts/consolidation/PCI-002-v1.1.2/repository-backup/artifacts/consolidation/PCI-002-v1.1.2/cycle-2/traceability.json","BACKUP_HISTORICAL","PRESERVE_NOT_STAGE"
"??","artifacts/consolidation/PCI-002-v1.1.2/repository-backup/artifacts/consolidation/PCI-002-v1.1.2/repository-backup/artifacts/consolidation/PCI-002-v1.1.2/cycle-3/dashboard.html","BACKUP_HISTORICAL","PRESERVE_NOT_STAGE"
"??","artifacts/consolidation/PCI-002-v1.1.2/repository-backup/artifacts/consolidation/PCI-002-v1.1.2/repository-backup/artifacts/consolidation/PCI-002-v1.1.2/cycle-3/index-preview.md","BACKUP_HISTORICAL","PRESERVE_NOT_STAGE"
"??","artifacts/consolidation/PCI-002-v1.1.2/repository-backup/artifacts/consolidation/PCI-002-v1.1.2/repository-backup/artifacts/consolidation/PCI-002-v1.1.2/cycle-3/index-sync.json","BACKUP_HISTORICAL","PRESERVE_NOT_STAGE"
"??","artifacts/consolidation/PCI-002-v1.1.2/repository-backup/artifacts/consolidation/PCI-002-v1.1.2/repository-backup/artifacts/consolidation/PCI-002-v1.1.2/cycle-3/intelligent-audit.json","BACKUP_HISTORICAL","PRESERVE_NOT_STAGE"
"??","artifacts/consolidation/PCI-002-v1.1.2/repository-backup/artifacts/consolidation/PCI-002-v1.1.2/repository-backup/artifacts/consolidation/PCI-002-v1.1.2/cycle-3/intelligent-audit.md","BACKUP_HISTORICAL","PRESERVE_NOT_STAGE"
"??","artifacts/consolidation/PCI-002-v1.1.2/repository-backup/artifacts/consolidation/PCI-002-v1.1.2/repository-backup/artifacts/consolidation/PCI-002-v1.1.2/cycle-3/metrics.json","BACKUP_HISTORICAL","PRESERVE_NOT_STAGE"
"??","artifacts/consolidation/PCI-002-v1.1.2/repository-backup/artifacts/consolidation/PCI-002-v1.1.2/repository-backup/artifacts/consolidation/PCI-002-v1.1.2/cycle-3/pmo.json","BACKUP_HISTORICAL","PRESERVE_NOT_STAGE"
"??","artifacts/consolidation/PCI-002-v1.1.2/repository-backup/artifacts/consolidation/PCI-002-v1.1.2/repository-backup/artifacts/consolidation/PCI-002-v1.1.2/cycle-3/registry-backup/00_REGISTRO_MAESTRO_COMPONENTES.md","BACKUP_HISTORICAL","PRESERVE_NOT_STAGE"
"??","artifacts/consolidation/PCI-002-v1.1.2/repository-backup/artifacts/consolidation/PCI-002-v1.1.2/repository-backup/artifacts/consolidation/PCI-002-v1.1.2/cycle-3/registry-determinism.json","BACKUP_HISTORICAL","PRESERVE_NOT_STAGE"
"??","artifacts/consolidation/PCI-002-v1.1.2/repository-backup/artifacts/consolidation/PCI-002-v1.1.2/repository-backup/artifacts/consolidation/PCI-002-v1.1.2/cycle-3/repository-validation.json","BACKUP_HISTORICAL","PRESERVE_NOT_STAGE"
"??","artifacts/consolidation/PCI-002-v1.1.2/repository-backup/artifacts/consolidation/PCI-002-v1.1.2/repository-backup/artifacts/consolidation/PCI-002-v1.1.2/cycle-3/traceability.json","BACKUP_HISTORICAL","PRESERVE_NOT_STAGE"
"??","artifacts/consolidation/PCI-002-v1.1.2/repository-backup/artifacts/consolidation/PCI-002-v1.1.2/repository-backup/artifacts/consolidation/PCI-002-v1.1.2/institutional-consolidation-report.json","BACKUP_HISTORICAL","PRESERVE_NOT_STAGE"
"??","artifacts/consolidation/PCI-002-v1.1.2/repository-backup/artifacts/consolidation/PCI-002-v1.1.2/repository-backup/artifacts/consolidation/PCI-002-v1.1.2/real-release-validation.json","BACKUP_HISTORICAL","PRESERVE_NOT_STAGE"
"??","artifacts/consolidation/PCI-002-v1.1.2/repository-backup/artifacts/consolidation/PCI-002-v1.1.2/repository-backup/artifacts/consolidation/PCI-002-v1.1.2/release-validation.json","BACKUP_HISTORICAL","PRESERVE_NOT_STAGE"
"??","artifacts/consolidation/PCI-002-v1.1.2/repository-backup/artifacts/documentation/SGD-115/component-inventory.json","BACKUP_HISTORICAL","PRESERVE_NOT_STAGE"
"??","artifacts/consolidation/PCI-002-v1.1.2/repository-backup/artifacts/documentation/SGD-115/master-documentation-updated-event.json","BACKUP_HISTORICAL","PRESERVE_NOT_STAGE"
"??","artifacts/consolidation/PCI-002-v1.1.2/repository-backup/artifacts/documentation/SGD-115/master-documentation-validation.json","BACKUP_HISTORICAL","PRESERVE_NOT_STAGE"
"??","artifacts/consolidation/PCI-002-v1.1.2/repository-backup/artifacts/roadmap/SGD-116/dependency-graph.json","BACKUP_HISTORICAL","PRESERVE_NOT_STAGE"
"??","artifacts/consolidation/PCI-002-v1.1.2/repository-backup/artifacts/roadmap/SGD-116/executive-summary.json","BACKUP_HISTORICAL","PRESERVE_NOT_STAGE"
"??","artifacts/consolidation/PCI-002-v1.1.2/repository-backup/artifacts/roadmap/SGD-116/metrics.json","BACKUP_HISTORICAL","PRESERVE_NOT_STAGE"
"??","artifacts/consolidation/PCI-002-v1.1.2/repository-backup/artifacts/roadmap/SGD-116/roadmap.json","BACKUP_HISTORICAL","PRESERVE_NOT_STAGE"
"??","artifacts/consolidation/PCI-002-v1.1.2/repository-backup/artifacts/roadmap/SGD-116/timeline.json","BACKUP_HISTORICAL","PRESERVE_NOT_STAGE"
"??","artifacts/consolidation/PCI-002-v1.1.2/repository-backup/artifacts/roadmap/SGD-116/validation.json","BACKUP_HISTORICAL","PRESERVE_NOT_STAGE"
"??","artifacts/consolidation/PCI-002-v1.1.2/repository-backup/docs/00_ARQUITECTURA_MAESTRA.md","BACKUP_HISTORICAL","PRESERVE_NOT_STAGE"
"??","artifacts/consolidation/PCI-002-v1.1.2/repository-backup/docs/00_INDICE_MAESTRO.md","BACKUP_HISTORICAL","PRESERVE_NOT_STAGE"
"??","artifacts/consolidation/PCI-002-v1.1.2/repository-backup/docs/00_REGISTRO_MAESTRO_COMPONENTES.md","BACKUP_HISTORICAL","PRESERVE_NOT_STAGE"
"??","artifacts/development/SPT-020.9-v1.0.0/runs/20260807-021414/backup/docs/00_Estado_Maestro/SGD-000-Estado-Maestro-Institucional-v1.0.0.md","BACKUP_HISTORICAL","PRESERVE_NOT_STAGE"
"??","artifacts/development/SPT-020.9-v1.0.0/runs/20260807-021414/backup/docs/08_Entregables/Matriz_Maestra_Seguimiento_SGODA-PUINAVE.md","BACKUP_HISTORICAL","PRESERVE_NOT_STAGE"
"??","artifacts/development/SPT-021.3-v1.0.0/runs/20260807-052448/canonical-components.json","EXECUTION_EVIDENCE","EVIDENCE_REVIEW"
"??","artifacts/development/SPT-021.3-v1.0.0/runs/20260807-052448/institutional-detailed-records.json","EXECUTION_EVIDENCE","EVIDENCE_REVIEW"
"??","artifacts/development/SPT-021.3-v1.0.0/runs/20260807-143030/canonical-components.json","EXECUTION_EVIDENCE","EVIDENCE_REVIEW"
"??","artifacts/development/SPT-021.3-v1.0.0/runs/20260807-143030/institutional-detailed-records.json","EXECUTION_EVIDENCE","EVIDENCE_REVIEW"
"??","artifacts/development/SPT-021.3-v1.0.0/runs/20260807-144107/canonical-components.json","EXECUTION_EVIDENCE","EVIDENCE_REVIEW"
"??","artifacts/development/SPT-021.3-v1.0.0/runs/20260807-144107/institutional-detailed-records.json","EXECUTION_EVIDENCE","EVIDENCE_REVIEW"
"??","artifacts/development/SPT-021.3-v1.0.0/runs/20260807-145852/canonical-components.json","EXECUTION_EVIDENCE","EVIDENCE_REVIEW"
"??","artifacts/development/SPT-021.3-v1.0.0/runs/20260807-145852/institutional-detailed-records.json","EXECUTION_EVIDENCE","EVIDENCE_REVIEW"
"??","artifacts/development/SPT-021.3-v1.0.0/runs/20260807-151556/canonical-components.json","EXECUTION_EVIDENCE","EVIDENCE_REVIEW"
"??","artifacts/development/SPT-021.3-v1.0.0/runs/20260807-151556/institutional-detailed-records.json","EXECUTION_EVIDENCE","EVIDENCE_REVIEW"
"??","artifacts/development/SPT-021.3-v1.0.0/runs/20260807-153055/canonical-components.json","EXECUTION_EVIDENCE","EVIDENCE_REVIEW"
"??","artifacts/development/SPT-021.3-v1.0.0/runs/20260807-153055/institutional-detailed-records.json","EXECUTION_EVIDENCE","EVIDENCE_REVIEW"
"??","artifacts/development/SPT-021.3-v1.0.0/runs/20260807-154554/canonical-components.json","EXECUTION_EVIDENCE","EVIDENCE_REVIEW"
"??","artifacts/development/SPT-021.3-v1.0.0/runs/20260807-154554/institutional-detailed-records.json","EXECUTION_EVIDENCE","EVIDENCE_REVIEW"
"??","artifacts/development/SPT-021.3-v1.0.0/runs/20260807-160043/canonical-components.json","EXECUTION_EVIDENCE","EVIDENCE_REVIEW"
"??","artifacts/development/SPT-021.3-v1.0.0/runs/20260807-160043/institutional-detailed-records.json","EXECUTION_EVIDENCE","EVIDENCE_REVIEW"
"??","artifacts/development/SPT-021.3-v1.0.0/runs/20260807-161557/canonical-components.json","EXECUTION_EVIDENCE","EVIDENCE_REVIEW"
"??","artifacts/development/SPT-021.3-v1.0.0/runs/20260807-161557/institutional-detailed-records.json","EXECUTION_EVIDENCE","EVIDENCE_REVIEW"
"??","artifacts/development/SPT-021.3-v1.0.0/runs/20260807-163053/canonical-components.json","EXECUTION_EVIDENCE","EVIDENCE_REVIEW"
"??","artifacts/development/SPT-021.3-v1.0.0/runs/20260807-163053/institutional-detailed-records.json","EXECUTION_EVIDENCE","EVIDENCE_REVIEW"
"??","artifacts/development/SPT-021.3-v1.0.0/runs/20260807-164553/canonical-components.json","EXECUTION_EVIDENCE","EVIDENCE_REVIEW"
"??","artifacts/development/SPT-021.3-v1.0.0/runs/20260807-164553/institutional-detailed-records.json","EXECUTION_EVIDENCE","EVIDENCE_REVIEW"
"??","artifacts/development/SPT-021.3-v1.0.0/runs/20260807-170054/canonical-components.json","EXECUTION_EVIDENCE","EVIDENCE_REVIEW"
"??","artifacts/development/SPT-021.3-v1.0.0/runs/20260807-170054/institutional-detailed-records.json","EXECUTION_EVIDENCE","EVIDENCE_REVIEW"
"??","artifacts/development/SPT-021.3-v1.0.0/runs/20260807-171554/canonical-components.json","EXECUTION_EVIDENCE","EVIDENCE_REVIEW"
"??","artifacts/development/SPT-021.3-v1.0.0/runs/20260807-171554/institutional-detailed-records.json","EXECUTION_EVIDENCE","EVIDENCE_REVIEW"
"??","artifacts/development/SPT-021.3-v1.0.0/runs/20260807-173054/canonical-components.json","EXECUTION_EVIDENCE","EVIDENCE_REVIEW"
"??","artifacts/development/SPT-021.3-v1.0.0/runs/20260807-173054/institutional-detailed-records.json","EXECUTION_EVIDENCE","EVIDENCE_REVIEW"
"??","artifacts/development/SPT-021.3-v1.0.0/runs/20260807-174554/canonical-components.json","EXECUTION_EVIDENCE","EVIDENCE_REVIEW"
"??","artifacts/development/SPT-021.3-v1.0.0/runs/20260807-174554/institutional-detailed-records.json","EXECUTION_EVIDENCE","EVIDENCE_REVIEW"
"??","artifacts/development/SPT-021.3-v1.0.0/runs/20260807-180055/canonical-components.json","EXECUTION_EVIDENCE","EVIDENCE_REVIEW"
"??","artifacts/development/SPT-021.3-v1.0.0/runs/20260807-180055/institutional-detailed-records.json","EXECUTION_EVIDENCE","EVIDENCE_REVIEW"
"??","artifacts/development/SPT-021.3-v1.0.0/runs/20260807-181555/canonical-components.json","EXECUTION_EVIDENCE","EVIDENCE_REVIEW"
"??","artifacts/development/SPT-021.3-v1.0.0/runs/20260807-181555/institutional-detailed-records.json","EXECUTION_EVIDENCE","EVIDENCE_REVIEW"
"??","artifacts/development/SPT-021.3-v1.0.0/runs/20260807-183053/canonical-components.json","EXECUTION_EVIDENCE","EVIDENCE_REVIEW"
"??","artifacts/development/SPT-021.3-v1.0.0/runs/20260807-183053/institutional-detailed-records.json","EXECUTION_EVIDENCE","EVIDENCE_REVIEW"
"??","artifacts/development/SPT-021.3-v1.0.0/runs/20260807-184553/canonical-components.json","EXECUTION_EVIDENCE","EVIDENCE_REVIEW"
"??","artifacts/development/SPT-021.3-v1.0.0/runs/20260807-184553/institutional-detailed-records.json","EXECUTION_EVIDENCE","EVIDENCE_REVIEW"
"??","artifacts/development/SPT-021.3-v1.0.0/runs/20260807-190055/canonical-components.json","EXECUTION_EVIDENCE","EVIDENCE_REVIEW"
"??","artifacts/development/SPT-021.3-v1.0.0/runs/20260807-190055/institutional-detailed-records.json","EXECUTION_EVIDENCE","EVIDENCE_REVIEW"
"??","artifacts/development/SPT-021.3-v1.0.0/runs/20260807-191555/canonical-components.json","EXECUTION_EVIDENCE","EVIDENCE_REVIEW"
"??","artifacts/development/SPT-021.3-v1.0.0/runs/20260807-191555/institutional-detailed-records.json","EXECUTION_EVIDENCE","EVIDENCE_REVIEW"
"??","artifacts/development/SPT-021.3-v1.0.0/runs/20260807-193054/canonical-components.json","EXECUTION_EVIDENCE","EVIDENCE_REVIEW"
"??","artifacts/development/SPT-021.3-v1.0.0/runs/20260807-193054/institutional-detailed-records.json","EXECUTION_EVIDENCE","EVIDENCE_REVIEW"
"??","artifacts/development/SPT-021.3-v1.0.0/runs/20260807-194553/canonical-components.json","EXECUTION_EVIDENCE","EVIDENCE_REVIEW"
"??","artifacts/development/SPT-021.3-v1.0.0/runs/20260807-194553/institutional-detailed-records.json","EXECUTION_EVIDENCE","EVIDENCE_REVIEW"
"??","artifacts/development/SPT-021.3-v1.0.0/runs/20260807-200055/canonical-components.json","EXECUTION_EVIDENCE","EVIDENCE_REVIEW"
"??","artifacts/development/SPT-021.3-v1.0.0/runs/20260807-200055/institutional-detailed-records.json","EXECUTION_EVIDENCE","EVIDENCE_REVIEW"
"??","artifacts/development/SPT-021.3-v1.0.0/runs/20260807-201555/canonical-components.json","EXECUTION_EVIDENCE","EVIDENCE_REVIEW"
"??","artifacts/development/SPT-021.3-v1.0.0/runs/20260807-201555/institutional-detailed-records.json","EXECUTION_EVIDENCE","EVIDENCE_REVIEW"
"??","artifacts/development/SPT-021.3-v1.0.0/runs/20260807-203054/canonical-components.json","EXECUTION_EVIDENCE","EVIDENCE_REVIEW"
"??","artifacts/development/SPT-021.3-v1.0.0/runs/20260807-203054/institutional-detailed-records.json","EXECUTION_EVIDENCE","EVIDENCE_REVIEW"
"??","artifacts/development/SPT-021.3-v1.0.0/runs/20260807-204553/canonical-components.json","EXECUTION_EVIDENCE","EVIDENCE_REVIEW"
"??","artifacts/development/SPT-021.3-v1.0.0/runs/20260807-204553/institutional-detailed-records.json","EXECUTION_EVIDENCE","EVIDENCE_REVIEW"
"??","artifacts/development/SPT-021.3-v1.0.0/runs/20260807-210054/canonical-components.json","EXECUTION_EVIDENCE","EVIDENCE_REVIEW"
"??","artifacts/development/SPT-021.3-v1.0.0/runs/20260807-210054/institutional-detailed-records.json","EXECUTION_EVIDENCE","EVIDENCE_REVIEW"
"??","artifacts/development/SPT-021.3-v1.0.0/runs/20260807-211554/canonical-components.json","EXECUTION_EVIDENCE","EVIDENCE_REVIEW"
"??","artifacts/development/SPT-021.3-v1.0.0/runs/20260807-211554/institutional-detailed-records.json","EXECUTION_EVIDENCE","EVIDENCE_REVIEW"
"??","artifacts/development/SPT-021.3-v1.0.0/runs/20260807-213053/canonical-components.json","EXECUTION_EVIDENCE","EVIDENCE_REVIEW"
"??","artifacts/development/SPT-021.3-v1.0.0/runs/20260807-213053/institutional-detailed-records.json","EXECUTION_EVIDENCE","EVIDENCE_REVIEW"
"??","artifacts/development/SPT-021.3-v1.0.0/runs/20260807-214553/canonical-components.json","EXECUTION_EVIDENCE","EVIDENCE_REVIEW"
"??","artifacts/development/SPT-021.3-v1.0.0/runs/20260807-214553/institutional-detailed-records.json","EXECUTION_EVIDENCE","EVIDENCE_REVIEW"
"??","artifacts/development/SPT-021.3-v1.0.0/runs/20260807-220055/canonical-components.json","EXECUTION_EVIDENCE","EVIDENCE_REVIEW"
"??","artifacts/development/SPT-021.3-v1.0.0/runs/20260807-220055/institutional-detailed-records.json","EXECUTION_EVIDENCE","EVIDENCE_REVIEW"
"??","artifacts/development/SPT-021.3-v1.0.0/runs/20260807-221558/canonical-components.json","EXECUTION_EVIDENCE","EVIDENCE_REVIEW"
"??","artifacts/development/SPT-021.3-v1.0.0/runs/20260807-221558/institutional-detailed-records.json","EXECUTION_EVIDENCE","EVIDENCE_REVIEW"
"??","artifacts/development/SPT-021.3-v1.0.0/runs/20260807-223057/canonical-components.json","EXECUTION_EVIDENCE","EVIDENCE_REVIEW"
"??","artifacts/development/SPT-021.3-v1.0.0/runs/20260807-223057/institutional-detailed-records.json","EXECUTION_EVIDENCE","EVIDENCE_REVIEW"
"??","artifacts/development/SPT-021.3-v1.0.0/runs/20260807-224553/canonical-components.json","EXECUTION_EVIDENCE","EVIDENCE_REVIEW"
"??","artifacts/development/SPT-021.3-v1.0.0/runs/20260807-224553/institutional-detailed-records.json","EXECUTION_EVIDENCE","EVIDENCE_REVIEW"
"??","artifacts/development/SPT-021.3-v1.0.0/runs/20260807-230055/canonical-components.json","EXECUTION_EVIDENCE","EVIDENCE_REVIEW"
"??","artifacts/development/SPT-021.3-v1.0.0/runs/20260807-230055/institutional-detailed-records.json","EXECUTION_EVIDENCE","EVIDENCE_REVIEW"
"??","artifacts/development/SPT-021.3-v1.0.0/runs/20260807-231554/canonical-components.json","EXECUTION_EVIDENCE","EVIDENCE_REVIEW"
"??","artifacts/development/SPT-021.3-v1.0.0/runs/20260807-231554/institutional-detailed-records.json","EXECUTION_EVIDENCE","EVIDENCE_REVIEW"
"??","artifacts/development/SPT-021.3-v1.0.0/runs/20260807-233053/canonical-components.json","EXECUTION_EVIDENCE","EVIDENCE_REVIEW"
"??","artifacts/development/SPT-021.3-v1.0.0/runs/20260807-233053/institutional-detailed-records.json","EXECUTION_EVIDENCE","EVIDENCE_REVIEW"
"??","artifacts/development/SPT-021.3-v1.0.0/runs/20260807-234554/canonical-components.json","EXECUTION_EVIDENCE","EVIDENCE_REVIEW"
"??","artifacts/development/SPT-021.3-v1.0.0/runs/20260807-234554/institutional-detailed-records.json","EXECUTION_EVIDENCE","EVIDENCE_REVIEW"
"??","artifacts/development/SPT-021.3-v1.0.0/runs/20260808-000056/canonical-components.json","EXECUTION_EVIDENCE","EVIDENCE_REVIEW"
"??","artifacts/development/SPT-021.3-v1.0.0/runs/20260808-000056/institutional-detailed-records.json","EXECUTION_EVIDENCE","EVIDENCE_REVIEW"
"??","artifacts/development/SPT-021.3-v1.0.0/runs/20260808-001558/canonical-components.json","EXECUTION_EVIDENCE","EVIDENCE_REVIEW"
"??","artifacts/development/SPT-021.3-v1.0.0/runs/20260808-001558/institutional-detailed-records.json","EXECUTION_EVIDENCE","EVIDENCE_REVIEW"
"??","artifacts/development/SPT-021.3-v1.0.0/runs/20260808-004555/canonical-components.json","EXECUTION_EVIDENCE","EVIDENCE_REVIEW"
"??","artifacts/development/SPT-021.3-v1.0.0/runs/20260808-004555/institutional-detailed-records.json","EXECUTION_EVIDENCE","EVIDENCE_REVIEW"
"??","artifacts/development/SPT-021.3-v1.0.0/runs/20260808-010018/canonical-components.json","EXECUTION_EVIDENCE","EVIDENCE_REVIEW"
"??","artifacts/development/SPT-021.3-v1.0.0/runs/20260808-010018/institutional-detailed-records.json","EXECUTION_EVIDENCE","EVIDENCE_REVIEW"
"??","artifacts/development/SPT-021.3-v1.0.0/runs/20260808-010655/canonical-components.json","EXECUTION_EVIDENCE","EVIDENCE_REVIEW"
"??","artifacts/development/SPT-021.3-v1.0.0/runs/20260808-010655/institutional-detailed-records.json","EXECUTION_EVIDENCE","EVIDENCE_REVIEW"
"??","artifacts/development/SPT-021.3-v1.0.0/runs/20260808-011557/canonical-components.json","EXECUTION_EVIDENCE","EVIDENCE_REVIEW"
"??","artifacts/development/SPT-021.3-v1.0.0/runs/20260808-011557/institutional-detailed-records.json","EXECUTION_EVIDENCE","EVIDENCE_REVIEW"
"??","artifacts/development/SPT-021.3-v1.0.0/runs/20260808-013057/canonical-components.json","EXECUTION_EVIDENCE","EVIDENCE_REVIEW"
"??","artifacts/development/SPT-021.3-v1.0.0/runs/20260808-013057/institutional-detailed-records.json","EXECUTION_EVIDENCE","EVIDENCE_REVIEW"
"??","artifacts/development/SPT-021.3-v1.0.0/runs/20260808-014558/canonical-components.json","EXECUTION_EVIDENCE","EVIDENCE_REVIEW"
"??","artifacts/development/SPT-021.3-v1.0.0/runs/20260808-014558/institutional-detailed-records.json","EXECUTION_EVIDENCE","EVIDENCE_REVIEW"
"??","artifacts/development/SPT-021.3-v1.0.0/runs/20260808-030458/canonical-components.json","EXECUTION_EVIDENCE","EVIDENCE_REVIEW"
"??","artifacts/development/SPT-021.3-v1.0.0/runs/20260808-030458/institutional-detailed-records.json","EXECUTION_EVIDENCE","EVIDENCE_REVIEW"
"??","artifacts/development/SPT-021.3-v1.0.0/runs/20260808-031556/canonical-components.json","EXECUTION_EVIDENCE","EVIDENCE_REVIEW"
"??","artifacts/development/SPT-021.3-v1.0.0/runs/20260808-031556/institutional-detailed-records.json","EXECUTION_EVIDENCE","EVIDENCE_REVIEW"
"??","artifacts/development/SPT-021.3-v1.0.0/runs/20260808-033053/canonical-components.json","EXECUTION_EVIDENCE","EVIDENCE_REVIEW"
"??","artifacts/development/SPT-021.3-v1.0.0/runs/20260808-033053/institutional-detailed-records.json","EXECUTION_EVIDENCE","EVIDENCE_REVIEW"
"??","artifacts/development/SPT-021.3-v1.0.0/runs/20260808-033258/canonical-components.json","EXECUTION_EVIDENCE","EVIDENCE_REVIEW"
"??","artifacts/development/SPT-021.3-v1.0.0/runs/20260808-033258/institutional-detailed-records.json","EXECUTION_EVIDENCE","EVIDENCE_REVIEW"
"??","artifacts/development/SPT-021.3-v1.0.0/runs/20260808-034143/canonical-components.json","EXECUTION_EVIDENCE","EVIDENCE_REVIEW"
"??","artifacts/development/SPT-021.3-v1.0.0/runs/20260808-034143/institutional-detailed-records.json","EXECUTION_EVIDENCE","EVIDENCE_REVIEW"
"??","artifacts/development/SPT-021.3-v1.0.0/runs/20260808-040053/canonical-components.json","EXECUTION_EVIDENCE","EVIDENCE_REVIEW"
"??","artifacts/development/SPT-021.3-v1.0.0/runs/20260808-040053/institutional-detailed-records.json","EXECUTION_EVIDENCE","EVIDENCE_REVIEW"
"??","artifacts/development/SPT-021.3-v1.0.0/runs/20260808-041556/canonical-components.json","EXECUTION_EVIDENCE","EVIDENCE_REVIEW"
"??","artifacts/development/SPT-021.3-v1.0.0/runs/20260808-041556/institutional-detailed-records.json","EXECUTION_EVIDENCE","EVIDENCE_REVIEW"
"??","artifacts/development/SPT-021.3-v1.0.0/runs/20260808-041709/canonical-components.json","EXECUTION_EVIDENCE","EVIDENCE_REVIEW"
"??","artifacts/development/SPT-021.3-v1.0.0/runs/20260808-041709/institutional-detailed-records.json","EXECUTION_EVIDENCE","EVIDENCE_REVIEW"
"??","artifacts/development/SPT-021.3-v1.0.0/runs/20260808-042556/canonical-components.json","EXECUTION_EVIDENCE","EVIDENCE_REVIEW"
"??","artifacts/development/SPT-021.3-v1.0.0/runs/20260808-042556/institutional-detailed-records.json","EXECUTION_EVIDENCE","EVIDENCE_REVIEW"
"??","artifacts/development/SPT-021.3-v1.0.0/runs/20260808-044556/canonical-components.json","EXECUTION_EVIDENCE","EVIDENCE_REVIEW"
"??","artifacts/development/SPT-021.3-v1.0.0/runs/20260808-044556/institutional-detailed-records.json","EXECUTION_EVIDENCE","EVIDENCE_REVIEW"
"??","artifacts/development/SPT-021.3-v1.0.0/runs/20260808-050057/canonical-components.json","EXECUTION_EVIDENCE","EVIDENCE_REVIEW"
"??","artifacts/development/SPT-021.3-v1.0.0/runs/20260808-050057/institutional-detailed-records.json","EXECUTION_EVIDENCE","EVIDENCE_REVIEW"
"??","artifacts/development/SPT-021.3-v1.0.0/runs/20260808-050118/canonical-components.json","EXECUTION_EVIDENCE","EVIDENCE_REVIEW"
"??","artifacts/development/SPT-021.3-v1.0.0/runs/20260808-050118/institutional-detailed-records.json","EXECUTION_EVIDENCE","EVIDENCE_REVIEW"
"??","artifacts/development/SPT-021.3-v1.0.0/runs/20260808-051026/canonical-components.json","EXECUTION_EVIDENCE","EVIDENCE_REVIEW"
"??","artifacts/development/SPT-021.3-v1.0.0/runs/20260808-051026/institutional-detailed-records.json","EXECUTION_EVIDENCE","EVIDENCE_REVIEW"
"??","artifacts/development/SPT-021.3-v1.0.0/runs/20260808-053054/canonical-components.json","EXECUTION_EVIDENCE","EVIDENCE_REVIEW"
"??","artifacts/development/SPT-021.3-v1.0.0/runs/20260808-053054/institutional-detailed-records.json","EXECUTION_EVIDENCE","EVIDENCE_REVIEW"
"??","artifacts/development/SPT-021.3-v1.0.0/runs/20260808-054553/canonical-components.json","EXECUTION_EVIDENCE","EVIDENCE_REVIEW"
"??","artifacts/development/SPT-021.3-v1.0.0/runs/20260808-054553/institutional-detailed-records.json","EXECUTION_EVIDENCE","EVIDENCE_REVIEW"
"??","artifacts/development/SPT-021.3-v1.0.0/runs/20260808-060054/canonical-components.json","EXECUTION_EVIDENCE","EVIDENCE_REVIEW"
"??","artifacts/development/SPT-021.3-v1.0.0/runs/20260808-060054/institutional-detailed-records.json","EXECUTION_EVIDENCE","EVIDENCE_REVIEW"
"??","artifacts/development/SPT-021.3-v1.0.0/runs/20260808-061555/canonical-components.json","EXECUTION_EVIDENCE","EVIDENCE_REVIEW"
"??","artifacts/development/SPT-021.3-v1.0.0/runs/20260808-061555/institutional-detailed-records.json","EXECUTION_EVIDENCE","EVIDENCE_REVIEW"
"??","artifacts/development/SPT-021.3-v1.0.0/runs/20260808-063055/canonical-components.json","EXECUTION_EVIDENCE","EVIDENCE_REVIEW"
"??","artifacts/development/SPT-021.3-v1.0.0/runs/20260808-063055/institutional-detailed-records.json","EXECUTION_EVIDENCE","EVIDENCE_REVIEW"
"??","artifacts/development/SPT-021.3-v1.0.0/runs/20260808-064554/canonical-components.json","EXECUTION_EVIDENCE","EVIDENCE_REVIEW"
"??","artifacts/development/SPT-021.3-v1.0.0/runs/20260808-064554/institutional-detailed-records.json","EXECUTION_EVIDENCE","EVIDENCE_REVIEW"
"??","artifacts/development/SPT-021.3-v1.0.0/runs/20260808-070055/canonical-components.json","EXECUTION_EVIDENCE","EVIDENCE_REVIEW"
"??","artifacts/development/SPT-021.3-v1.0.0/runs/20260808-070055/institutional-detailed-records.json","EXECUTION_EVIDENCE","EVIDENCE_REVIEW"
"??","artifacts/development/SPT-021.3-v1.0.0/runs/20260808-071554/canonical-components.json","EXECUTION_EVIDENCE","EVIDENCE_REVIEW"
"??","artifacts/development/SPT-021.3-v1.0.0/runs/20260808-071554/institutional-detailed-records.json","EXECUTION_EVIDENCE","EVIDENCE_REVIEW"
"??","artifacts/development/SPT-021.3-v1.0.0/runs/20260808-073055/canonical-components.json","EXECUTION_EVIDENCE","EVIDENCE_REVIEW"
"??","artifacts/development/SPT-021.3-v1.0.0/runs/20260808-073055/institutional-detailed-records.json","EXECUTION_EVIDENCE","EVIDENCE_REVIEW"
"??","artifacts/development/SPT-021.3-v1.0.0/runs/20260808-074555/canonical-components.json","EXECUTION_EVIDENCE","EVIDENCE_REVIEW"
"??","artifacts/development/SPT-021.3-v1.0.0/runs/20260808-074555/institutional-detailed-records.json","EXECUTION_EVIDENCE","EVIDENCE_REVIEW"
"??","artifacts/development/SPT-021.3-v1.0.0/runs/20260808-080055/canonical-components.json","EXECUTION_EVIDENCE","EVIDENCE_REVIEW"
"??","artifacts/development/SPT-021.3-v1.0.0/runs/20260808-080055/institutional-detailed-records.json","EXECUTION_EVIDENCE","EVIDENCE_REVIEW"
"??","artifacts/development/SPT-021.3-v1.0.0/runs/20260808-081556/canonical-components.json","EXECUTION_EVIDENCE","EVIDENCE_REVIEW"
"??","artifacts/development/SPT-021.3-v1.0.0/runs/20260808-081556/institutional-detailed-records.json","EXECUTION_EVIDENCE","EVIDENCE_REVIEW"
"??","artifacts/development/SPT-021.3-v1.0.0/runs/20260808-083054/canonical-components.json","EXECUTION_EVIDENCE","EVIDENCE_REVIEW"
"??","artifacts/development/SPT-021.3-v1.0.0/runs/20260808-083054/institutional-detailed-records.json","EXECUTION_EVIDENCE","EVIDENCE_REVIEW"
"??","artifacts/development/SPT-021.3-v1.0.0/runs/20260808-084554/canonical-components.json","EXECUTION_EVIDENCE","EVIDENCE_REVIEW"
"??","artifacts/development/SPT-021.3-v1.0.0/runs/20260808-084554/institutional-detailed-records.json","EXECUTION_EVIDENCE","EVIDENCE_REVIEW"
"??","artifacts/development/SPT-021.3-v1.0.0/runs/20260808-090057/canonical-components.json","EXECUTION_EVIDENCE","EVIDENCE_REVIEW"
"??","artifacts/development/SPT-021.3-v1.0.0/runs/20260808-090057/institutional-detailed-records.json","EXECUTION_EVIDENCE","EVIDENCE_REVIEW"
"??","artifacts/development/SPT-021.3-v1.0.0/runs/20260808-091557/canonical-components.json","EXECUTION_EVIDENCE","EVIDENCE_REVIEW"
"??","artifacts/development/SPT-021.3-v1.0.0/runs/20260808-091557/institutional-detailed-records.json","EXECUTION_EVIDENCE","EVIDENCE_REVIEW"
"??","artifacts/development/SPT-021.3-v1.0.0/runs/20260808-093058/canonical-components.json","EXECUTION_EVIDENCE","EVIDENCE_REVIEW"
"??","artifacts/development/SPT-021.3-v1.0.0/runs/20260808-093058/institutional-detailed-records.json","EXECUTION_EVIDENCE","EVIDENCE_REVIEW"
"??","artifacts/development/SPT-021.3-v1.0.0/runs/20260808-094600/canonical-components.json","EXECUTION_EVIDENCE","EVIDENCE_REVIEW"
"??","artifacts/development/SPT-021.3-v1.0.0/runs/20260808-094600/institutional-detailed-records.json","EXECUTION_EVIDENCE","EVIDENCE_REVIEW"
"??","artifacts/development/SPT-021.3-v1.0.0/runs/20260808-100059/canonical-components.json","EXECUTION_EVIDENCE","EVIDENCE_REVIEW"
"??","artifacts/development/SPT-021.3-v1.0.0/runs/20260808-100059/institutional-detailed-records.json","EXECUTION_EVIDENCE","EVIDENCE_REVIEW"
"??","artifacts/development/SPT-021.3-v1.0.0/runs/20260808-100745/canonical-components.json","EXECUTION_EVIDENCE","EVIDENCE_REVIEW"
"??","artifacts/development/SPT-021.3-v1.0.0/runs/20260808-100745/institutional-detailed-records.json","EXECUTION_EVIDENCE","EVIDENCE_REVIEW"
"??","artifacts/development/SPT-021.3-v1.0.0/runs/20260808-103100/canonical-components.json","EXECUTION_EVIDENCE","EVIDENCE_REVIEW"
"??","artifacts/development/SPT-021.3-v1.0.0/runs/20260808-103100/institutional-detailed-records.json","EXECUTION_EVIDENCE","EVIDENCE_REVIEW"
"??","artifacts/development/SPT-021.3-v1.0.0/runs/20260808-104555/canonical-components.json","EXECUTION_EVIDENCE","EVIDENCE_REVIEW"
"??","artifacts/development/SPT-021.3-v1.0.0/runs/20260808-104555/institutional-detailed-records.json","EXECUTION_EVIDENCE","EVIDENCE_REVIEW"
"??","artifacts/development/SPT-021.3-v1.0.0/runs/20260808-110054/canonical-components.json","EXECUTION_EVIDENCE","EVIDENCE_REVIEW"
"??","artifacts/development/SPT-021.3-v1.0.0/runs/20260808-110054/institutional-detailed-records.json","EXECUTION_EVIDENCE","EVIDENCE_REVIEW"
"??","artifacts/development/SPT-021.3-v1.0.0/runs/20260808-111554/canonical-components.json","EXECUTION_EVIDENCE","EVIDENCE_REVIEW"
"??","artifacts/development/SPT-021.3-v1.0.0/runs/20260808-111554/institutional-detailed-records.json","EXECUTION_EVIDENCE","EVIDENCE_REVIEW"
"??","artifacts/development/SPT-021.3-v1.0.0/runs/20260808-113056/canonical-components.json","EXECUTION_EVIDENCE","EVIDENCE_REVIEW"
"??","artifacts/development/SPT-021.3-v1.0.0/runs/20260808-113056/institutional-detailed-records.json","EXECUTION_EVIDENCE","EVIDENCE_REVIEW"
"??","artifacts/development/SPT-021.3-v1.0.0/runs/20260808-114553/canonical-components.json","EXECUTION_EVIDENCE","EVIDENCE_REVIEW"
"??","artifacts/development/SPT-021.3-v1.0.0/runs/20260808-114553/institutional-detailed-records.json","EXECUTION_EVIDENCE","EVIDENCE_REVIEW"
"??","artifacts/development/SPT-021.3-v1.0.0/runs/20260808-120054/canonical-components.json","EXECUTION_EVIDENCE","EVIDENCE_REVIEW"
"??","artifacts/development/SPT-021.3-v1.0.0/runs/20260808-120054/institutional-detailed-records.json","EXECUTION_EVIDENCE","EVIDENCE_REVIEW"
"??","artifacts/development/SPT-021.3-v1.0.0/runs/20260808-121554/canonical-components.json","EXECUTION_EVIDENCE","EVIDENCE_REVIEW"
"??","artifacts/development/SPT-021.3-v1.0.0/runs/20260808-121554/institutional-detailed-records.json","EXECUTION_EVIDENCE","EVIDENCE_REVIEW"
"??","artifacts/development/SPT-021.3-v1.0.0/runs/20260808-123053/canonical-components.json","EXECUTION_EVIDENCE","EVIDENCE_REVIEW"
"??","artifacts/development/SPT-021.3-v1.0.0/runs/20260808-123053/institutional-detailed-records.json","EXECUTION_EVIDENCE","EVIDENCE_REVIEW"
"??","artifacts/development/SPT-021.3-v1.0.0/runs/20260808-124554/canonical-components.json","EXECUTION_EVIDENCE","EVIDENCE_REVIEW"
"??","artifacts/development/SPT-021.3-v1.0.0/runs/20260808-124554/institutional-detailed-records.json","EXECUTION_EVIDENCE","EVIDENCE_REVIEW"
"??","artifacts/development/SPT-021.3-v1.0.0/runs/20260808-130054/canonical-components.json","EXECUTION_EVIDENCE","EVIDENCE_REVIEW"
"??","artifacts/development/SPT-021.3-v1.0.0/runs/20260808-130054/institutional-detailed-records.json","EXECUTION_EVIDENCE","EVIDENCE_REVIEW"
"??","artifacts/development/SPT-021.3-v1.0.0/runs/20260808-131554/canonical-components.json","EXECUTION_EVIDENCE","EVIDENCE_REVIEW"
"??","artifacts/development/SPT-021.3-v1.0.0/runs/20260808-131554/institutional-detailed-records.json","EXECUTION_EVIDENCE","EVIDENCE_REVIEW"
"??","artifacts/development/SPT-021.3-v1.0.0/runs/20260808-133054/canonical-components.json","EXECUTION_EVIDENCE","EVIDENCE_REVIEW"
"??","artifacts/development/SPT-021.3-v1.0.0/runs/20260808-133054/institutional-detailed-records.json","EXECUTION_EVIDENCE","EVIDENCE_REVIEW"
"??","artifacts/development/SPT-021.3-v1.0.0/runs/20260808-134554/canonical-components.json","EXECUTION_EVIDENCE","EVIDENCE_REVIEW"
"??","artifacts/development/SPT-021.3-v1.0.0/runs/20260808-134554/institutional-detailed-records.json","EXECUTION_EVIDENCE","EVIDENCE_REVIEW"
"??","artifacts/development/SPT-021.3-v1.0.0/runs/20260808-140054/canonical-components.json","EXECUTION_EVIDENCE","EVIDENCE_REVIEW"
"??","artifacts/development/SPT-021.3-v1.0.0/runs/20260808-140054/institutional-detailed-records.json","EXECUTION_EVIDENCE","EVIDENCE_REVIEW"
"??","artifacts/development/SPT-021.3-v1.0.0/runs/20260808-141555/canonical-components.json","EXECUTION_EVIDENCE","EVIDENCE_REVIEW"
"??","artifacts/development/SPT-021.3-v1.0.0/runs/20260808-141555/institutional-detailed-records.json","EXECUTION_EVIDENCE","EVIDENCE_REVIEW"
"??","artifacts/development/SPT-021.3-v1.0.0/runs/20260808-143054/canonical-components.json","EXECUTION_EVIDENCE","EVIDENCE_REVIEW"
"??","artifacts/development/SPT-021.3-v1.0.0/runs/20260808-143054/institutional-detailed-records.json","EXECUTION_EVIDENCE","EVIDENCE_REVIEW"
"??","artifacts/development/SPT-021.3-v1.0.0/runs/20260808-144554/canonical-components.json","EXECUTION_EVIDENCE","EVIDENCE_REVIEW"
"??","artifacts/development/SPT-021.3-v1.0.0/runs/20260808-144554/institutional-detailed-records.json","EXECUTION_EVIDENCE","EVIDENCE_REVIEW"
"??","artifacts/development/SPT-021.3-v1.0.0/runs/20260808-150056/canonical-components.json","EXECUTION_EVIDENCE","EVIDENCE_REVIEW"
"??","artifacts/development/SPT-021.3-v1.0.0/runs/20260808-150056/institutional-detailed-records.json","EXECUTION_EVIDENCE","EVIDENCE_REVIEW"
"??","artifacts/development/SPT-021.3-v1.0.0/runs/20260808-151558/canonical-components.json","EXECUTION_EVIDENCE","EVIDENCE_REVIEW"
"??","artifacts/development/SPT-021.3-v1.0.0/runs/20260808-151558/institutional-detailed-records.json","EXECUTION_EVIDENCE","EVIDENCE_REVIEW"
"??","artifacts/development/SPT-021.3-v1.0.0/runs/20260808-153055/canonical-components.json","EXECUTION_EVIDENCE","EVIDENCE_REVIEW"
"??","artifacts/development/SPT-021.3-v1.0.0/runs/20260808-153055/institutional-detailed-records.json","EXECUTION_EVIDENCE","EVIDENCE_REVIEW"
"??","artifacts/development/SPT-021.3-v1.0.0/runs/20260808-154556/canonical-components.json","EXECUTION_EVIDENCE","EVIDENCE_REVIEW"
"??","artifacts/development/SPT-021.3-v1.0.0/runs/20260808-154556/institutional-detailed-records.json","EXECUTION_EVIDENCE","EVIDENCE_REVIEW"
"??","artifacts/development/SPT-021.3-v1.0.0/runs/20260808-160053/canonical-components.json","EXECUTION_EVIDENCE","EVIDENCE_REVIEW"
"??","artifacts/development/SPT-021.3-v1.0.0/runs/20260808-160053/institutional-detailed-records.json","EXECUTION_EVIDENCE","EVIDENCE_REVIEW"
"??","artifacts/development/SPT-021.3-v1.0.0/runs/20260808-163059/canonical-components.json","EXECUTION_EVIDENCE","EVIDENCE_REVIEW"
"??","artifacts/development/SPT-021.3-v1.0.0/runs/20260808-163059/institutional-detailed-records.json","EXECUTION_EVIDENCE","EVIDENCE_REVIEW"
"??","artifacts/development/SPT-021.3-v1.0.0/runs/20260808-164553/canonical-components.json","EXECUTION_EVIDENCE","EVIDENCE_REVIEW"
"??","artifacts/development/SPT-021.3-v1.0.0/runs/20260808-164553/institutional-detailed-records.json","EXECUTION_EVIDENCE","EVIDENCE_REVIEW"
"??","artifacts/development/SPT-021.3-v1.0.0/runs/20260808-170055/canonical-components.json","EXECUTION_EVIDENCE","EVIDENCE_REVIEW"
"??","artifacts/development/SPT-021.3-v1.0.0/runs/20260808-170055/institutional-detailed-records.json","EXECUTION_EVIDENCE","EVIDENCE_REVIEW"
"??","artifacts/development/SPT-021.3-v1.0.0/runs/20260808-171554/canonical-components.json","EXECUTION_EVIDENCE","EVIDENCE_REVIEW"
"??","artifacts/development/SPT-021.3-v1.0.0/runs/20260808-171554/institutional-detailed-records.json","EXECUTION_EVIDENCE","EVIDENCE_REVIEW"
"??","artifacts/development/SPT-021.3-v1.0.0/runs/20260808-173053/canonical-components.json","EXECUTION_EVIDENCE","EVIDENCE_REVIEW"
"??","artifacts/development/SPT-021.3-v1.0.0/runs/20260808-173053/dashboard-summary.json","EXECUTION_EVIDENCE","EVIDENCE_REVIEW"
"??","artifacts/development/SPT-021.3-v1.0.0/runs/20260808-173053/git-history.json","EXECUTION_EVIDENCE","EVIDENCE_REVIEW"
"??","artifacts/development/SPT-021.3-v1.0.0/runs/20260808-173053/implementation-evidence.json","EXECUTION_EVIDENCE","EVIDENCE_REVIEW"
"??","artifacts/development/SPT-021.3-v1.0.0/runs/20260808-173053/institutional-detailed-records.json","EXECUTION_EVIDENCE","EVIDENCE_REVIEW"
"??","artifacts/development/SPT-021.3-v1.0.0/runs/20260808-173053/semantic-validation-report.json","EXECUTION_EVIDENCE","EVIDENCE_REVIEW"
"??","artifacts/development/SPT-021.3-v1.0.0/runs/20260808-180054/canonical-components.json","EXECUTION_EVIDENCE","EVIDENCE_REVIEW"
"??","artifacts/development/SPT-021.3-v1.0.0/runs/20260808-180054/dashboard-summary.json","EXECUTION_EVIDENCE","EVIDENCE_REVIEW"
"??","artifacts/development/SPT-021.3-v1.0.0/runs/20260808-180054/git-history.json","EXECUTION_EVIDENCE","EVIDENCE_REVIEW"
"??","artifacts/development/SPT-021.3-v1.0.0/runs/20260808-180054/implementation-evidence.json","EXECUTION_EVIDENCE","EVIDENCE_REVIEW"
"??","artifacts/development/SPT-021.3-v1.0.0/runs/20260808-180054/institutional-detailed-records.json","EXECUTION_EVIDENCE","EVIDENCE_REVIEW"
"??","artifacts/development/SPT-021.3-v1.0.0/runs/20260808-180054/pytest-full-suite.txt","EXECUTION_EVIDENCE","EVIDENCE_REVIEW"
"??","artifacts/development/SPT-021.3-v1.0.0/runs/20260808-180054/python-compileall.txt","EXECUTION_EVIDENCE","EVIDENCE_REVIEW"
"??","artifacts/development/SPT-021.3-v1.0.0/runs/20260808-180054/semantic-validation-report.json","EXECUTION_EVIDENCE","EVIDENCE_REVIEW"
"??","artifacts/development/SPT-021.3-v1.0.0/runs/20260808-181558/canonical-components.json","EXECUTION_EVIDENCE","EVIDENCE_REVIEW"
"??","artifacts/development/SPT-021.3-v1.0.0/runs/20260808-181558/dashboard-summary.json","EXECUTION_EVIDENCE","EVIDENCE_REVIEW"
"??","artifacts/development/SPT-021.3-v1.0.0/runs/20260808-181558/git-history.json","EXECUTION_EVIDENCE","EVIDENCE_REVIEW"
"??","artifacts/development/SPT-021.3-v1.0.0/runs/20260808-181558/implementation-evidence.json","EXECUTION_EVIDENCE","EVIDENCE_REVIEW"
"??","artifacts/development/SPT-021.3-v1.0.0/runs/20260808-181558/institutional-detailed-records.json","EXECUTION_EVIDENCE","EVIDENCE_REVIEW"
"??","artifacts/development/SPT-021.3-v1.0.0/runs/20260808-181558/pytest-full-suite.txt","EXECUTION_EVIDENCE","EVIDENCE_REVIEW"
"??","artifacts/development/SPT-021.3-v1.0.0/runs/20260808-181558/python-compileall.txt","EXECUTION_EVIDENCE","EVIDENCE_REVIEW"
"??","artifacts/development/SPT-021.3-v1.0.0/runs/20260808-181558/semantic-validation-report.json","EXECUTION_EVIDENCE","EVIDENCE_REVIEW"
"??","artifacts/development/SPT-021.3-v1.0.0/runs/20260808-183055/canonical-components.json","EXECUTION_EVIDENCE","EVIDENCE_REVIEW"
"??","artifacts/development/SPT-021.3-v1.0.0/runs/20260808-183055/dashboard-summary.json","EXECUTION_EVIDENCE","EVIDENCE_REVIEW"
"??","artifacts/development/SPT-021.3-v1.0.0/runs/20260808-183055/git-history.json","EXECUTION_EVIDENCE","EVIDENCE_REVIEW"
"??","artifacts/development/SPT-021.3-v1.0.0/runs/20260808-183055/implementation-evidence.json","EXECUTION_EVIDENCE","EVIDENCE_REVIEW"
"??","artifacts/development/SPT-021.3-v1.0.0/runs/20260808-183055/institutional-detailed-records.json","EXECUTION_EVIDENCE","EVIDENCE_REVIEW"
"??","artifacts/development/SPT-021.3-v1.0.0/runs/20260808-183055/pytest-full-suite.txt","EXECUTION_EVIDENCE","EVIDENCE_REVIEW"
"??","artifacts/development/SPT-021.3-v1.0.0/runs/20260808-183055/python-compileall.txt","EXECUTION_EVIDENCE","EVIDENCE_REVIEW"
"??","artifacts/development/SPT-021.3-v1.0.0/runs/20260808-183055/semantic-validation-report.json","EXECUTION_EVIDENCE","EVIDENCE_REVIEW"
"??","artifacts/development/SPT-021.3-v1.0.0/runs/20260808-184553/canonical-components.json","EXECUTION_EVIDENCE","EVIDENCE_REVIEW"
"??","artifacts/development/SPT-021.3-v1.0.0/runs/20260808-184553/dashboard-summary.json","EXECUTION_EVIDENCE","EVIDENCE_REVIEW"
"??","artifacts/development/SPT-021.3-v1.0.0/runs/20260808-184553/git-history.json","EXECUTION_EVIDENCE","EVIDENCE_REVIEW"
"??","artifacts/development/SPT-021.3-v1.0.0/runs/20260808-184553/implementation-evidence.json","EXECUTION_EVIDENCE","EVIDENCE_REVIEW"
"??","artifacts/development/SPT-021.3-v1.0.0/runs/20260808-184553/institutional-detailed-records.json","EXECUTION_EVIDENCE","EVIDENCE_REVIEW"
"??","artifacts/development/SPT-021.3-v1.0.0/runs/20260808-184553/pytest-full-suite.txt","EXECUTION_EVIDENCE","EVIDENCE_REVIEW"
"??","artifacts/development/SPT-021.3-v1.0.0/runs/20260808-184553/python-compileall.txt","EXECUTION_EVIDENCE","EVIDENCE_REVIEW"
"??","artifacts/development/SPT-021.3-v1.0.0/runs/20260808-184553/semantic-validation-report.json","EXECUTION_EVIDENCE","EVIDENCE_REVIEW"
"??","artifacts/development/SPT-021.3-v1.0.0/runs/20260808-190055/canonical-components.json","EXECUTION_EVIDENCE","EVIDENCE_REVIEW"
"??","artifacts/development/SPT-021.3-v1.0.0/runs/20260808-190055/dashboard-summary.json","EXECUTION_EVIDENCE","EVIDENCE_REVIEW"
"??","artifacts/development/SPT-021.3-v1.0.0/runs/20260808-190055/git-history.json","EXECUTION_EVIDENCE","EVIDENCE_REVIEW"
"??","artifacts/development/SPT-021.3-v1.0.0/runs/20260808-190055/implementation-evidence.json","EXECUTION_EVIDENCE","EVIDENCE_REVIEW"
"??","artifacts/development/SPT-021.3-v1.0.0/runs/20260808-190055/institutional-detailed-records.json","EXECUTION_EVIDENCE","EVIDENCE_REVIEW"
"??","artifacts/development/SPT-021.3-v1.0.0/runs/20260808-190055/pytest-full-suite.txt","EXECUTION_EVIDENCE","EVIDENCE_REVIEW"
"??","artifacts/development/SPT-021.3-v1.0.0/runs/20260808-190055/python-compileall.txt","EXECUTION_EVIDENCE","EVIDENCE_REVIEW"
"??","artifacts/development/SPT-021.3-v1.0.0/runs/20260808-190055/semantic-validation-report.json","EXECUTION_EVIDENCE","EVIDENCE_REVIEW"
"??","artifacts/development/SPT-021.3-v1.0.0/runs/20260808-191556/canonical-components.json","EXECUTION_EVIDENCE","EVIDENCE_REVIEW"
"??","artifacts/development/SPT-021.3-v1.0.0/runs/20260808-191556/dashboard-summary.json","EXECUTION_EVIDENCE","EVIDENCE_REVIEW"
"??","artifacts/development/SPT-021.3-v1.0.0/runs/20260808-191556/git-history.json","EXECUTION_EVIDENCE","EVIDENCE_REVIEW"
"??","artifacts/development/SPT-021.3-v1.0.0/runs/20260808-191556/implementation-evidence.json","EXECUTION_EVIDENCE","EVIDENCE_REVIEW"
"??","artifacts/development/SPT-021.3-v1.0.0/runs/20260808-191556/institutional-detailed-records.json","EXECUTION_EVIDENCE","EVIDENCE_REVIEW"
"??","artifacts/development/SPT-021.3-v1.0.0/runs/20260808-191556/pytest-full-suite.txt","EXECUTION_EVIDENCE","EVIDENCE_REVIEW"
"??","artifacts/development/SPT-021.3-v1.0.0/runs/20260808-191556/python-compileall.txt","EXECUTION_EVIDENCE","EVIDENCE_REVIEW"
"??","artifacts/development/SPT-021.3-v1.0.0/runs/20260808-191556/semantic-validation-report.json","EXECUTION_EVIDENCE","EVIDENCE_REVIEW"
"??","artifacts/development/SPT-021.3-v1.0.0/runs/20260808-193054/canonical-components.json","EXECUTION_EVIDENCE","EVIDENCE_REVIEW"
"??","artifacts/development/SPT-021.3-v1.0.0/runs/20260808-193054/dashboard-summary.json","EXECUTION_EVIDENCE","EVIDENCE_REVIEW"
"??","artifacts/development/SPT-021.3-v1.0.0/runs/20260808-193054/git-history.json","EXECUTION_EVIDENCE","EVIDENCE_REVIEW"
"??","artifacts/development/SPT-021.3-v1.0.0/runs/20260808-193054/implementation-evidence.json","EXECUTION_EVIDENCE","EVIDENCE_REVIEW"
"??","artifacts/development/SPT-021.3-v1.0.0/runs/20260808-193054/institutional-detailed-records.json","EXECUTION_EVIDENCE","EVIDENCE_REVIEW"
"??","artifacts/development/SPT-021.3-v1.0.0/runs/20260808-193054/pytest-full-suite.txt","EXECUTION_EVIDENCE","EVIDENCE_REVIEW"
"??","artifacts/development/SPT-021.3-v1.0.0/runs/20260808-193054/python-compileall.txt","EXECUTION_EVIDENCE","EVIDENCE_REVIEW"
"??","artifacts/development/SPT-021.3-v1.0.0/runs/20260808-193054/semantic-validation-report.json","EXECUTION_EVIDENCE","EVIDENCE_REVIEW"
"??","artifacts/development/SPT-021.3-v1.0.0/runs/20260808-194554/canonical-components.json","EXECUTION_EVIDENCE","EVIDENCE_REVIEW"
"??","artifacts/development/SPT-021.3-v1.0.0/runs/20260808-194554/dashboard-summary.json","EXECUTION_EVIDENCE","EVIDENCE_REVIEW"
"??","artifacts/development/SPT-021.3-v1.0.0/runs/20260808-194554/git-history.json","EXECUTION_EVIDENCE","EVIDENCE_REVIEW"
"??","artifacts/development/SPT-021.3-v1.0.0/runs/20260808-194554/implementation-evidence.json","EXECUTION_EVIDENCE","EVIDENCE_REVIEW"
"??","artifacts/development/SPT-021.3-v1.0.0/runs/20260808-194554/institutional-detailed-records.json","EXECUTION_EVIDENCE","EVIDENCE_REVIEW"
"??","artifacts/development/SPT-021.3-v1.0.0/runs/20260808-194554/pytest-full-suite.txt","EXECUTION_EVIDENCE","EVIDENCE_REVIEW"
"??","artifacts/development/SPT-021.3-v1.0.0/runs/20260808-194554/python-compileall.txt","EXECUTION_EVIDENCE","EVIDENCE_REVIEW"
"??","artifacts/development/SPT-021.3-v1.0.0/runs/20260808-194554/semantic-validation-report.json","EXECUTION_EVIDENCE","EVIDENCE_REVIEW"
"??","artifacts/development/SPT-021.3-v1.0.0/runs/20260808-200057/canonical-components.json","EXECUTION_EVIDENCE","EVIDENCE_REVIEW"
"??","artifacts/development/SPT-021.3-v1.0.0/runs/20260808-200057/dashboard-summary.json","EXECUTION_EVIDENCE","EVIDENCE_REVIEW"
"??","artifacts/development/SPT-021.3-v1.0.0/runs/20260808-200057/git-history.json","EXECUTION_EVIDENCE","EVIDENCE_REVIEW"
"??","artifacts/development/SPT-021.3-v1.0.0/runs/20260808-200057/implementation-evidence.json","EXECUTION_EVIDENCE","EVIDENCE_REVIEW"
"??","artifacts/development/SPT-021.3-v1.0.0/runs/20260808-200057/institutional-detailed-records.json","EXECUTION_EVIDENCE","EVIDENCE_REVIEW"
"??","artifacts/development/SPT-021.3-v1.0.0/runs/20260808-200057/pytest-full-suite.txt","EXECUTION_EVIDENCE","EVIDENCE_REVIEW"
"??","artifacts/development/SPT-021.3-v1.0.0/runs/20260808-200057/python-compileall.txt","EXECUTION_EVIDENCE","EVIDENCE_REVIEW"
"??","artifacts/development/SPT-021.3-v1.0.0/runs/20260808-200057/semantic-validation-report.json","EXECUTION_EVIDENCE","EVIDENCE_REVIEW"
"??","artifacts/development/SPT-021.3-v1.0.0/runs/20260808-201556/canonical-components.json","EXECUTION_EVIDENCE","EVIDENCE_REVIEW"
"??","artifacts/development/SPT-021.3-v1.0.0/runs/20260808-201556/dashboard-summary.json","EXECUTION_EVIDENCE","EVIDENCE_REVIEW"
"??","artifacts/development/SPT-021.3-v1.0.0/runs/20260808-201556/git-history.json","EXECUTION_EVIDENCE","EVIDENCE_REVIEW"
"??","artifacts/development/SPT-021.3-v1.0.0/runs/20260808-201556/implementation-evidence.json","EXECUTION_EVIDENCE","EVIDENCE_REVIEW"
"??","artifacts/development/SPT-021.3-v1.0.0/runs/20260808-201556/institutional-detailed-records.json","EXECUTION_EVIDENCE","EVIDENCE_REVIEW"
"??","artifacts/development/SPT-021.3-v1.0.0/runs/20260808-201556/pytest-full-suite.txt","EXECUTION_EVIDENCE","EVIDENCE_REVIEW"
"??","artifacts/development/SPT-021.3-v1.0.0/runs/20260808-201556/python-compileall.txt","EXECUTION_EVIDENCE","EVIDENCE_REVIEW"
"??","artifacts/development/SPT-021.3-v1.0.0/runs/20260808-201556/semantic-validation-report.json","EXECUTION_EVIDENCE","EVIDENCE_REVIEW"
"??","artifacts/development/SPT-021.3-v1.0.0/runs/20260808-203059/canonical-components.json","EXECUTION_EVIDENCE","EVIDENCE_REVIEW"
"??","artifacts/development/SPT-021.3-v1.0.0/runs/20260808-203059/dashboard-summary.json","EXECUTION_EVIDENCE","EVIDENCE_REVIEW"
"??","artifacts/development/SPT-021.3-v1.0.0/runs/20260808-203059/git-history.json","EXECUTION_EVIDENCE","EVIDENCE_REVIEW"
"??","artifacts/development/SPT-021.3-v1.0.0/runs/20260808-203059/implementation-evidence.json","EXECUTION_EVIDENCE","EVIDENCE_REVIEW"
"??","artifacts/development/SPT-021.3-v1.0.0/runs/20260808-203059/institutional-detailed-records.json","EXECUTION_EVIDENCE","EVIDENCE_REVIEW"
"??","artifacts/development/SPT-021.3-v1.0.0/runs/20260808-203059/pytest-full-suite.txt","EXECUTION_EVIDENCE","EVIDENCE_REVIEW"
"??","artifacts/development/SPT-021.3-v1.0.0/runs/20260808-203059/python-compileall.txt","EXECUTION_EVIDENCE","EVIDENCE_REVIEW"
"??","artifacts/development/SPT-021.3-v1.0.0/runs/20260808-203059/semantic-validation-report.json","EXECUTION_EVIDENCE","EVIDENCE_REVIEW"
"??","artifacts/development/SPT-021.3-v1.0.0/runs/20260808-204606/canonical-components.json","EXECUTION_EVIDENCE","EVIDENCE_REVIEW"
"??","artifacts/development/SPT-021.3-v1.0.0/runs/20260808-204606/dashboard-summary.json","EXECUTION_EVIDENCE","EVIDENCE_REVIEW"
"??","artifacts/development/SPT-021.3-v1.0.0/runs/20260808-204606/git-history.json","EXECUTION_EVIDENCE","EVIDENCE_REVIEW"
"??","artifacts/development/SPT-021.3-v1.0.0/runs/20260808-204606/implementation-evidence.json","EXECUTION_EVIDENCE","EVIDENCE_REVIEW"
"??","artifacts/development/SPT-021.3-v1.0.0/runs/20260808-204606/institutional-detailed-records.json","EXECUTION_EVIDENCE","EVIDENCE_REVIEW"
"??","artifacts/development/SPT-021.3-v1.0.0/runs/20260808-204606/pytest-full-suite.txt","EXECUTION_EVIDENCE","EVIDENCE_REVIEW"
"??","artifacts/development/SPT-021.3-v1.0.0/runs/20260808-204606/python-compileall.txt","EXECUTION_EVIDENCE","EVIDENCE_REVIEW"
"??","artifacts/development/SPT-021.3-v1.0.0/runs/20260808-204606/semantic-validation-report.json","EXECUTION_EVIDENCE","EVIDENCE_REVIEW"
"??","artifacts/development/SPT-021.3-v1.0.0/runs/20260808-211557/canonical-components.json","EXECUTION_EVIDENCE","EVIDENCE_REVIEW"
"??","artifacts/development/SPT-021.3-v1.0.0/runs/20260808-211557/dashboard-summary.json","EXECUTION_EVIDENCE","EVIDENCE_REVIEW"
"??","artifacts/development/SPT-021.3-v1.0.0/runs/20260808-211557/git-history.json","EXECUTION_EVIDENCE","EVIDENCE_REVIEW"
"??","artifacts/development/SPT-021.3-v1.0.0/runs/20260808-211557/implementation-evidence.json","EXECUTION_EVIDENCE","EVIDENCE_REVIEW"
"??","artifacts/development/SPT-021.3-v1.0.0/runs/20260808-211557/institutional-detailed-records.json","EXECUTION_EVIDENCE","EVIDENCE_REVIEW"
"??","artifacts/development/SPT-021.3-v1.0.0/runs/20260808-211557/pytest-full-suite.txt","EXECUTION_EVIDENCE","EVIDENCE_REVIEW"
"??","artifacts/development/SPT-021.3-v1.0.0/runs/20260808-211557/python-compileall.txt","EXECUTION_EVIDENCE","EVIDENCE_REVIEW"
"??","artifacts/development/SPT-021.3-v1.0.0/runs/20260808-211557/semantic-validation-report.json","EXECUTION_EVIDENCE","EVIDENCE_REVIEW"
"??","artifacts/development/SPT-021.3-v1.0.0/runs/20260808-214554/canonical-components.json","EXECUTION_EVIDENCE","EVIDENCE_REVIEW"
"??","artifacts/development/SPT-021.3-v1.0.0/runs/20260808-214554/dashboard-summary.json","EXECUTION_EVIDENCE","EVIDENCE_REVIEW"
"??","artifacts/development/SPT-021.3-v1.0.0/runs/20260808-214554/git-history.json","EXECUTION_EVIDENCE","EVIDENCE_REVIEW"
"??","artifacts/development/SPT-021.3-v1.0.0/runs/20260808-214554/implementation-evidence.json","EXECUTION_EVIDENCE","EVIDENCE_REVIEW"
"??","artifacts/development/SPT-021.3-v1.0.0/runs/20260808-214554/institutional-detailed-records.json","EXECUTION_EVIDENCE","EVIDENCE_REVIEW"
"??","artifacts/development/SPT-021.3-v1.0.0/runs/20260808-214554/pytest-full-suite.txt","EXECUTION_EVIDENCE","EVIDENCE_REVIEW"
"??","artifacts/development/SPT-021.3-v1.0.0/runs/20260808-214554/python-compileall.txt","EXECUTION_EVIDENCE","EVIDENCE_REVIEW"
"??","artifacts/development/SPT-021.3-v1.0.0/runs/20260808-214554/semantic-validation-report.json","EXECUTION_EVIDENCE","EVIDENCE_REVIEW"
"??","artifacts/development/SPT-021.3-v1.0.0/runs/20260808-221554/canonical-components.json","EXECUTION_EVIDENCE","EVIDENCE_REVIEW"
"??","artifacts/development/SPT-021.3-v1.0.0/runs/20260808-221554/dashboard-summary.json","EXECUTION_EVIDENCE","EVIDENCE_REVIEW"
"??","artifacts/development/SPT-021.3-v1.0.0/runs/20260808-221554/git-history.json","EXECUTION_EVIDENCE","EVIDENCE_REVIEW"
"??","artifacts/development/SPT-021.3-v1.0.0/runs/20260808-221554/implementation-evidence.json","EXECUTION_EVIDENCE","EVIDENCE_REVIEW"
"??","artifacts/development/SPT-021.3-v1.0.0/runs/20260808-221554/institutional-detailed-records.json","EXECUTION_EVIDENCE","EVIDENCE_REVIEW"
"??","artifacts/development/SPT-021.3-v1.0.0/runs/20260808-221554/pytest-full-suite.txt","EXECUTION_EVIDENCE","EVIDENCE_REVIEW"
"??","artifacts/development/SPT-021.3-v1.0.0/runs/20260808-221554/python-compileall.txt","EXECUTION_EVIDENCE","EVIDENCE_REVIEW"
"??","artifacts/development/SPT-021.3-v1.0.0/runs/20260808-221554/semantic-validation-report.json","EXECUTION_EVIDENCE","EVIDENCE_REVIEW"
"??","artifacts/development/SPT-021.3-v1.0.0/runs/20260808-223054/canonical-components.json","EXECUTION_EVIDENCE","EVIDENCE_REVIEW"
"??","artifacts/development/SPT-021.3-v1.0.0/runs/20260808-223054/dashboard-summary.json","EXECUTION_EVIDENCE","EVIDENCE_REVIEW"
"??","artifacts/development/SPT-021.3-v1.0.0/runs/20260808-223054/git-history.json","EXECUTION_EVIDENCE","EVIDENCE_REVIEW"
"??","artifacts/development/SPT-021.3-v1.0.0/runs/20260808-223054/implementation-evidence.json","EXECUTION_EVIDENCE","EVIDENCE_REVIEW"
"??","artifacts/development/SPT-021.3-v1.0.0/runs/20260808-223054/institutional-detailed-records.json","EXECUTION_EVIDENCE","EVIDENCE_REVIEW"
"??","artifacts/development/SPT-021.3-v1.0.0/runs/20260808-223054/pytest-full-suite.txt","EXECUTION_EVIDENCE","EVIDENCE_REVIEW"
"??","artifacts/development/SPT-021.3-v1.0.0/runs/20260808-223054/python-compileall.txt","EXECUTION_EVIDENCE","EVIDENCE_REVIEW"
"??","artifacts/development/SPT-021.3-v1.0.0/runs/20260808-223054/semantic-validation-report.json","EXECUTION_EVIDENCE","EVIDENCE_REVIEW"
"??","artifacts/development/SPT-022-v1.0.7/runs/20260808-030209/backup-sgd002-lock-migration/Invoke-SGD002-AutoUpdate.ps1","BACKUP_HISTORICAL","PRESERVE_NOT_STAGE"
"??","artifacts/development/SPT-023.1-v1.0.2/runs/20260808-094226/backup-fastapi/application.py","BACKUP_HISTORICAL","PRESERVE_NOT_STAGE"
"??","artifacts/development/SPT-023.1-v1.0.2/runs/20260808-094226/probe_fastapi_route.py","EXECUTION_EVIDENCE","EVIDENCE_REVIEW"
"??","artifacts/development/SPT-023.1-v1.0.3/runs/20260808-094505/probe_spt0231_router.py","EXECUTION_EVIDENCE","EVIDENCE_REVIEW"
"??","artifacts/development/SPT-023.1-v1.0.4/runs/20260808-094841/probe_spt0231_router_dynamic.py","EXECUTION_EVIDENCE","EVIDENCE_REVIEW"
"??","artifacts/development/SPT-023.1-v1.0.5/runs/20260808-095308/probe_router.py","EXECUTION_EVIDENCE","EVIDENCE_REVIEW"
"??","artifacts/development/SPT-023.1-v1.0.6/runs/20260808-095502/application.py.before-spt0231-integration-fix","BACKUP_HISTORICAL","PRESERVE_NOT_STAGE"
"??","artifacts/development/SPT-023.1-v1.0.6/runs/20260808-095502/probe_application_factory.py","EXECUTION_EVIDENCE","EVIDENCE_REVIEW"
"??","artifacts/development/SPT-023.1-v1.0.6/runs/20260808-095502/probe_router.py","EXECUTION_EVIDENCE","EVIDENCE_REVIEW"
"??","artifacts/development/SPT-023.1-v1.0.7/runs/20260808-100643/application.py.before-spt0231-integration-fix","BACKUP_HISTORICAL","PRESERVE_NOT_STAGE"
"??","artifacts/development/SPT-023.1-v1.0.7/runs/20260808-100643/probe_application_openapi.py","EXECUTION_EVIDENCE","EVIDENCE_REVIEW"
"??","artifacts/development/SPT-023.1-v1.0.7/runs/20260808-100643/probe_router.py","EXECUTION_EVIDENCE","EVIDENCE_REVIEW"
"??","artifacts/pmo/SPT-019.0-v1.1.0/runs/20260805-071813/institutional-inventory.json","EXECUTION_EVIDENCE","EVIDENCE_REVIEW"
"??","artifacts/publication/SPT-021.0.1-v1.0.9/runs/20260808-174136/implementation-evidence.json","EXECUTION_EVIDENCE","EVIDENCE_REVIEW"
"??","artifacts/repair/SGD-007-rule-registry/runs/20260807-154813/backup/Install-SPT021.2-v1.0.2-OneFile-PS51.ps1","BACKUP_HISTORICAL","PRESERVE_NOT_STAGE"
"??","artifacts/repair/SGD-007-rule-registry/runs/20260807-154813/backup/Repair-SGD007-Rule-Registry-Nomenclature-v1.0.5-ASCII-PS51.ps1","BACKUP_HISTORICAL","PRESERVE_NOT_STAGE"
"??","artifacts/repair/SGD-007-rule-registry/runs/20260807-154813/backup/artifacts/development/SPT-021.3-v1.0.0/runs/20260807-052448/canonical-components.json","BACKUP_HISTORICAL","PRESERVE_NOT_STAGE"
"??","artifacts/repair/SGD-007-rule-registry/runs/20260807-154813/backup/artifacts/development/SPT-021.3-v1.0.0/runs/20260807-143030/canonical-components.json","BACKUP_HISTORICAL","PRESERVE_NOT_STAGE"
"??","artifacts/repair/SGD-007-rule-registry/runs/20260807-154813/backup/artifacts/development/SPT-021.3-v1.0.0/runs/20260807-144107/canonical-components.json","BACKUP_HISTORICAL","PRESERVE_NOT_STAGE"
"??","artifacts/repair/SGD-007-rule-registry/runs/20260807-154813/backup/artifacts/development/SPT-021.3-v1.0.0/runs/20260807-145852/canonical-components.json","BACKUP_HISTORICAL","PRESERVE_NOT_STAGE"
"??","artifacts/repair/SGD-007-rule-registry/runs/20260807-154813/backup/artifacts/development/SPT-021.3-v1.0.0/runs/20260807-151556/canonical-components.json","BACKUP_HISTORICAL","PRESERVE_NOT_STAGE"
"??","artifacts/repair/SGD-007-rule-registry/runs/20260807-154813/backup/artifacts/development/SPT-021.3-v1.0.0/runs/20260807-153055/canonical-components.json","BACKUP_HISTORICAL","PRESERVE_NOT_STAGE"
"??","artifacts/repair/SGD-007-rule-registry/runs/20260807-154813/backup/artifacts/publication/SPT-021.0.1-v1.0.6/runs/20260807-050420/publication-manifest.json","BACKUP_HISTORICAL","PRESERVE_NOT_STAGE"
"??","artifacts/repair/SGD-007-rule-registry/runs/20260807-154813/backup/artifacts/publication/SPT-021.0.1-v1.0.6/runs/20260807-150508/publication-manifest.json","BACKUP_HISTORICAL","PRESERVE_NOT_STAGE"
"??","artifacts/repair/SGD-007-rule-registry/runs/20260807-154813/backup/docs/00_Estado_Maestro/SGD-002-Libro-Maestro-Institucional-SGODA-PUINAVE-v1.0.0.md","BACKUP_HISTORICAL","PRESERVE_NOT_STAGE"
"??","artifacts/repair/SGD-007-rule-registry/runs/20260807-154813/backup/docs/00_Estado_Maestro/SGD-002-Registro-Maestro-Reglas-Institucionales-v1.0.0.md","BACKUP_HISTORICAL","PRESERVE_NOT_STAGE"
"??","artifacts/repair/SGD-007-rule-registry/runs/20260807-154813/backup/releases/SPT-021.0.1-v1.0.6/publication-manifest.json","BACKUP_HISTORICAL","PRESERVE_NOT_STAGE"
"??","artifacts/repair/SGD-007-rule-registry/runs/20260807-154813/backup/releases/SPT-021.2-v1.0.2/SGD-002-Registro-Maestro-Reglas-Institucionales-v1.0.0.md","BACKUP_HISTORICAL","PRESERVE_NOT_STAGE"
"??","artifacts/repair/SGD-007-rule-registry/runs/20260807-154813/backup/releases/SPT-021.2-v1.0.2/manifest.json","BACKUP_HISTORICAL","PRESERVE_NOT_STAGE"
"??","artifacts/repair/SGD-007-rule-registry/runs/20260807-154813/backup/releases/SPT-021.3-v1.0.0/SGD-002-Libro-Maestro-Institucional-SGODA-PUINAVE-v1.0.0.md","BACKUP_HISTORICAL","PRESERVE_NOT_STAGE"
"??","artifacts/repair/SGD-007-rule-registry/runs/20260807-154813/backup/releases/SPT-021.3-v1.0.0/canonical-components.json","BACKUP_HISTORICAL","PRESERVE_NOT_STAGE"
"??","artifacts/repair/SGD-007-rule-registry/runs/20260807-155759/backup/Repair-SGD007-Rule-Registry-Nomenclature-v1.0.6-ASCII-PS51.ps1","BACKUP_HISTORICAL","PRESERVE_NOT_STAGE"
"??","artifacts/repair/SGD-007-rule-registry/runs/20260807-155759/backup/artifacts/development/SPT-021.3-v1.0.0/runs/20260807-154554/canonical-components.json","BACKUP_HISTORICAL","PRESERVE_NOT_STAGE"
"??","artifacts/repair/SGD-007-rule-registry/runs/20260807-155759/backup/docs/00_Estado_Maestro/SGD-002-Libro-Maestro-Institucional-SGODA-PUINAVE-v1.0.0.md","BACKUP_HISTORICAL","PRESERVE_NOT_STAGE"
"??","artifacts/repair/SGD-007-rule-registry/runs/20260807-155759/backup/releases/SPT-021.3-v1.0.0/SGD-002-Libro-Maestro-Institucional-SGODA-PUINAVE-v1.0.0.md","BACKUP_HISTORICAL","PRESERVE_NOT_STAGE"
"??","artifacts/repair/SGD-007-rule-registry/runs/20260807-155759/backup/releases/SPT-021.3-v1.0.0/canonical-components.json","BACKUP_HISTORICAL","PRESERVE_NOT_STAGE"
"??","artifacts/runtime/sgd002-auto/update.lock","RUNTIME_TEMPORARY","EXCLUDE_CANDIDATE"
"??","releases/SPT-019.0-v1.1.0/institutional-inventory.json","RELEASE_EVIDENCE","CANDIDATE_REPOSITORY"
"??","releases/SPT-021.3-v1.0.0/SGD-002-Libro-Maestro-Institucional-SGODA-PUINAVE-v1.0.0.md","RELEASE_EVIDENCE","CANDIDATE_REPOSITORY"
"??","releases/SPT-021.3-v1.0.0/canonical-components.json","RELEASE_EVIDENCE","CANDIDATE_REPOSITORY"
"??","releases/SPT-021.3-v1.0.0/institutional-detailed-records.json","RELEASE_EVIDENCE","CANDIDATE_REPOSITORY"
"??","tools/institutional/Install-SPT021.0.1-v1.0.7-OneFile-PS51.ps1","SOURCE_TEST_TOOLING","CANDIDATE_REPOSITORY"
"??","tools/institutional/Install-SPT021.0.1-v1.0.8-OneFile-PS51.ps1","SOURCE_TEST_TOOLING","CANDIDATE_REPOSITORY"
"??","tools/institutional/Install-SPT021.3-v1.0.0-OneFile-PS51.ps1","SOURCE_TEST_TOOLING","CANDIDATE_REPOSITORY"
"??","tools/institutional/Invoke-SGD002-AutoUpdate.ps1","SOURCE_TEST_TOOLING","CANDIDATE_REPOSITORY"
"??","tools/institutional/Invoke-SPT0231-WordDetection.ps1","SOURCE_TEST_TOOLING","CANDIDATE_REPOSITORY"
"??","tools/institutional/Publish-SGODA-WithMasterBook.ps1","SOURCE_TEST_TOOLING","CANDIDATE_REPOSITORY"
"??","tools/institutional/Start-SPT022-Gateway.ps1","SOURCE_TEST_TOOLING","CANDIDATE_REPOSITORY"
"??","tools/institutional/Start-SPT022-Platform.ps1","SOURCE_TEST_TOOLING","CANDIDATE_REPOSITORY"
"??","tools/institutional/Start-SPT022-n8n.ps1","SOURCE_TEST_TOOLING","CANDIDATE_REPOSITORY"
"??","tools/institutional/Test-SPT022-Platform.ps1","SOURCE_TEST_TOOLING","CANDIDATE_REPOSITORY"
