"Path","Category","Decision","Bytes","SizeMB","SHA256","HashError","DuplicateTracked","DuplicateOf","PathLength","LongPath","Extension","Validation","ValidationError","ExpectedEol","ActualEol","EolStatus","PotentialSecret","SecretSignature"
".runtime/n8n/.cache/n8n/public/assets/AddDataTableModal-C330zIev.js","RUNTIME_TRANSIENT","IGNORE_POLICY_CANDIDATE","10998","0,01","D4C49CA9AEDB5AAE80BAF6A31FDADE5EA2C5265479B3B51739BBBB9ECB5B1914","","False","","140","False",".js","NOT_REQUIRED","","","NOT_CHECKED","NOT_REQUIRED","False",""
".runtime/n8n/.cache/n8n/public/assets/AddDataTableModal-D5mgOW-t.css","RUNTIME_TRANSIENT","IGNORE_POLICY_CANDIDATE","3799","0,004","2EA1159104CB7B5211C6CDCEF99F0455D1EC0DDEC145DAA7CD0C2FFBA319529E","","False","","141","False",".css","NOT_REQUIRED","","","NOT_CHECKED","NOT_REQUIRED","False",""
".runtime/n8n/.cache/n8n/public/assets/AddDataTableModal-legacy-q1iNJBhq.js","RUNTIME_TRANSIENT","IGNORE_POLICY_CANDIDATE","15346","0,015","1EC51DA0D54A147AB7450BCD86FFFDF32DF8C5357E026BE7208571C9C988FB70","","False","","147","False",".js","NOT_REQUIRED","","","NOT_CHECKED","NOT_REQUIRED","False",""
".runtime/n8n/.cache/n8n/public/assets/AgentBuilderView-B98mm4nH.js","RUNTIME_TRANSIENT","IGNORE_POLICY_CANDIDATE","354427","0,338","E90CF0D36CFEF75DE49C36B4EDFC1B2EFEFF8D1EC77910082C608A01CF972CFA","","False","","139","False",".js","NOT_REQUIRED","","","NOT_CHECKED","NOT_REQUIRED","False",""
".runtime/n8n/.cache/n8n/public/assets/AgentBuilderView-CFQ0n5W7.js","RUNTIME_TRANSIENT","IGNORE_POLICY_CANDIDATE","593","0,001","68E0B1CF51AE4573AA9A4BA1C617E2285768342133A2131BBABBFB80ADC92818","","False","","139","False",".js","NOT_REQUIRED","","","NOT_CHECKED","NOT_REQUIRED","False",""
".runtime/n8n/.cache/n8n/public/assets/AgentBuilderView-Cz6U0mkp.css","RUNTIME_TRANSIENT","IGNORE_POLICY_CANDIDATE","78590","0,075","66A48AF0FC3CE71E208747FE26643B5F14CCFECB864EDCA01A37775B56010548","","False","","140","False",".css","NOT_REQUIRED","","","NOT_CHECKED","NOT_REQUIRED","False",""
".runtime/n8n/.cache/n8n/public/assets/AgentBuilderView-legacy-3jyh-Z4G.js","RUNTIME_TRANSIENT","IGNORE_POLICY_CANDIDATE","435710","0,416","B00E0534B8123C4402C7CD08AE72C81458EEACC0D536CC232B6361DC00CE6E93","","False","","146","False",".js","NOT_REQUIRED","","","NOT_CHECKED","NOT_REQUIRED","False",""
".runtime/n8n/.cache/n8n/public/assets/AgentBuilderView-legacy-OPA-TzjO.js","RUNTIME_TRANSIENT","IGNORE_POLICY_CANDIDATE","734","0,001","3CD5C7CD661FB1F6D89487EBA89CE72E277CB1BC9CBF05742278A3EA19812DBD","","False","","146","False",".js","NOT_REQUIRED","","","NOT_CHECKED","NOT_REQUIRED","False",""
".runtime/n8n/.cache/n8n/public/assets/AgentCredentialSelect-CG-Of_2j.css","RUNTIME_TRANSIENT","IGNORE_POLICY_CANDIDATE","1004","0,001","131C2D7A2BB21C3D461C0FEE00A323E9B1907C3BC4E8BD02973AD78B4B5B1BE4","","False","","145","False",".css","NOT_REQUIRED","","","NOT_CHECKED","NOT_REQUIRED","False",""
".runtime/n8n/.cache/n8n/public/assets/AgentCredentialSelect-CpIxLscu.js","RUNTIME_TRANSIENT","IGNORE_POLICY_CANDIDATE","2878","0,003","1FC127D95C84BADC961FEB9BD55ABAB8E7816F93EBDBCB6AF73C5E4EA13E1871","","False","","144","False",".js","NOT_REQUIRED","","","NOT_CHECKED","NOT_REQUIRED","False",""
".runtime/n8n/.cache/n8n/public/assets/AgentCredentialSelect-legacy-BErPfeD5.js","RUNTIME_TRANSIENT","IGNORE_POLICY_CANDIDATE","4171","0,004","93D064927F638C9343FB4FC91358796DF740A1730F3F3F028A67086852151D98","","False","","151","False",".js","NOT_REQUIRED","","","NOT_CHECKED","NOT_REQUIRED","False",""
".runtime/n8n/.cache/n8n/public/assets/AgentEditorModal-B5I3oVja.css","RUNTIME_TRANSIENT","IGNORE_POLICY_CANDIDATE","6940","0,007","B30DA3360C7388D1A90FF8D5DE19EC9463E56F20A6F87DE175FC66F2A72C78B7","","False","","140","False",".css","NOT_REQUIRED","","","NOT_CHECKED","NOT_REQUIRED","False",""
".runtime/n8n/.cache/n8n/public/assets/AgentEditorModal-CYBp87rz.js","RUNTIME_TRANSIENT","IGNORE_POLICY_CANDIDATE","19146","0,018","37342CCBF129EC364C6B9B92FAA23FC3EAC34701EB3C260C2287B0EE8AF8427F","","False","","139","False",".js","NOT_REQUIRED","","","NOT_CHECKED","NOT_REQUIRED","False",""
".runtime/n8n/.cache/n8n/public/assets/AgentEditorModal-legacy-4l2SGgVB.js","RUNTIME_TRANSIENT","IGNORE_POLICY_CANDIDATE","26740","0,026","8ED8A1EAC0629D4D0197E45455052C6BFB859AFBBA43A7A34579553BB16C4C52","","False","","146","False",".js","NOT_REQUIRED","","","NOT_CHECKED","NOT_REQUIRED","False",""
".runtime/n8n/.cache/n8n/public/assets/AgentJsonImportModal-BbDbFad9.js","RUNTIME_TRANSIENT","IGNORE_POLICY_CANDIDATE","2983","0,003","B903ED6741031F77034CBC2631F60D74819F556F9753D081E69173857C21E0C2","","False","","143","False",".js","NOT_REQUIRED","","","NOT_CHECKED","NOT_REQUIRED","False",""
".runtime/n8n/.cache/n8n/public/assets/AgentJsonImportModal-C7HXK6R2.css","RUNTIME_TRANSIENT","IGNORE_POLICY_CANDIDATE","241","0","AAEFBD1C843BD989DFBD4CF47692EC59E15370608EC0F0AE2F08B483E93F9369","","False","","144","False",".css","NOT_REQUIRED","","","NOT_CHECKED","NOT_REQUIRED","False",""
".runtime/n8n/.cache/n8n/public/assets/AgentJsonImportModal-legacy-D672sPea.js","RUNTIME_TRANSIENT","IGNORE_POLICY_CANDIDATE","3535","0,003","C00EE9B2F6C7800A443FD3A62DE0DDBE041548CD00623C5D2265B9CFC91B14C4","","False","","150","False",".js","NOT_REQUIRED","","","NOT_CHECKED","NOT_REQUIRED","False",""
".runtime/n8n/.cache/n8n/public/assets/AgentModelSelector-DVvOGikZ.js","RUNTIME_TRANSIENT","IGNORE_POLICY_CANDIDATE","9885","0,009","864EB63302871BA09688BD41B5AF7AED235B4FD072B17CC53ED9C3B971B246EC","","False","","141","False",".js","NOT_REQUIRED","","","NOT_CHECKED","NOT_REQUIRED","False",""
".runtime/n8n/.cache/n8n/public/assets/AgentModelSelector-legacy-TI6aBjqr.js","RUNTIME_TRANSIENT","IGNORE_POLICY_CANDIDATE","10270","0,01","6D8B0D8803512EB25DCF1433DFC2DB8B04CE90D3B4FF5FFE33FB6E3F523EE17A","","False","","148","False",".js","NOT_REQUIRED","","","NOT_CHECKED","NOT_REQUIRED","False",""
".runtime/n8n/.cache/n8n/public/assets/AgentSessionTimelinePanel-B4csNYL8.js","RUNTIME_TRANSIENT","IGNORE_POLICY_CANDIDATE","46960","0,045","A749AC882BE62A706D4B9C26B2FCE0E2C33ADA6246862FDA728C81E9C39E67FD","","False","","148","False",".js","NOT_REQUIRED","","","NOT_CHECKED","NOT_REQUIRED","False",""
".runtime/n8n/.cache/n8n/public/assets/AgentSessionTimelinePanel-DtPIwWLz.css","RUNTIME_TRANSIENT","IGNORE_POLICY_CANDIDATE","28470","0,027","ABE2BDECC3707C3085B6BC5EF991B784EAFE761AE11CDB19863B74EE1FFBEF91","","False","","149","False",".css","NOT_REQUIRED","","","NOT_CHECKED","NOT_REQUIRED","False",""
".runtime/n8n/.cache/n8n/public/assets/AgentSessionTimelinePanel-legacy-Dj5AMgRo.js","RUNTIME_TRANSIENT","IGNORE_POLICY_CANDIDATE","76430","0,073","500E8EDDE24006EC04701F8BDDEAB980EC251C138CAFDAE99535E5B9A0E575E3","","False","","155","False",".js","NOT_REQUIRED","","","NOT_CHECKED","NOT_REQUIRED","False",""
".runtime/n8n/.cache/n8n/public/assets/AgentSessionTimelineView-BK0YKMrK.js","RUNTIME_TRANSIENT","IGNORE_POLICY_CANDIDATE","6770","0,006","17A1750EE4D97606E0849CF433C474C6E1F12E806A6DEA3E47CDBBFAE6055545","","False","","147","False",".js","NOT_REQUIRED","","","NOT_CHECKED","NOT_REQUIRED","False",""
".runtime/n8n/.cache/n8n/public/assets/AgentSessionTimelineView-BKf4gklD.css","RUNTIME_TRANSIENT","IGNORE_POLICY_CANDIDATE","1830","0,002","35C2ABFE84AA8D93384E450C4B2E3ED853C933973FCAEE984E9D56139FD98421","","False","","148","False",".css","NOT_REQUIRED","","","NOT_CHECKED","NOT_REQUIRED","False",""
".runtime/n8n/.cache/n8n/public/assets/AgentSessionTimelineView-legacy-CX_3Z_aH.js","RUNTIME_TRANSIENT","IGNORE_POLICY_CANDIDATE","9032","0,009","2DD452A781E588EC8CB5958E5C6DF61B11B8858448F38D9DE799E4C5730C3F5A","","False","","154","False",".js","NOT_REQUIRED","","","NOT_CHECKED","NOT_REQUIRED","False",""
".runtime/n8n/.cache/n8n/public/assets/AgentSessionsListView-B6Bn1KPC.css","RUNTIME_TRANSIENT","IGNORE_POLICY_CANDIDATE","1893","0,002","8B9386E9CEFE4FB54212C8C96CA2D06A4A8D64CDABA10DACBCE6467E12D0AD60","","False","","145","False",".css","NOT_REQUIRED","","","NOT_CHECKED","NOT_REQUIRED","False",""
".runtime/n8n/.cache/n8n/public/assets/AgentSessionsListView-DlKM4T0t.js","RUNTIME_TRANSIENT","IGNORE_POLICY_CANDIDATE","7205","0,007","6E4DA3C9C8A11082434A682F9ED4B39125E53FC78D18B190546FE1DF1EEFC56B","","False","","144","False",".js","NOT_REQUIRED","","","NOT_CHECKED","NOT_REQUIRED","False",""
".runtime/n8n/.cache/n8n/public/assets/AgentSessionsListView-Dui_6XtX.js","RUNTIME_TRANSIENT","IGNORE_POLICY_CANDIDATE","598","0,001","24C4BCC916BF9481E553C95FB7C6CA89B7E689B2132026F73F6AFD241F7F1053","","False","","144","False",".js","NOT_REQUIRED","","","NOT_CHECKED","NOT_REQUIRED","False",""
".runtime/n8n/.cache/n8n/public/assets/AgentSessionsListView-legacy-GdPLatuG.js","RUNTIME_TRANSIENT","IGNORE_POLICY_CANDIDATE","9476","0,009","6FA0A55B4D89BDADE4D551E49E9DE8926265BCCC91B72948E82AEEB964A22709","","False","","151","False",".js","NOT_REQUIRED","","","NOT_CHECKED","NOT_REQUIRED","False",""
".runtime/n8n/.cache/n8n/public/assets/AgentSessionsListView-legacy-OdsOzpL2.js","RUNTIME_TRANSIENT","IGNORE_POLICY_CANDIDATE","739","0,001","858D749D59278BF203AA4209AA9502025A01E18A4851349CE528D98DFA8EF780","","False","","151","False",".js","NOT_REQUIRED","","","NOT_CHECKED","NOT_REQUIRED","False",""
".runtime/n8n/.cache/n8n/public/assets/AgentSkillModal-DfefaL8Y.js","RUNTIME_TRANSIENT","IGNORE_POLICY_CANDIDATE","121984","0,116","7D561A6959DE703C40F2084FDE7FD04AE5FD58ECB79133446EEBBDE597ADAC85","","False","","138","False",".js","NOT_REQUIRED","","","NOT_CHECKED","NOT_REQUIRED","False",""
".runtime/n8n/.cache/n8n/public/assets/AgentSkillModal-DhrIYQad.css","RUNTIME_TRANSIENT","IGNORE_POLICY_CANDIDATE","3931","0,004","4D7E9FC4B5F733F0BDA4CFEB3579CE55ADC314935F399C0A6A5CA6DB98142AEC","","False","","139","False",".css","NOT_REQUIRED","","","NOT_CHECKED","NOT_REQUIRED","False",""
".runtime/n8n/.cache/n8n/public/assets/AgentSkillModal-legacy-Cv2DOJ9D.js","RUNTIME_TRANSIENT","IGNORE_POLICY_CANDIDATE","128182","0,122","029F5BAFB973CE34A7048E8F9B6394E8C045D079FF7A9934C702CCA0E7D51837","","False","","145","False",".js","NOT_REQUIRED","","","NOT_CHECKED","NOT_REQUIRED","False",""
".runtime/n8n/.cache/n8n/public/assets/AgentSubAgentsModal-BuFQw-uy.css","RUNTIME_TRANSIENT","IGNORE_POLICY_CANDIDATE","1264","0,001","06C632D734E5AD8F86000A7333855945AFA3DB21AFAB3F5B0F628A1FF98E6A00","","False","","143","False",".css","NOT_REQUIRED","","","NOT_CHECKED","NOT_REQUIRED","False",""
".runtime/n8n/.cache/n8n/public/assets/AgentSubAgentsModal-CHTDiten.js","RUNTIME_TRANSIENT","IGNORE_POLICY_CANDIDATE","6790","0,006","9D6691503662B41CF279F9BD36BC2394E2004EE020A1E0083A931BF39B065662","","False","","142","False",".js","NOT_REQUIRED","","","NOT_CHECKED","NOT_REQUIRED","False",""
".runtime/n8n/.cache/n8n/public/assets/AgentSubAgentsModal-legacy-Fyh70LzL.js","RUNTIME_TRANSIENT","IGNORE_POLICY_CANDIDATE","8462","0,008","A8D577048639275F432169F5C7930BCD72CCFCB67580FCC9032F873B6C620372","","False","","149","False",".js","NOT_REQUIRED","","","NOT_CHECKED","NOT_REQUIRED","False",""
".runtime/n8n/.cache/n8n/public/assets/AgentTaskModal-5gWMjuqB.css","RUNTIME_TRANSIENT","IGNORE_POLICY_CANDIDATE","944","0,001","27C6872C9EC507471B11E3C355174A6C3B67DF865E0C5B6CD1CA5797C2EDA1A3","","False","","138","False",".css","NOT_REQUIRED","","","NOT_CHECKED","NOT_REQUIRED","False",""
".runtime/n8n/.cache/n8n/public/assets/AgentTaskModal-D7u3nK9j.js","RUNTIME_TRANSIENT","IGNORE_POLICY_CANDIDATE","96949","0,092","80D603214267E853E6A9A61EB667A7208E4795E2CDE58E3DF266747529ED2961","","False","","137","False",".js","NOT_REQUIRED","","","NOT_CHECKED","NOT_REQUIRED","False",""
".runtime/n8n/.cache/n8n/public/assets/AgentTaskModal-legacy-D6a7ovl_.js","RUNTIME_TRANSIENT","IGNORE_POLICY_CANDIDATE","98613","0,094","FA4D3B4A32EC1F924E993E1C9B786DD378F03E606FBA9AB7F625B459861EF43C","","False","","144","False",".js","NOT_REQUIRED","","","NOT_CHECKED","NOT_REQUIRED","False",""
".runtime/n8n/.cache/n8n/public/assets/AgentToolConfigModal-C5nUOPg-.js","RUNTIME_TRANSIENT","IGNORE_POLICY_CANDIDATE","21655","0,021","49D898EBEC499E59AADBA2511D5E38F177148F93A454FB6D9F65C57DCCF5A9A3","","False","","143","False",".js","NOT_REQUIRED","","","NOT_CHECKED","NOT_REQUIRED","False",""
".runtime/n8n/.cache/n8n/public/assets/AgentToolConfigModal-C_oDoVqO.css","RUNTIME_TRANSIENT","IGNORE_POLICY_CANDIDATE","3490","0,003","5F180530B9064AEEB83561CAE201A74C9A520722B76C225EEF56541E2213AFF1","","False","","144","False",".css","NOT_REQUIRED","","","NOT_CHECKED","NOT_REQUIRED","False",""
".runtime/n8n/.cache/n8n/public/assets/AgentToolConfigModal-legacy-CDEL1wf4.js","RUNTIME_TRANSIENT","IGNORE_POLICY_CANDIDATE","26019","0,025","12E63BD0653B0917F851636FB9F48FFF5B4325CE2FEC2E968A483CD77A1B905C","","False","","150","False",".js","NOT_REQUIRED","","","NOT_CHECKED","NOT_REQUIRED","False",""
".runtime/n8n/.cache/n8n/public/assets/AgentToolsModal-DvAdnnFT.css","RUNTIME_TRANSIENT","IGNORE_POLICY_CANDIDATE","2937","0,003","1DE7C14B3FA8CEE6790B1494B96DA5356184B19BED573224AA287F48CBD1FDA7","","False","","139","False",".css","NOT_REQUIRED","","","NOT_CHECKED","NOT_REQUIRED","False",""
".runtime/n8n/.cache/n8n/public/assets/AgentToolsModal-kbbgyM4g.js","RUNTIME_TRANSIENT","IGNORE_POLICY_CANDIDATE","21998","0,021","9906E133A69B38F6570C2D614086718D8AB4F5BAF6EBCA2664EF765E31E2C442","","False","","138","False",".js","NOT_REQUIRED","","","NOT_CHECKED","NOT_REQUIRED","False",""
".runtime/n8n/.cache/n8n/public/assets/AgentToolsModal-legacy-0sEkM4Gm.js","RUNTIME_TRANSIENT","IGNORE_POLICY_CANDIDATE","25903","0,025","D6F0C67357B7AD0228F12C43B0203B7BA4A674DD0F81135DF7266BEAD6072E34","","False","","145","False",".js","NOT_REQUIRED","","","NOT_CHECKED","NOT_REQUIRED","False",""
".runtime/n8n/.cache/n8n/public/assets/AgentVectorStoresModal-BMnRxTwy.js","RUNTIME_TRANSIENT","IGNORE_POLICY_CANDIDATE","16675","0,016","A6AB37D11B856453AB75996D40849692E7E2933E955CAFC78C6A213545B25BD7","","False","","145","False",".js","NOT_REQUIRED","","","NOT_CHECKED","NOT_REQUIRED","False",""
".runtime/n8n/.cache/n8n/public/assets/AgentVectorStoresModal-DScAjU-u.css","RUNTIME_TRANSIENT","IGNORE_POLICY_CANDIDATE","1113","0,001","31E46156AED82910DAFD5960FD6A237EB6C4F149B6F8C86D9BBC1820863BBD73","","False","","146","False",".css","NOT_REQUIRED","","","NOT_CHECKED","NOT_REQUIRED","False",""
".runtime/n8n/.cache/n8n/public/assets/AgentVectorStoresModal-legacy-CK-DNkmz.js","RUNTIME_TRANSIENT","IGNORE_POLICY_CANDIDATE","18595","0,018","D9B10B628B791DBAF5C673AFC736D167F1836E4D896C3264B1D859AB9B7AA1E0","","False","","152","False",".js","NOT_REQUIRED","","","NOT_CHECKED","NOT_REQUIRED","False",""
".runtime/n8n/.cache/n8n/public/assets/AgentView-CDv-m6eM.css","RUNTIME_TRANSIENT","IGNORE_POLICY_CANDIDATE","907","0,001","EF6726B882D40124CF9EA97AEB72DBBCF1C9BFB70CB6D86C76C7E7AFECD7332A","","False","","133","False",".css","NOT_REQUIRED","","","NOT_CHECKED","NOT_REQUIRED","False",""
".runtime/n8n/.cache/n8n/public/assets/AgentView-legacy-QQ4d1cPp.js","RUNTIME_TRANSIENT","IGNORE_POLICY_CANDIDATE","3422","0,003","6FBE62876DBF1724139BE24BDA5053DA29A991FCFA7DEDCFDDFB99299177C547","","False","","139","False",".js","NOT_REQUIRED","","","NOT_CHECKED","NOT_REQUIRED","False",""
".runtime/n8n/.cache/n8n/public/assets/AgentView-nHbIpXe6.js","RUNTIME_TRANSIENT","IGNORE_POLICY_CANDIDATE","2154","0,002","81F1B52CDCCB177B056103006A99E69780B0E5098A9CB89A97494AD9DDCF9D70","","False","","132","False",".js","NOT_REQUIRED","","","NOT_CHECKED","NOT_REQUIRED","False",""
".runtime/n8n/.cache/n8n/public/assets/AgentsListView-D9fq0LSI.css","RUNTIME_TRANSIENT","IGNORE_POLICY_CANDIDATE","1465","0,001","4222DF89F07E4DDEE2FA13F2F9BE67BD60A42508B0331AE5F1AA188D44326EA6","","False","","138","False",".css","NOT_REQUIRED","","","NOT_CHECKED","NOT_REQUIRED","False",""
".runtime/n8n/.cache/n8n/public/assets/AgentsListView-DpLKBsXe.js","RUNTIME_TRANSIENT","IGNORE_POLICY_CANDIDATE","8729","0,008","92D62B4395095E0B6B614501651AA1D1511E2929FEAABC68263B00FE429F3C5B","","False","","137","False",".js","NOT_REQUIRED","","","NOT_CHECKED","NOT_REQUIRED","False",""
".runtime/n8n/.cache/n8n/public/assets/AgentsListView-legacy-lClIbtN3.js","RUNTIME_TRANSIENT","IGNORE_POLICY_CANDIDATE","10838","0,01","F1FD212733D898A85FBB01B3022CE464C6B88BA509903AF98F8A2A608F032F3B","","False","","144","False",".js","NOT_REQUIRED","","","NOT_CHECKED","NOT_REQUIRED","False",""
".runtime/n8n/.cache/n8n/public/assets/AnimatedSpinner-BzUH0hGC.js","RUNTIME_TRANSIENT","IGNORE_POLICY_CANDIDATE","1857","0,002","BB742212582F39C98336D46FFE982F264EE881324BE8893A5F8A1F4AF0B9816D","","False","","138","False",".js","NOT_REQUIRED","","","NOT_CHECKED","NOT_REQUIRED","False",""
".runtime/n8n/.cache/n8n/public/assets/AnimatedSpinner-OiUdRqev.css","RUNTIME_TRANSIENT","IGNORE_POLICY_CANDIDATE","477","0","60C7CDBC7D3B64C27DFFF7DFB92EE1F65F20722BA450925DFFFA3981B6460AEA","","False","","139","False",".css","NOT_REQUIRED","","","NOT_CHECKED","NOT_REQUIRED","False",""
".runtime/n8n/.cache/n8n/public/assets/AnimatedSpinner-legacy-_1eOT8rZ.js","RUNTIME_TRANSIENT","IGNORE_POLICY_CANDIDATE","2581","0,002","6B8CF2ACA90F5A39643F46231B45D83183AFDCC98B0549491770C8AA45816EB2","","False","","145","False",".js","NOT_REQUIRED","","","NOT_CHECKED","NOT_REQUIRED","False",""
".runtime/n8n/.cache/n8n/public/assets/AnnotationTagsDropdown.ee-cQJmd0af.js","RUNTIME_TRANSIENT","IGNORE_POLICY_CANDIDATE","1885","0,002","7F62400E7DEDDC262776D0AE26BB7A90FE24E14AA1D5A47DCFC924C889DB6FBF","","False","","148","False",".js","NOT_REQUIRED","","","NOT_CHECKED","NOT_REQUIRED","False",""
".runtime/n8n/.cache/n8n/public/assets/AnnotationTagsDropdown.ee-legacy-CKb5x6ja.js","RUNTIME_TRANSIENT","IGNORE_POLICY_CANDIDATE","2093","0,002","F1F50507D674D549C3DF2416049CF08339CD6EEA2D3FED7DE848ECD90D017D88","","False","","155","False",".js","NOT_REQUIRED","","","NOT_CHECKED","NOT_REQUIRED","False",""
".runtime/n8n/.cache/n8n/public/assets/AppSidebar-BlmbUBXj.js","RUNTIME_TRANSIENT","IGNORE_POLICY_CANDIDATE","19615","0,019","C695EAC25E893147A8412F746C3879658A326ABBC218A875C29A9C6E87196567","","False","","133","False",".js","NOT_REQUIRED","","","NOT_CHECKED","NOT_REQUIRED","False",""
".runtime/n8n/.cache/n8n/public/assets/AppSidebar-CfpUojFl.css","RUNTIME_TRANSIENT","IGNORE_POLICY_CANDIDATE","4562","0,004","D065335028B7675479D7A98557292EDBD6B3BD5824021CD8CB2BAD681E09196B","","False","","134","False",".css","NOT_REQUIRED","","","NOT_CHECKED","NOT_REQUIRED","False",""
".runtime/n8n/.cache/n8n/public/assets/AppSidebar-legacy-BePThjuT.js","RUNTIME_TRANSIENT","IGNORE_POLICY_CANDIDATE","25043","0,024","67D64A62B76C91823A76B542B450D7AED6E76954CD29F619821563CA7934E86C","","False","","140","False",".js","NOT_REQUIRED","","","NOT_CHECKED","NOT_REQUIRED","False",""
".runtime/n8n/.cache/n8n/public/assets/AuthLayout-BySqWRYB.js","RUNTIME_TRANSIENT","IGNORE_POLICY_CANDIDATE","857","0,001","A4164B3CB04F5D275ED761A8D27F0D90152364519C49DCF942495F6C6B8191F3","","False","","133","False",".js","NOT_REQUIRED","","","NOT_CHECKED","NOT_REQUIRED","False",""
".runtime/n8n/.cache/n8n/public/assets/AuthLayout-legacy-DIZ4O8wB.js","RUNTIME_TRANSIENT","IGNORE_POLICY_CANDIDATE","1009","0,001","474DABEABA3AB8FD26D8124F064C233C5E6A214F5CDBF5F57FDAEF090D9F2FBF","","False","","140","False",".js","NOT_REQUIRED","","","NOT_CHECKED","NOT_REQUIRED","False",""
".runtime/n8n/.cache/n8n/public/assets/AuthView-7CscLlOl.js","RUNTIME_TRANSIENT","IGNORE_POLICY_CANDIDATE","2782","0,003","AA145ADA781C9DA948542926649EF6B94C72701480E0CFB447EE6A162A5B4944","","False","","131","False",".js","NOT_REQUIRED","","","NOT_CHECKED","NOT_REQUIRED","False",""
".runtime/n8n/.cache/n8n/public/assets/AuthView-CkmOjxOY.css","RUNTIME_TRANSIENT","IGNORE_POLICY_CANDIDATE","798","0,001","73598D8EB1DC2FDCAD174A93D19D31DE3AFC85C7F237D99D365B4FF6031B1070","","False","","132","False",".css","NOT_REQUIRED","","","NOT_CHECKED","NOT_REQUIRED","False",""
".runtime/n8n/.cache/n8n/public/assets/AuthView-legacy-Ca2YYCu_.js","RUNTIME_TRANSIENT","IGNORE_POLICY_CANDIDATE","3933","0,004","283AE38426C7054A1EC560B43F0135E73704F82656C9FAA13CC880C895323160","","False","","138","False",".js","NOT_REQUIRED","","","NOT_CHECKED","NOT_REQUIRED","False",""
".runtime/n8n/.cache/n8n/public/assets/BaseLayout-j6q-DgRt.js","RUNTIME_TRANSIENT","IGNORE_POLICY_CANDIDATE","1966","0,002","B105A751B06CC949828453DC989B9C5F0D7D0320070D1AC096A451C743162861","","False","","133","False",".js","NOT_REQUIRED","","","NOT_CHECKED","NOT_REQUIRED","False",""
".runtime/n8n/.cache/n8n/public/assets/BaseLayout-legacy-ChYYHdA4.js","RUNTIME_TRANSIENT","IGNORE_POLICY_CANDIDATE","3201","0,003","C68635679806A54FE6A5163DB57B4D4B00F0E68C5393DA2E73339D43B2B99279","","False","","140","False",".js","NOT_REQUIRED","","","NOT_CHECKED","NOT_REQUIRED","False",""
".runtime/n8n/.cache/n8n/public/assets/BaseLayout-mLarJ6Ix.css","RUNTIME_TRANSIENT","IGNORE_POLICY_CANDIDATE","978","0,001","428EA59DA7077CAE9C4942F5D71F6C2108F0826072AD7CA47734121F2C0EB4D6","","False","","134","False",".css","NOT_REQUIRED","","","NOT_CHECKED","NOT_REQUIRED","False",""
".runtime/n8n/.cache/n8n/public/assets/BrowserUseSetupContent-B3C2R3bJ.css","RUNTIME_TRANSIENT","IGNORE_POLICY_CANDIDATE","1158","0,001","F39A076DD57DA292A65F3394FBB043C114E7C7D0C96BCF5F5C3D294361A9F9FF","","False","","146","False",".css","NOT_REQUIRED","","","NOT_CHECKED","NOT_REQUIRED","False",""
".runtime/n8n/.cache/n8n/public/assets/BrowserUseSetupContent-DG5ZYBEd.js","RUNTIME_TRANSIENT","IGNORE_POLICY_CANDIDATE","4627","0,004","ACC6B0EB2C96C0F4F818708768A0164A4F6A87927A161A77A0C45EE109D5274E","","False","","145","False",".js","NOT_REQUIRED","","","NOT_CHECKED","NOT_REQUIRED","False",""
".runtime/n8n/.cache/n8n/public/assets/BrowserUseSetupContent-legacy-DhzrKHeE.js","RUNTIME_TRANSIENT","IGNORE_POLICY_CANDIDATE","6117","0,006","71B0EAE6CD4E04BF0ABC07AC08E5D64AF534F74520329D5E09CB1EE8233FE3F7","","False","","152","False",".js","NOT_REQUIRED","","","NOT_CHECKED","NOT_REQUIRED","False",""
".runtime/n8n/.cache/n8n/public/assets/BrowserUseSetupModal-HOb5uyb9.js","RUNTIME_TRANSIENT","IGNORE_POLICY_CANDIDATE","1027","0,001","5368B977E92422496570BBF3135DF8568D4CE8CE01EA20EDA0CC551186622FB1","","False","","143","False",".js","NOT_REQUIRED","","","NOT_CHECKED","NOT_REQUIRED","False",""
".runtime/n8n/.cache/n8n/public/assets/BrowserUseSetupModal-RzKtMLW0.css","RUNTIME_TRANSIENT","IGNORE_POLICY_CANDIDATE","140","0","7E2755954FED2F9B93DB98931181244D71F2D9D3FDAC1710263C8E95B5D521D1","","False","","144","False",".css","NOT_REQUIRED","","","NOT_CHECKED","NOT_REQUIRED","False",""
".runtime/n8n/.cache/n8n/public/assets/BrowserUseSetupModal-legacy-4X3GVLSO.js","RUNTIME_TRANSIENT","IGNORE_POLICY_CANDIDATE","1430","0,001","0180562D145007E13017D6D4141FB7095959AE8C1783EAE98AD5C5281886AE27","","False","","150","False",".js","NOT_REQUIRED","","","NOT_CHECKED","NOT_REQUIRED","False",""
".runtime/n8n/.cache/n8n/public/assets/CalendarDate-DDrBJNg0.js","RUNTIME_TRANSIENT","IGNORE_POLICY_CANDIDATE","15036","0,014","1F4C897603CF18055F4FF4514C16B9749FECCBDD7EF9E09F69E64ED7F23623E3","","False","","135","False",".js","NOT_REQUIRED","","","NOT_CHECKED","NOT_REQUIRED","False",""
".runtime/n8n/.cache/n8n/public/assets/CalendarDate-legacy-DLTwGdDE.js","RUNTIME_TRANSIENT","IGNORE_POLICY_CANDIDATE","15437","0,015","ED5DB22A68630CA0D3C355606F7A6FEF5C83E99E26FA0581578CA31AA5958428","","False","","142","False",".js","NOT_REQUIRED","","","NOT_CHECKED","NOT_REQUIRED","False",""
".runtime/n8n/.cache/n8n/public/assets/CanvasRunWorkflowButton-Cg364o6o.js","RUNTIME_TRANSIENT","IGNORE_POLICY_CANDIDATE","36496","0,035","FA56B5CD82F597A9CF78EABC04B086A9D13FA55C02EE0266F591C9A8F6E28D3D","","False","","146","False",".js","NOT_REQUIRED","","","NOT_CHECKED","NOT_REQUIRED","False",""
".runtime/n8n/.cache/n8n/public/assets/CanvasRunWorkflowButton-MqoOLOO1.css","RUNTIME_TRANSIENT","IGNORE_POLICY_CANDIDATE","4774","0,005","5E838D859D2B26D6C9F5C98C6ACD15479C47FBE350DDDEF839F8121FDFE61215","","False","","147","False",".css","NOT_REQUIRED","","","NOT_CHECKED","NOT_REQUIRED","False",""
".runtime/n8n/.cache/n8n/public/assets/CanvasRunWorkflowButton-legacy-DLGgNR_V.js","RUNTIME_TRANSIENT","IGNORE_POLICY_CANDIDATE","42674","0,041","58A2483DE6DC2894A14FBA58F7FA05BA073292FFB34A89035BAA0E5BC2AFF7C1","","False","","153","False",".js","NOT_REQUIRED","","","NOT_CHECKED","NOT_REQUIRED","False",""
".runtime/n8n/.cache/n8n/public/assets/ChangePasswordView-legacy-u8Ktey6A.js","RUNTIME_TRANSIENT","IGNORE_POLICY_CANDIDATE","3693","0,004","E17F92B33B26B92058E494E4E552B9614DA078BD2B3DB8B4EF1CB13ECABEACCB","","False","","148","False",".js","NOT_REQUIRED","","","NOT_CHECKED","NOT_REQUIRED","False",""
".runtime/n8n/.cache/n8n/public/assets/ChangePasswordView-yqpmlAta.js","RUNTIME_TRANSIENT","IGNORE_POLICY_CANDIDATE","3433","0,003","B8CC75ED8178106CD5F02123DC19891AAD318D5335BE9527B3265A31B80E7876","","False","","141","False",".js","NOT_REQUIRED","","","NOT_CHECKED","NOT_REQUIRED","False",""
".runtime/n8n/.cache/n8n/public/assets/ChatAgentAvatar-IrSDA439.css","RUNTIME_TRANSIENT","IGNORE_POLICY_CANDIDATE","795","0,001","B993CD6E084FC1EC5F35369E68F804993FF3E7FD66B315F58AAEF1B9062980A5","","False","","139","False",".css","NOT_REQUIRED","","","NOT_CHECKED","NOT_REQUIRED","False",""
".runtime/n8n/.cache/n8n/public/assets/ChatAgentAvatar-iEc_OQJj.js","RUNTIME_TRANSIENT","IGNORE_POLICY_CANDIDATE","2454","0,002","2503748AA4D4594EB867CE9B787538262C3FB0AA8790E91A47F15651BA417086","","False","","138","False",".js","NOT_REQUIRED","","","NOT_CHECKED","NOT_REQUIRED","False",""
".runtime/n8n/.cache/n8n/public/assets/ChatAgentAvatar-legacy-Cg2RahNp.js","RUNTIME_TRANSIENT","IGNORE_POLICY_CANDIDATE","3579","0,003","9A87654BDAF3675CE7DF17FBB06D91FB1E919876B3BCA861C5A587FDB11C7B1E","","False","","145","False",".js","NOT_REQUIRED","","","NOT_CHECKED","NOT_REQUIRED","False",""
".runtime/n8n/.cache/n8n/public/assets/ChatFile-CmmrQ6iY.css","RUNTIME_TRANSIENT","IGNORE_POLICY_CANDIDATE","905","0,001","1C1D57E9504292D74C2247F4D710D59F3DF3BC0CFB1358FAB1DE8C9D3E2E74F3","","False","","132","False",".css","NOT_REQUIRED","","","NOT_CHECKED","NOT_REQUIRED","False",""
".runtime/n8n/.cache/n8n/public/assets/ChatFile-Cu6tvyXE.js","RUNTIME_TRANSIENT","IGNORE_POLICY_CANDIDATE","3489","0,003","77A4E0CB67F683D82DABFCF87FD632FB06D3A87F5ACD19E9E1628AAA4E3024D4","","False","","131","False",".js","NOT_REQUIRED","","","NOT_CHECKED","NOT_REQUIRED","False",""
".runtime/n8n/.cache/n8n/public/assets/ChatFile-legacy-CqryY234.js","RUNTIME_TRANSIENT","IGNORE_POLICY_CANDIDATE","4687","0,004","C3891002847DE6BFF15813B79F0BA4FAB0B8D2E37EA7FCD452763F06D6BA7C9D","","False","","138","False",".js","NOT_REQUIRED","","","NOT_CHECKED","NOT_REQUIRED","False",""
".runtime/n8n/.cache/n8n/public/assets/ChatGreetings-B6i128TQ.css","RUNTIME_TRANSIENT","IGNORE_POLICY_CANDIDATE","9558","0,009","3620BAD0B6571901E97081C55D4AADE5F2038945C478F040912635BAF3E991FB","","False","","137","False",".css","NOT_REQUIRED","","","NOT_CHECKED","NOT_REQUIRED","False",""
".runtime/n8n/.cache/n8n/public/assets/ChatGreetings-Bye2_Y5M.js","RUNTIME_TRANSIENT","IGNORE_POLICY_CANDIDATE","34734","0,033","EF5B1F62F177EC0A7BF9A4DDBCEECBA5E5DAA803DAFC57BF218182F4DB8C17D4","","False","","136","False",".js","NOT_REQUIRED","","","NOT_CHECKED","NOT_REQUIRED","False",""
".runtime/n8n/.cache/n8n/public/assets/ChatGreetings-legacy-CgU_yiHM.js","RUNTIME_TRANSIENT","IGNORE_POLICY_CANDIDATE","45204","0,043","ED62766ED1F0F45A1AB53E8757C329265B1A17BA8CABF76441066D4A5B376661","","False","","143","False",".js","NOT_REQUIRED","","","NOT_CHECKED","NOT_REQUIRED","False",""
".runtime/n8n/.cache/n8n/public/assets/ChatInputBase-BZ1ph-8k.css","RUNTIME_TRANSIENT","IGNORE_POLICY_CANDIDATE","287","0","9FBB7B1C1C8AC5B7CE89E8E974D5DABB0205F64EEB7D961B2028DBFF405829CC","","False","","137","False",".css","NOT_REQUIRED","","","NOT_CHECKED","NOT_REQUIRED","False",""
".runtime/n8n/.cache/n8n/public/assets/ChatInputBase-Z3_dg_Uy.js","RUNTIME_TRANSIENT","IGNORE_POLICY_CANDIDATE","4508","0,004","9B3B50F89BA512F8205028719A29EECE632152B5622D4E651933BF66F2B2EB53","","False","","136","False",".js","NOT_REQUIRED","","","NOT_CHECKED","NOT_REQUIRED","False",""
".runtime/n8n/.cache/n8n/public/assets/ChatInputBase-legacy-BlafT2Vo.js","RUNTIME_TRANSIENT","IGNORE_POLICY_CANDIDATE","5140","0,005","50F7709F4189D0E512124BC28287D9508791AFB1A28008E1DE3C02B0007942F7","","False","","143","False",".js","NOT_REQUIRED","","","NOT_CHECKED","NOT_REQUIRED","False",""
".runtime/n8n/.cache/n8n/public/assets/ChatLayout-Bv9QPdFx.css","RUNTIME_TRANSIENT","IGNORE_POLICY_CANDIDATE","156","0","3DFA672B92FE9426DA4C3F94480178A2DF92F18A04827D21C6EACFB0453E2051","","False","","134","False",".css","NOT_REQUIRED","","","NOT_CHECKED","NOT_REQUIRED","False",""
".runtime/n8n/.cache/n8n/public/assets/ChatLayout-D93Y0G6k.js","RUNTIME_TRANSIENT","IGNORE_POLICY_CANDIDATE","2861","0,003","48F6BCD0A83834B1D523B8B73FD6DCCA90D1D25BFCDA117D6F9E2AD228FF88D7","","False","","133","False",".js","NOT_REQUIRED","","","NOT_CHECKED","NOT_REQUIRED","False",""
".runtime/n8n/.cache/n8n/public/assets/ChatLayout-DJSfRrm8.js","RUNTIME_TRANSIENT","IGNORE_POLICY_CANDIDATE","12015","0,011","F5A9BDC97B64016C95A8A9B99A6CE4D6D03721003E105CF9A337EFA62E967EAD","","False","","133","False",".js","NOT_REQUIRED","","","NOT_CHECKED","NOT_REQUIRED","False",""
".runtime/n8n/.cache/n8n/public/assets/ChatLayout-VMt8aO2j.css","RUNTIME_TRANSIENT","IGNORE_POLICY_CANDIDATE","7781","0,007","6506A2BC279F5714309657E4771A94A34C5B0DC8CD5F3F92037E63EBE3A86E4E","","False","","134","False",".css","NOT_REQUIRED","","","NOT_CHECKED","NOT_REQUIRED","False",""
".runtime/n8n/.cache/n8n/public/assets/ChatLayout-legacy-Bm4df1xd.js","RUNTIME_TRANSIENT","IGNORE_POLICY_CANDIDATE","3427","0,003","1F6387402CD20434C8CEC92D33D5BF95DACE9E7EB181121B8B02C8BD57FD9076","","False","","140","False",".js","NOT_REQUIRED","","","NOT_CHECKED","NOT_REQUIRED","False",""
".runtime/n8n/.cache/n8n/public/assets/ChatLayout-legacy-YwOqmGNj.js","RUNTIME_TRANSIENT","IGNORE_POLICY_CANDIDATE","20283","0,019","517E4E6D00A8413ED8FB05A9C64C207F302FDE55A254E4DE2AD25D5B71688DE7","","False","","140","False",".js","NOT_REQUIRED","","","NOT_CHECKED","NOT_REQUIRED","False",""
".runtime/n8n/.cache/n8n/public/assets/ChatMarkdownChunk-Br0auzot.js","RUNTIME_TRANSIENT","IGNORE_POLICY_CANDIDATE","284439","0,271","8667FA737B50D7792DCC238BC86E0A4D9D4EDB9CCB8AB55F6E3AEA263D6D339E","","False","","140","False",".js","NOT_REQUIRED","","","NOT_CHECKED","NOT_REQUIRED","False",""
".runtime/n8n/.cache/n8n/public/assets/ChatMarkdownChunk-DLl5j__m.css","RUNTIME_TRANSIENT","IGNORE_POLICY_CANDIDATE","47647","0,045","7DD6A5C6EA7E0DD8DE8FD2D62E1A5DA1F4DDD8D1AA64317565E677A8A6377A1A","","False","","141","False",".css","NOT_REQUIRED","","","NOT_CHECKED","NOT_REQUIRED","False",""
".runtime/n8n/.cache/n8n/public/assets/ChatMarkdownChunk-legacy-BwDHmoYT.js","RUNTIME_TRANSIENT","IGNORE_POLICY_CANDIDATE","336179","0,321","39DF362484B441E593C2D6102B51345BACA57ED4D4761CD2AFFB0C3D9BE0C3EF","","False","","147","False",".js","NOT_REQUIRED","","","NOT_CHECKED","NOT_REQUIRED","False",""
".runtime/n8n/.cache/n8n/public/assets/ChatPersonalAgentsView-CZUnGDb-.js","RUNTIME_TRANSIENT","IGNORE_POLICY_CANDIDATE","4383","0,004","561E2BA8237A4200C16C5EE01ECFA3C9A93E14333B9672FF3A6255687215F237","","False","","145","False",".js","NOT_REQUIRED","","","NOT_CHECKED","NOT_REQUIRED","False",""
".runtime/n8n/.cache/n8n/public/assets/ChatPersonalAgentsView-Cy7T5KjM.css","RUNTIME_TRANSIENT","IGNORE_POLICY_CANDIDATE","619","0,001","F5B4CA913ECF98A87B6CA01EB96363E8340CB70F260E742A3EBE1A8EAF736223","","False","","146","False",".css","NOT_REQUIRED","","","NOT_CHECKED","NOT_REQUIRED","False",""
".runtime/n8n/.cache/n8n/public/assets/ChatPersonalAgentsView-legacy-Biabot5C.js","RUNTIME_TRANSIENT","IGNORE_POLICY_CANDIDATE","5443","0,005","AC4580248AD7C42F1391A7B60E604CAB9A8D3401CD383E061D14A198E3CF1F64","","False","","152","False",".js","NOT_REQUIRED","","","NOT_CHECKED","NOT_REQUIRED","False",""
".runtime/n8n/.cache/n8n/public/assets/ChatView-B2jof4Qc.js","RUNTIME_TRANSIENT","IGNORE_POLICY_CANDIDATE","29553","0,028","74351A44370C08E624F37ED5B9B31E5377435252AC0F563CFD780C857E98860E","","False","","131","False",".js","NOT_REQUIRED","","","NOT_CHECKED","NOT_REQUIRED","False",""
".runtime/n8n/.cache/n8n/public/assets/ChatView-C1HsoTvg.css","RUNTIME_TRANSIENT","IGNORE_POLICY_CANDIDATE","7085","0,007","7654C0DF60D3E52EF52CF007C18CA91C8B76910179BDADC93D1814B886CCFC0E","","False","","132","False",".css","NOT_REQUIRED","","","NOT_CHECKED","NOT_REQUIRED","False",""
".runtime/n8n/.cache/n8n/public/assets/ChatView-legacy-Be63jPYY.js","RUNTIME_TRANSIENT","IGNORE_POLICY_CANDIDATE","37862","0,036","B4B8B8C3D4DBD5A0C625350AD8297123271E9A9A45EA883737E31436581C01C0","","False","","138","False",".js","NOT_REQUIRED","","","NOT_CHECKED","NOT_REQUIRED","False",""
".runtime/n8n/.cache/n8n/public/assets/ChatWorkflowAgentsView-Cs-IeH6Z.js","RUNTIME_TRANSIENT","IGNORE_POLICY_CANDIDATE","3264","0,003","81A8654014ED654F1628B104F65EC7A33DE50E24CDBA103131224010F6CF27B2","","False","","145","False",".js","NOT_REQUIRED","","","NOT_CHECKED","NOT_REQUIRED","False",""
".runtime/n8n/.cache/n8n/public/assets/ChatWorkflowAgentsView-DNB6Wp_u.css","RUNTIME_TRANSIENT","IGNORE_POLICY_CANDIDATE","776","0,001","825BC24D6B4FC9992B93FF0E7123CBF912B1BFDF0AE1FEAB83C8FE7AB428463C","","False","","146","False",".css","NOT_REQUIRED","","","NOT_CHECKED","NOT_REQUIRED","False",""
".runtime/n8n/.cache/n8n/public/assets/ChatWorkflowAgentsView-legacy-Q8bSk1f2.js","RUNTIME_TRANSIENT","IGNORE_POLICY_CANDIDATE","4466","0,004","32329042DE90B4559BC6FE8904691EE35E3A5B521E1B0536B9262B2817DBCC1A","","False","","152","False",".js","NOT_REQUIRED","","","NOT_CHECKED","NOT_REQUIRED","False",""
".runtime/n8n/.cache/n8n/public/assets/CollectionParameter-DONwyxw-.js","RUNTIME_TRANSIENT","IGNORE_POLICY_CANDIDATE","595","0,001","BE87119C0D4324665ADD809575D9C08A449264B1090C15767D6ECDEC76FE05A3","","False","","142","False",".js","NOT_REQUIRED","","","NOT_CHECKED","NOT_REQUIRED","False",""
".runtime/n8n/.cache/n8n/public/assets/CollectionParameter-legacy-x1yy6uyo.js","RUNTIME_TRANSIENT","IGNORE_POLICY_CANDIDATE","736","0,001","E94413BA94FBF03134CC51DCFC34CC4ADB5029DF594989FFD859CF7A1B33FEAF","","False","","149","False",".js","NOT_REQUIRED","","","NOT_CHECKED","NOT_REQUIRED","False",""
".runtime/n8n/.cache/n8n/public/assets/CommunityNodeUpdateInfo-BEOkxQjm.js","RUNTIME_TRANSIENT","IGNORE_POLICY_CANDIDATE","6242","0,006","BD5AB5AD475F7D608C39375D9CC7C1C8A493572A5AE2F875DB99D523F90E7A6D","","False","","146","False",".js","NOT_REQUIRED","","","NOT_CHECKED","NOT_REQUIRED","False",""
".runtime/n8n/.cache/n8n/public/assets/CommunityNodeUpdateInfo-legacy-BjKLaPGb.js","RUNTIME_TRANSIENT","IGNORE_POLICY_CANDIDATE","8185","0,008","62FFCD3111B4C5934CA49D25765A2F9DED12D81F099ADF1FB7B94D5CC099E571","","False","","153","False",".js","NOT_REQUIRED","","","NOT_CHECKED","NOT_REQUIRED","False",""
".runtime/n8n/.cache/n8n/public/assets/CommunityNodeUpdateInfo-vtbGWM8d.css","RUNTIME_TRANSIENT","IGNORE_POLICY_CANDIDATE","1491","0,001","167540652FEEBFB3E74140108729E4DEE6E21BB6DDBFC0F3057AEE357FAF53F9","","False","","147","False",".css","NOT_REQUIRED","","","NOT_CHECKED","NOT_REQUIRED","False",""
".runtime/n8n/.cache/n8n/public/assets/CompareCollectionView-BUQ7Ev4b.js","RUNTIME_TRANSIENT","IGNORE_POLICY_CANDIDATE","36334","0,035","1825555A1E2C5897AC013A706E266685DA28EA66B20144000AAFF690890431E4","","False","","144","False",".js","NOT_REQUIRED","","","NOT_CHECKED","NOT_REQUIRED","False",""
".runtime/n8n/.cache/n8n/public/assets/CompareCollectionView-legacy-Qr8CR7qA.js","RUNTIME_TRANSIENT","IGNORE_POLICY_CANDIDATE","50889","0,049","2669198539423492A8F5F35116AFEFDAC40F2B95046813B309057F540FDBE34A","","False","","151","False",".js","NOT_REQUIRED","","","NOT_CHECKED","NOT_REQUIRED","False",""
".runtime/n8n/.cache/n8n/public/assets/CompareCollectionView-tEz_aL5B.css","RUNTIME_TRANSIENT","IGNORE_POLICY_CANDIDATE","13571","0,013","5B1A5E22162C6710D3E9C701B497D3BA096EEB862E3B25764283676742C98A74","","False","","145","False",".css","NOT_REQUIRED","","","NOT_CHECKED","NOT_REQUIRED","False",""
".runtime/n8n/.cache/n8n/public/assets/ComputerUseSetupContent-ZqSewCE_.css","RUNTIME_TRANSIENT","IGNORE_POLICY_CANDIDATE","3445","0,003","FB6352F0386E9FF36801FFE7C9736F35DBE9BBA740A15490EE31675B32C4C070","","False","","147","False",".css","NOT_REQUIRED","","","NOT_CHECKED","NOT_REQUIRED","False",""
".runtime/n8n/.cache/n8n/public/assets/ComputerUseSetupContent-legacy-DVCwjrMy.js","RUNTIME_TRANSIENT","IGNORE_POLICY_CANDIDATE","17809","0,017","0FBEE391542B687D54C8CE3E12CED2A1D523A5FFA513D3543A2C852A49BFD96A","","False","","153","False",".js","NOT_REQUIRED","","","NOT_CHECKED","NOT_REQUIRED","False",""
".runtime/n8n/.cache/n8n/public/assets/ComputerUseSetupContent-yQHCDvbP.js","RUNTIME_TRANSIENT","IGNORE_POLICY_CANDIDATE","13956","0,013","A050648565A299B6818846FF784C4DE41DB6F034CBD229C5988233D121E8D3E1","","False","","146","False",".js","NOT_REQUIRED","","","NOT_CHECKED","NOT_REQUIRED","False",""
".runtime/n8n/.cache/n8n/public/assets/ComputerUseSetupModal-DVsNF2W2.css","RUNTIME_TRANSIENT","IGNORE_POLICY_CANDIDATE","142","0","8EC0DE19C5FF2C87F15947253808FF7C04D98FD9C6849A74EF4083210FCA189A","","False","","145","False",".css","NOT_REQUIRED","","","NOT_CHECKED","NOT_REQUIRED","False",""
".runtime/n8n/.cache/n8n/public/assets/ComputerUseSetupModal-D_ryoRUR.js","RUNTIME_TRANSIENT","IGNORE_POLICY_CANDIDATE","1031","0,001","654C49255C593AB359F8111F1208CE7EC51227766248E2A575283B93FD96921F","","False","","144","False",".js","NOT_REQUIRED","","","NOT_CHECKED","NOT_REQUIRED","False",""
".runtime/n8n/.cache/n8n/public/assets/ComputerUseSetupModal-legacy-rdWRf5is.js","RUNTIME_TRANSIENT","IGNORE_POLICY_CANDIDATE","1436","0,001","29A429B774E63C8380CE64165ED14AED17DA3C05F7F7D564AAD13475E33003FE","","False","","151","False",".js","NOT_REQUIRED","","","NOT_CHECKED","NOT_REQUIRED","False",""
".runtime/n8n/.cache/n8n/public/assets/ConnectionTracker-B5T9vbX7.js","RUNTIME_TRANSIENT","IGNORE_POLICY_CANDIDATE","1887","0,002","DD057145A8C999FF9A8FCA10C0B2F61291187837ED75D4E62408DF59F562E8CD","","False","","140","False",".js","NOT_REQUIRED","","","NOT_CHECKED","NOT_REQUIRED","False",""
".runtime/n8n/.cache/n8n/public/assets/ConnectionTracker-C-iaSkJ1.css","RUNTIME_TRANSIENT","IGNORE_POLICY_CANDIDATE","165","0","0AF06F4D21DD26C20CFC9640B6B005FAF90B479F1032D36DBB7EAB2D90D945A4","","False","","141","False",".css","NOT_REQUIRED","","","NOT_CHECKED","NOT_REQUIRED","False",""
".runtime/n8n/.cache/n8n/public/assets/ConnectionTracker-legacy-Duu4DAK3.js","RUNTIME_TRANSIENT","IGNORE_POLICY_CANDIDATE","2366","0,002","ED64E3B75602F810120AA379D54B3AE24E99BB4FAFD12D7E9E99675AFD4866BC","","False","","147","False",".js","NOT_REQUIRED","","","NOT_CHECKED","NOT_REQUIRED","False",""
".runtime/n8n/.cache/n8n/public/assets/ContactAdministratorToInstall-C3Yz5rRF.js","RUNTIME_TRANSIENT","IGNORE_POLICY_CANDIDATE","1765","0,002","259337E4648F510F6033E92459C92B4211C540A9C2F4D51DF8043AE19EBC70C9","","False","","152","False",".js","NOT_REQUIRED","","","NOT_CHECKED","NOT_REQUIRED","False",""
".runtime/n8n/.cache/n8n/public/assets/ContactAdministratorToInstall-CHK0v6tR.css","RUNTIME_TRANSIENT","IGNORE_POLICY_CANDIDATE","209","0","E67A2CF5147AAA7B906E2C26C107C959E1DCB65B451EC898B8CF10CA76BCF75D","","False","","153","False",".css","NOT_REQUIRED","","","NOT_CHECKED","NOT_REQUIRED","False",""
".runtime/n8n/.cache/n8n/public/assets/ContactAdministratorToInstall-legacy-DLfs5esj.js","RUNTIME_TRANSIENT","IGNORE_POLICY_CANDIDATE","2288","0,002","F7E156980154E69AC8CBCBC9265A9F2CFCCDA3B5B818C3E4BD778D53C4C2C520","","False","","159","False",".js","NOT_REQUIRED","","","NOT_CHECKED","NOT_REQUIRED","False",""
".runtime/n8n/.cache/n8n/public/assets/CopyButton-C--JdmRw.js","RUNTIME_TRANSIENT","IGNORE_POLICY_CANDIDATE","1534","0,001","EDBE8F8AB9F71AF9F35505FCD5DDD1D259830E15C0A9B24CB79F88A1C75B9520","","False","","133","False",".js","NOT_REQUIRED","","","NOT_CHECKED","NOT_REQUIRED","False",""
".runtime/n8n/.cache/n8n/public/assets/CopyButton-CE9Y7wVK.css","RUNTIME_TRANSIENT","IGNORE_POLICY_CANDIDATE","98","0","1C510FCB8D0A2753F095D42436B7184B3B32ED6DD17BF563916D319DD3E0CE92","","False","","134","False",".css","NOT_REQUIRED","","","NOT_CHECKED","NOT_REQUIRED","False",""
".runtime/n8n/.cache/n8n/public/assets/CopyButton-legacy-D1f8dD2J.js","RUNTIME_TRANSIENT","IGNORE_POLICY_CANDIDATE","1928","0,002","9942EE3F01FDB2AB036B5811076ABC1E5F9228D78B132A6A960EDA9E3BFF950A","","False","","140","False",".js","NOT_REQUIRED","","","NOT_CHECKED","NOT_REQUIRED","False",""
".runtime/n8n/.cache/n8n/public/assets/CopyInput-BtZayXH3.css","RUNTIME_TRANSIENT","IGNORE_POLICY_CANDIDATE","1073","0,001","961D728096E22CB0A15A8A62793B6E2046E8EE8D49261DB18DD1656203BEB88A","","False","","133","False",".css","NOT_REQUIRED","","","NOT_CHECKED","NOT_REQUIRED","False",""
".runtime/n8n/.cache/n8n/public/assets/CopyInput-DK1sL77E.js","RUNTIME_TRANSIENT","IGNORE_POLICY_CANDIDATE","2247","0,002","7F698E27E1D9B84839663A74E4450ADF761CBFC48B62D6A5BA78B9C0E9B70FB4","","False","","132","False",".js","NOT_REQUIRED","","","NOT_CHECKED","NOT_REQUIRED","False",""
".runtime/n8n/.cache/n8n/public/assets/CopyInput-legacy-DrKPMjkA.js","RUNTIME_TRANSIENT","IGNORE_POLICY_CANDIDATE","3624","0,003","04AB8D76FF4D78D1C48B671A8092D49AB1A4B01A67E730CC62047ABA22285BA6","","False","","139","False",".js","NOT_REQUIRED","","","NOT_CHECKED","NOT_REQUIRED","False",""
".runtime/n8n/.cache/n8n/public/assets/CredentialIcon-D5HdHtUS.js","RUNTIME_TRANSIENT","IGNORE_POLICY_CANDIDATE","2208","0,002","3520CE3BD855DC0E833EED94883A86BDC35C190F8F2BDFBC6E3F2DD3ED5F6903","","False","","137","False",".js","NOT_REQUIRED","","","NOT_CHECKED","NOT_REQUIRED","False",""
".runtime/n8n/.cache/n8n/public/assets/CredentialIcon-D9KQZeCk.css","RUNTIME_TRANSIENT","IGNORE_POLICY_CANDIDATE","72","0","79814DF921C249D997E7DCB205B9026769DFF1BE6BA2E9BFC56C98F6F742CCD2","","False","","138","False",".css","NOT_REQUIRED","","","NOT_CHECKED","NOT_REQUIRED","False",""
".runtime/n8n/.cache/n8n/public/assets/CredentialIcon-legacy-BPfirtw4.js","RUNTIME_TRANSIENT","IGNORE_POLICY_CANDIDATE","2631","0,003","0509626B873DA1F620466ED53FCE3D5FE1E8441962F2EA7B18D47EF923F9FB6B","","False","","144","False",".js","NOT_REQUIRED","","","NOT_CHECKED","NOT_REQUIRED","False",""
".runtime/n8n/.cache/n8n/public/assets/CredentialInputs-C9PyWMCz.css","RUNTIME_TRANSIENT","IGNORE_POLICY_CANDIDATE","1906","0,002","3D4176AAA0E069A11DDEB8DFEAC7396FFC95646E578C4D2F05C5F5E668AB6DF8","","False","","140","False",".css","NOT_REQUIRED","","","NOT_CHECKED","NOT_REQUIRED","False",""
".runtime/n8n/.cache/n8n/public/assets/CredentialInputs-DUXvGhbw.js","RUNTIME_TRANSIENT","IGNORE_POLICY_CANDIDATE","13725","0,013","6666145A2954B842FBE0DE8187244E7284C41084D449D5B9E5D0129EA54852F3","","False","","139","False",".js","NOT_REQUIRED","","","NOT_CHECKED","NOT_REQUIRED","False",""
".runtime/n8n/.cache/n8n/public/assets/CredentialInputs-legacy-Ba1UZ8uM.js","RUNTIME_TRANSIENT","IGNORE_POLICY_CANDIDATE","11142","0,011","D9053904E9AD58BAC906A7AF9C2C6D908CE5982FC5663902789C0625150DD172","","False","","146","False",".js","NOT_REQUIRED","","","NOT_CHECKED","NOT_REQUIRED","False",""
".runtime/n8n/.cache/n8n/public/assets/CredentialPicker-BjcfGVK6.css","RUNTIME_TRANSIENT","IGNORE_POLICY_CANDIDATE","234","0","BF1AFC561D7CEDF6ADB7E7041170AD6708766E66620293367C0A0F86F1B94384","","False","","140","False",".css","NOT_REQUIRED","","","NOT_CHECKED","NOT_REQUIRED","False",""
".runtime/n8n/.cache/n8n/public/assets/CredentialPicker-DFBRGo_g.js","RUNTIME_TRANSIENT","IGNORE_POLICY_CANDIDATE","6001","0,006","7353507CA15EC00BF0FC0F79A927DEEADA0878F0DF32AEEE4F2AF257799A6A50","","False","","139","False",".js","NOT_REQUIRED","","","NOT_CHECKED","NOT_REQUIRED","False",""
".runtime/n8n/.cache/n8n/public/assets/CredentialPicker-legacy-g_mnceRD.js","RUNTIME_TRANSIENT","IGNORE_POLICY_CANDIDATE","6675","0,006","E92E61C61823F0E39A50C13376B14213F0FE67FB6AE0CBD4FB01EC4A9EE85497","","False","","146","False",".js","NOT_REQUIRED","","","NOT_CHECKED","NOT_REQUIRED","False",""
".runtime/n8n/.cache/n8n/public/assets/CredentialSelectorModal-CqzvDHz5.css","RUNTIME_TRANSIENT","IGNORE_POLICY_CANDIDATE","597","0,001","936F5FB88FA2ED2C0DEB9B466781D84AE795C5D41454CFFD286D400EEB536857","","False","","147","False",".css","NOT_REQUIRED","","","NOT_CHECKED","NOT_REQUIRED","False",""
".runtime/n8n/.cache/n8n/public/assets/CredentialSelectorModal-DW9iktTX.js","RUNTIME_TRANSIENT","IGNORE_POLICY_CANDIDATE","3925","0,004","F5EF3E0CD9A34FE7ED4E4211713C45BA0B0AA23D6FC5032B96ED4DB52F0A745A","","False","","146","False",".js","NOT_REQUIRED","","","NOT_CHECKED","NOT_REQUIRED","False",""
".runtime/n8n/.cache/n8n/public/assets/CredentialSelectorModal-legacy-BdKrOrEn.js","RUNTIME_TRANSIENT","IGNORE_POLICY_CANDIDATE","4871","0,005","20A52C5E4BBDF35B97464190B7D2BAEF7C83AA4ECD120F4FCD71F2A182015589","","False","","153","False",".js","NOT_REQUIRED","","","NOT_CHECKED","NOT_REQUIRED","False",""
".runtime/n8n/.cache/n8n/public/assets/CredentialsDropdown-CCm-gVK2.js","RUNTIME_TRANSIENT","IGNORE_POLICY_CANDIDATE","3250","0,003","1C7701EC1A70BC4C90783E71E376D98F08891113C28D7FE7A48C9CC7F2380648","","False","","142","False",".js","NOT_REQUIRED","","","NOT_CHECKED","NOT_REQUIRED","False",""
".runtime/n8n/.cache/n8n/public/assets/CredentialsDropdown-Dn-snpCx.css","RUNTIME_TRANSIENT","IGNORE_POLICY_CANDIDATE","903","0,001","DC1781E030F5A1F92D3B2C028712D01A198B003B1E178D02AC945C21A2B7BFCA","","False","","143","False",".css","NOT_REQUIRED","","","NOT_CHECKED","NOT_REQUIRED","False",""
".runtime/n8n/.cache/n8n/public/assets/CredentialsDropdown-legacy-CoQLumyN.js","RUNTIME_TRANSIENT","IGNORE_POLICY_CANDIDATE","4481","0,004","19ACFD74DCC7786130A4D1777274F94558937652E9697CC663E6D45B450B9419","","False","","149","False",".js","NOT_REQUIRED","","","NOT_CHECKED","NOT_REQUIRED","False",""
".runtime/n8n/.cache/n8n/public/assets/CredentialsView-CVQELU2Y.css","RUNTIME_TRANSIENT","IGNORE_POLICY_CANDIDATE","1064","0,001","5FC4829E4CA66160B64EC4D310E40FBF6B9D77E9940C3E6671F860688DAF01C0","","False","","139","False",".css","NOT_REQUIRED","","","NOT_CHECKED","NOT_REQUIRED","False",""
".runtime/n8n/.cache/n8n/public/assets/CredentialsView-Gwk177HT.js","RUNTIME_TRANSIENT","IGNORE_POLICY_CANDIDATE","14476","0,014","5382180BE31A3DE02DD294B1B0592DB831BCBC2A1301DF03E26C0D76611CF8DE","","False","","138","False",".js","NOT_REQUIRED","","","NOT_CHECKED","NOT_REQUIRED","False",""
".runtime/n8n/.cache/n8n/public/assets/CredentialsView-legacy-pWOmWwCA.js","RUNTIME_TRANSIENT","IGNORE_POLICY_CANDIDATE","16239","0,015","5EC41B799C2A09C6737CEA865E4076EDAC241E6150452C9D6C38C07EA5438F4E","","False","","145","False",".js","NOT_REQUIRED","","","NOT_CHECKED","NOT_REQUIRED","False",""
".runtime/n8n/.cache/n8n/public/assets/CreditWarningBanner-3RHHo4qM.js","RUNTIME_TRANSIENT","IGNORE_POLICY_CANDIDATE","5842","0,006","0C2FBFDED3CDB64DDA20B8A38547FEC9EBB3281DE4197202156926F533C496F9","","False","","142","False",".js","NOT_REQUIRED","","","NOT_CHECKED","NOT_REQUIRED","False",""
".runtime/n8n/.cache/n8n/public/assets/CreditWarningBanner-B8g3xCOV.css","RUNTIME_TRANSIENT","IGNORE_POLICY_CANDIDATE","2629","0,003","7A4C96E8BA7253E15DCA75F8D363AA37C291C7E8750C2A2C5EE4969C34202A8D","","False","","143","False",".css","NOT_REQUIRED","","","NOT_CHECKED","NOT_REQUIRED","False",""
".runtime/n8n/.cache/n8n/public/assets/CreditWarningBanner-legacy-cyv8j_qy.js","RUNTIME_TRANSIENT","IGNORE_POLICY_CANDIDATE","8830","0,008","516E0071557270032C365EB440F4B380A425C06ADBBCEC67A883D6D9F30AADE3","","False","","149","False",".js","NOT_REQUIRED","","","NOT_CHECKED","NOT_REQUIRED","False",""
".runtime/n8n/.cache/n8n/public/assets/DataTableActions-D2yxL0xR.js","RUNTIME_TRANSIENT","IGNORE_POLICY_CANDIDATE","9931","0,009","6895F6DE0C4FA728829283950D4C53CB7118A6C7ACD13BB4AB375D4A444794AE","","False","","139","False",".js","NOT_REQUIRED","","","NOT_CHECKED","NOT_REQUIRED","False",""
".runtime/n8n/.cache/n8n/public/assets/DataTableActions-legacy-Apkcq84e.js","RUNTIME_TRANSIENT","IGNORE_POLICY_CANDIDATE","11648","0,011","549A9B720DD0BF43F7EF1895C819EDF1F53E0DCFDBC443AE2BF03983076E79B6","","False","","146","False",".js","NOT_REQUIRED","","","NOT_CHECKED","NOT_REQUIRED","False",""
".runtime/n8n/.cache/n8n/public/assets/DataTableActions-pFRFayHl.css","RUNTIME_TRANSIENT","IGNORE_POLICY_CANDIDATE","1174","0,001","D9F73960AC85A1FA0070ED58559E883A835CA94E3952DC1B189B2E0384AAA397","","False","","140","False",".css","NOT_REQUIRED","","","NOT_CHECKED","NOT_REQUIRED","False",""
".runtime/n8n/.cache/n8n/public/assets/DataTableDetailsView-C2B9zfhH.css","RUNTIME_TRANSIENT","IGNORE_POLICY_CANDIDATE","1176","0,001","B3F702639225C1254555405252ADD3B86FD5149717C0F0BDC9D95A1FEAC9337C","","False","","144","False",".css","NOT_REQUIRED","","","NOT_CHECKED","NOT_REQUIRED","False",""
".runtime/n8n/.cache/n8n/public/assets/DataTableDetailsView-Jhvz9IgK.js","RUNTIME_TRANSIENT","IGNORE_POLICY_CANDIDATE","7680","0,007","987E101FCAAA3E561768BC8DF704CE2BDAE5779DFE108378B2F5C5AB626CC8AB","","False","","143","False",".js","NOT_REQUIRED","","","NOT_CHECKED","NOT_REQUIRED","False",""
".runtime/n8n/.cache/n8n/public/assets/DataTableDetailsView-legacy-CNm6om-V.js","RUNTIME_TRANSIENT","IGNORE_POLICY_CANDIDATE","9382","0,009","ADD8F2E0F78857F2F7AA182B1389768531AC94ABAC75C753EAAD2355B9F41C98","","False","","150","False",".js","NOT_REQUIRED","","","NOT_CHECKED","NOT_REQUIRED","False",""
".runtime/n8n/.cache/n8n/public/assets/DataTableTable-DiA3ZBVY.js","RUNTIME_TRANSIENT","IGNORE_POLICY_CANDIDATE","974076","0,929","1C69DB147DBF0E2E1E58C520D5637E827A09CA5CACF14FBA575A73ECF691920E","","False","","137","False",".js","NOT_REQUIRED","","","NOT_CHECKED","NOT_REQUIRED","False",""
".runtime/n8n/.cache/n8n/public/assets/DataTableTable-legacy-Bmco0Quy.js","RUNTIME_TRANSIENT","IGNORE_POLICY_CANDIDATE","995899","0,95","03F24D53D30E05A62B0E2CB6AA848404B92237517BD53D4636387243FEBC2DCD","","False","","144","False",".js","NOT_REQUIRED","","","NOT_CHECKED","NOT_REQUIRED","False",""
".runtime/n8n/.cache/n8n/public/assets/DataTableTable-n77fueCc.css","RUNTIME_TRANSIENT","IGNORE_POLICY_CANDIDATE","9030","0,009","598A2CB40F3E58B56B39DA7629AD80108AD1E798FBFC12BA270306E927719088","","False","","138","False",".css","NOT_REQUIRED","","","NOT_CHECKED","NOT_REQUIRED","False",""
".runtime/n8n/.cache/n8n/public/assets/DataTableView-CytY9wXJ.js","RUNTIME_TRANSIENT","IGNORE_POLICY_CANDIDATE","8235","0,008","89842DE192C21C6E6966FEE9B81C56D1D8A59E0466DD62C9757A0DA0399E494E","","False","","136","False",".js","NOT_REQUIRED","","","NOT_CHECKED","NOT_REQUIRED","False",""
".runtime/n8n/.cache/n8n/public/assets/DataTableView-ezucdwTg.css","RUNTIME_TRANSIENT","IGNORE_POLICY_CANDIDATE","942","0,001","05F2D03D0AFCFD01725444E7B858E3AFB17480813067459952DA05F6C87C1A33","","False","","137","False",".css","NOT_REQUIRED","","","NOT_CHECKED","NOT_REQUIRED","False",""
".runtime/n8n/.cache/n8n/public/assets/DataTableView-legacy-DEejg5D_.js","RUNTIME_TRANSIENT","IGNORE_POLICY_CANDIDATE","9779","0,009","BC31A24363E0FFACEC3CCB08D2450F4CF93D9B3E678F447161D3CD2DD4705549","","False","","143","False",".js","NOT_REQUIRED","","","NOT_CHECKED","NOT_REQUIRED","False",""
".runtime/n8n/.cache/n8n/public/assets/DefaultLayout-CjpgmusP.js","RUNTIME_TRANSIENT","IGNORE_POLICY_CANDIDATE","930","0,001","9F1657E2E73C462D653F5ED4A85F087278A873C34BD0570917A83C980E8EC76D","","False","","136","False",".js","NOT_REQUIRED","","","NOT_CHECKED","NOT_REQUIRED","False",""
".runtime/n8n/.cache/n8n/public/assets/DefaultLayout-legacy-B-vPwmJq.js","RUNTIME_TRANSIENT","IGNORE_POLICY_CANDIDATE","1094","0,001","DE4D9EDDA40421A7CE714617A6D587904911EC4ABF38F59090A2F2F9F65AEC5D","","False","","143","False",".js","NOT_REQUIRED","","","NOT_CHECKED","NOT_REQUIRED","False",""
".runtime/n8n/.cache/n8n/public/assets/DeleteInstanceRoleModal-CajT6g6s.css","RUNTIME_TRANSIENT","IGNORE_POLICY_CANDIDATE","237","0","8D6DCAB0E8DA7867DAC56D1AE42F3BDEAC3B5EC07E5579853F21B8917ED3F2F3","","False","","147","False",".css","NOT_REQUIRED","","","NOT_CHECKED","NOT_REQUIRED","False",""
".runtime/n8n/.cache/n8n/public/assets/DeleteInstanceRoleModal-Cuad3V2F.js","RUNTIME_TRANSIENT","IGNORE_POLICY_CANDIDATE","5710","0,005","724F90D3C0A84706587BD7C4D4DE81E3820B8DB17C3EF70DEEA351145D7D3C1F","","False","","146","False",".js","NOT_REQUIRED","","","NOT_CHECKED","NOT_REQUIRED","False",""
".runtime/n8n/.cache/n8n/public/assets/DeleteInstanceRoleModal-legacy-DKtZFwbB.js","RUNTIME_TRANSIENT","IGNORE_POLICY_CANDIDATE","6397","0,006","E73DA2E1CFA4B947BE14A299290064C9CB6BC84ECE1BCC40573F9F93CE18701D","","False","","153","False",".js","NOT_REQUIRED","","","NOT_CHECKED","NOT_REQUIRED","False",""
".runtime/n8n/.cache/n8n/public/assets/DemoDiffView--IISAQhm.js","RUNTIME_TRANSIENT","IGNORE_POLICY_CANDIDATE","2204","0,002","0E08CA970E67470F7F190A01BC2621B73DEB2DA56EF9D8368A6041A480B81F79","","False","","135","False",".js","NOT_REQUIRED","","","NOT_CHECKED","NOT_REQUIRED","False",""
".runtime/n8n/.cache/n8n/public/assets/DemoDiffView-DI1RJHHv.css","RUNTIME_TRANSIENT","IGNORE_POLICY_CANDIDATE","209","0","39353A40BFA048FAAFFCFE0FF7DE082FE9DDE0060C450888D8F1F8E462B9ACB1","","False","","136","False",".css","NOT_REQUIRED","","","NOT_CHECKED","NOT_REQUIRED","False",""
".runtime/n8n/.cache/n8n/public/assets/DemoDiffView-legacy-ZC82Y-fx.js","RUNTIME_TRANSIENT","IGNORE_POLICY_CANDIDATE","2685","0,003","BD8D0B25FBC94DC11D45266B30555C668BB0538B6A60098015E330B6F7EF29F4","","False","","142","False",".js","NOT_REQUIRED","","","NOT_CHECKED","NOT_REQUIRED","False",""
".runtime/n8n/.cache/n8n/public/assets/DemoLayout-D8BC7ziO.js","RUNTIME_TRANSIENT","IGNORE_POLICY_CANDIDATE","2892","0,003","2068AA28908A47788157BB95EB1190198139F221B276098AA407193EA9DE55F2","","False","","133","False",".js","NOT_REQUIRED","","","NOT_CHECKED","NOT_REQUIRED","False",""
".runtime/n8n/.cache/n8n/public/assets/DemoLayout-legacy-BQKyGvGt.js","RUNTIME_TRANSIENT","IGNORE_POLICY_CANDIDATE","3236","0,003","B87180B9BBDD33B58FA2FBD1C7C30BA3520BF3AD4704EBFBC341B689F0400599","","False","","140","False",".js","NOT_REQUIRED","","","NOT_CHECKED","NOT_REQUIRED","False",""
".runtime/n8n/.cache/n8n/public/assets/DependencyPill-Dj_eUF2a.js","RUNTIME_TRANSIENT","IGNORE_POLICY_CANDIDATE","5760","0,005","893E39E1F64B022B7F20C9B1ECCFF0B54D92A67E5DE67F5C1C880E72B2ED929A","","False","","137","False",".js","NOT_REQUIRED","","","NOT_CHECKED","NOT_REQUIRED","False",""
".runtime/n8n/.cache/n8n/public/assets/DependencyPill-DvYQ5fcf.css","RUNTIME_TRANSIENT","IGNORE_POLICY_CANDIDATE","686","0,001","4BA3AE8BA4FF9F7A24BCCA4086DBA43299A270D3CFE7054C3CCCF093CB183E0B","","False","","138","False",".css","NOT_REQUIRED","","","NOT_CHECKED","NOT_REQUIRED","False",""
".runtime/n8n/.cache/n8n/public/assets/DependencyPill-legacy-5kSwcMRo.js","RUNTIME_TRANSIENT","IGNORE_POLICY_CANDIDATE","6822","0,007","296B05A7B419F7ED247505281B11CBDF5546071B63B745D4B2AAFF2D6FC8A073","","False","","144","False",".js","NOT_REQUIRED","","","NOT_CHECKED","NOT_REQUIRED","False",""
".runtime/n8n/.cache/n8n/public/assets/Draggable-B0pfmmgs.css","RUNTIME_TRANSIENT","IGNORE_POLICY_CANDIDATE","196","0","CC94789B83C0196E53BD9A5866725063030D5BC152BEF67E9168DA39F7087D71","","False","","133","False",".css","NOT_REQUIRED","","","NOT_CHECKED","NOT_REQUIRED","False",""
".runtime/n8n/.cache/n8n/public/assets/Draggable-D8RM3Ged.js","RUNTIME_TRANSIENT","IGNORE_POLICY_CANDIDATE","3083","0,003","849476FCE4933B628B9587233BCFE41D3FA6DAF1325E9CFCC185425EDA15A3A8","","False","","132","False",".js","NOT_REQUIRED","","","NOT_CHECKED","NOT_REQUIRED","False",""
".runtime/n8n/.cache/n8n/public/assets/Draggable-legacy-CoZgeShK.js","RUNTIME_TRANSIENT","IGNORE_POLICY_CANDIDATE","3579","0,003","DA5B9129BD6025905419C63547DD31D4B419F23768913DB8425465D8372FD317","","False","","139","False",".js","NOT_REQUIRED","","","NOT_CHECKED","NOT_REQUIRED","False",""
".runtime/n8n/.cache/n8n/public/assets/EmptySharedSectionActionBox-BaSUhDU8.js","RUNTIME_TRANSIENT","IGNORE_POLICY_CANDIDATE","1505","0,001","F1A86CF890787B6391805B0DC5975E65815C8E2B1659B7F7AD38F0F3412023EA","","False","","150","False",".js","NOT_REQUIRED","","","NOT_CHECKED","NOT_REQUIRED","False",""
".runtime/n8n/.cache/n8n/public/assets/EmptySharedSectionActionBox-legacy-CHF27dOF.js","RUNTIME_TRANSIENT","IGNORE_POLICY_CANDIDATE","1708","0,002","15C40FB0EB95DF99B9E011850502E77A23E1D28B9F58A243C3B8BE095B8EB82E","","False","","157","False",".js","NOT_REQUIRED","","","NOT_CHECKED","NOT_REQUIRED","False",""
".runtime/n8n/.cache/n8n/public/assets/EnterpriseEdition.ee-3wzj7WeL.js","RUNTIME_TRANSIENT","IGNORE_POLICY_CANDIDATE","1045","0,001","DF5752024D78074E83458103898A0A8811D7599DFB58242238C377EF645BD52A","","False","","143","False",".js","NOT_REQUIRED","","","NOT_CHECKED","NOT_REQUIRED","False",""
".runtime/n8n/.cache/n8n/public/assets/EnterpriseEdition.ee-legacy-Cg-2EGO5.js","RUNTIME_TRANSIENT","IGNORE_POLICY_CANDIDATE","1220","0,001","CEDB589BEFE9E2D809D6C43B657EFFED2F618AA5205237412D421BF8ABBC50FE","","False","","150","False",".js","NOT_REQUIRED","","","NOT_CHECKED","NOT_REQUIRED","False",""
".runtime/n8n/.cache/n8n/public/assets/EntityNotFound-BcBWLYuZ.css","RUNTIME_TRANSIENT","IGNORE_POLICY_CANDIDATE","169","0","52ADE7FB45B611804A1037F76976DCBC970EEF26EEF3CDFE3A7090A3A77A7997","","False","","138","False",".css","NOT_REQUIRED","","","NOT_CHECKED","NOT_REQUIRED","False",""
".runtime/n8n/.cache/n8n/public/assets/EntityNotFound-cfRk4lj3.js","RUNTIME_TRANSIENT","IGNORE_POLICY_CANDIDATE","2117","0,002","9EEFF34B0C87CFA37E287F166E7B3DE49E358B72B907F679FB99425A5575135D","","False","","137","False",".js","NOT_REQUIRED","","","NOT_CHECKED","NOT_REQUIRED","False",""
".runtime/n8n/.cache/n8n/public/assets/EntityNotFound-legacy-Ds0QtNvb.js","RUNTIME_TRANSIENT","IGNORE_POLICY_CANDIDATE","2580","0,002","6F774CFA4DC2C87B2102A5245E141649A76E40E6806FD537F10BCD6C033F57A8","","False","","144","False",".js","NOT_REQUIRED","","","NOT_CHECKED","NOT_REQUIRED","False",""
".runtime/n8n/.cache/n8n/public/assets/EntityUnAuthorised-Bdc_roXL.css","RUNTIME_TRANSIENT","IGNORE_POLICY_CANDIDATE","173","0","9445B49888B174D1D02E32B2EFA1993FF96F44B682EF4FFDF533C94E0AB1E92B","","False","","142","False",".css","NOT_REQUIRED","","","NOT_CHECKED","NOT_REQUIRED","False",""
".runtime/n8n/.cache/n8n/public/assets/EntityUnAuthorised-CxopHwQz.js","RUNTIME_TRANSIENT","IGNORE_POLICY_CANDIDATE","2203","0,002","47C2B798C9905C0B9F1CF7D4B5255825166A131C3761B6C603E55F2BF0E86F4F","","False","","141","False",".js","NOT_REQUIRED","","","NOT_CHECKED","NOT_REQUIRED","False",""
".runtime/n8n/.cache/n8n/public/assets/EntityUnAuthorised-legacy-DHb90DQg.js","RUNTIME_TRANSIENT","IGNORE_POLICY_CANDIDATE","2667","0,003","DD5C3212D3B326B74B11855498CC0115F5986EA35BDB1F3AA504E979C3F77129","","False","","148","False",".js","NOT_REQUIRED","","","NOT_CHECKED","NOT_REQUIRED","False",""
".runtime/n8n/.cache/n8n/public/assets/ErrorView-CFlADnwo.css","RUNTIME_TRANSIENT","IGNORE_POLICY_CANDIDATE","382","0","902B0FE0347CC8CF3EF89104B90D25B866F76991D41CBA93BEEA0875E5160FA5","","False","","133","False",".css","NOT_REQUIRED","","","NOT_CHECKED","NOT_REQUIRED","False",""
".runtime/n8n/.cache/n8n/public/assets/ErrorView-D6V9rKtq.js","RUNTIME_TRANSIENT","IGNORE_POLICY_CANDIDATE","1810","0,002","41FBAC743422DE836CBD6889D8C65CC2137D1C0645D4FE103CB43180B61A7004","","False","","132","False",".js","NOT_REQUIRED","","","NOT_CHECKED","NOT_REQUIRED","False",""
".runtime/n8n/.cache/n8n/public/assets/ErrorView-legacy-DTIJirad.js","RUNTIME_TRANSIENT","IGNORE_POLICY_CANDIDATE","2512","0,002","8FFE1AAFE664432ACA21975E9869BD2D7C4AD6B3B90208E910AEF8ADFE3A9DCB","","False","","139","False",".js","NOT_REQUIRED","","","NOT_CHECKED","NOT_REQUIRED","False",""
".runtime/n8n/.cache/n8n/public/assets/EvalCollectionsListView-B29fEWLf.css","RUNTIME_TRANSIENT","IGNORE_POLICY_CANDIDATE","7055","0,007","0925A76339F49624C3B498341378D438063C0B5B7DD29DAD894C10FE404C0DE6","","False","","147","False",".css","NOT_REQUIRED","","","NOT_CHECKED","NOT_REQUIRED","False",""
".runtime/n8n/.cache/n8n/public/assets/EvalCollectionsListView-CW_TPX11.js","RUNTIME_TRANSIENT","IGNORE_POLICY_CANDIDATE","27023","0,026","D6A09A6A3E42A5BF6C6B25C9A63642C7EF214FE2D05339A8AD03490FC8ED4975","","False","","146","False",".js","NOT_REQUIRED","","","NOT_CHECKED","NOT_REQUIRED","False",""
".runtime/n8n/.cache/n8n/public/assets/EvalCollectionsListView-legacy-CeTNHHHe.js","RUNTIME_TRANSIENT","IGNORE_POLICY_CANDIDATE","34939","0,033","857400E064E24E26597221AE54B6053B2C0BCE21AAB4143DCB7C66C1DC430C78","","False","","153","False",".js","NOT_REQUIRED","","","NOT_CHECKED","NOT_REQUIRED","False",""
".runtime/n8n/.cache/n8n/public/assets/EvaluationsListSwitcher-BmP53Vb5.js","RUNTIME_TRANSIENT","IGNORE_POLICY_CANDIDATE","35466","0,034","7315B706C914C69A8FD63819282CA9261860FF20F49C9FEEFC36D066434AB1DA","","False","","146","False",".js","NOT_REQUIRED","","","NOT_CHECKED","NOT_REQUIRED","False",""
".runtime/n8n/.cache/n8n/public/assets/EvaluationsListSwitcher-lcyFwBQk.css","RUNTIME_TRANSIENT","IGNORE_POLICY_CANDIDATE","5829","0,006","73ACF328E6A97FCAC95D79D8B5095540B8148004C131DEA23AB6909A661F5C4D","","False","","147","False",".css","NOT_REQUIRED","","","NOT_CHECKED","NOT_REQUIRED","False",""
".runtime/n8n/.cache/n8n/public/assets/EvaluationsListSwitcher-legacy-RE6NfELb.js","RUNTIME_TRANSIENT","IGNORE_POLICY_CANDIDATE","41187","0,039","AC06F627D17ACCFEBABA6DDBE2D06D9C54D0F2E10365A5FA05743E430C26CEC0","","False","","153","False",".js","NOT_REQUIRED","","","NOT_CHECKED","NOT_REQUIRED","False",""
".runtime/n8n/.cache/n8n/public/assets/EvaluationsPaywall-DOm3QHW6.js","RUNTIME_TRANSIENT","IGNORE_POLICY_CANDIDATE","1534","0,001","F1A36BAB7C7194B777B203CA81C3965584D292439BA5A1877BA556C6FFA52500","","False","","141","False",".js","NOT_REQUIRED","","","NOT_CHECKED","NOT_REQUIRED","False",""
".runtime/n8n/.cache/n8n/public/assets/EvaluationsPaywall-legacy-CG69vg4t.js","RUNTIME_TRANSIENT","IGNORE_POLICY_CANDIDATE","1753","0,002","CB1DF5682EE66E0AE70CE8D17C0A3F694F15936F9AD7D03C444253366AB56B97","","False","","148","False",".js","NOT_REQUIRED","","","NOT_CHECKED","NOT_REQUIRED","False",""
".runtime/n8n/.cache/n8n/public/assets/EvaluationsRootView-ELrIBySE.css","RUNTIME_TRANSIENT","IGNORE_POLICY_CANDIDATE","3195","0,003","1E56153215DC7097597E0B1425C3487D4013C25D19F28A8ECFD829D63B68CB61","","False","","143","False",".css","NOT_REQUIRED","","","NOT_CHECKED","NOT_REQUIRED","False",""
".runtime/n8n/.cache/n8n/public/assets/EvaluationsRootView-QBnd8oKB.js","RUNTIME_TRANSIENT","IGNORE_POLICY_CANDIDATE","14517","0,014","96092AA09B69EE3C340FDA20DA425C5A7F522B425A17A52D0A90D47ADD86C419","","False","","142","False",".js","NOT_REQUIRED","","","NOT_CHECKED","NOT_REQUIRED","False",""
".runtime/n8n/.cache/n8n/public/assets/EvaluationsRootView-legacy-BfQU9ef9.js","RUNTIME_TRANSIENT","IGNORE_POLICY_CANDIDATE","18377","0,018","577CD89E6B2C9E86D1D1AE435295F6744DCD5B2519644931D0B4EAC2CD5E56C8","","False","","149","False",".js","NOT_REQUIRED","","","NOT_CHECKED","NOT_REQUIRED","False",""
".runtime/n8n/.cache/n8n/public/assets/ExecutionsTime-CPpRSg8U.js","RUNTIME_TRANSIENT","IGNORE_POLICY_CANDIDATE","15787","0,015","67EB72504BEA7F61816CB330821EC7E58E844C25499C37AF890019FD3A8B50C0","","False","","137","False",".js","NOT_REQUIRED","","","NOT_CHECKED","NOT_REQUIRED","False",""
".runtime/n8n/.cache/n8n/public/assets/ExecutionsTime-DnD3xqFY.css","RUNTIME_TRANSIENT","IGNORE_POLICY_CANDIDATE","2408","0,002","55C8C08D3FE20A023474A60761AF56095710BF9F03B5F27630E6284A0EB4A6D8","","False","","138","False",".css","NOT_REQUIRED","","","NOT_CHECKED","NOT_REQUIRED","False",""
".runtime/n8n/.cache/n8n/public/assets/ExecutionsTime-legacy-BvzMkcuj.js","RUNTIME_TRANSIENT","IGNORE_POLICY_CANDIDATE","19123","0,018","992D03F834B6CBE183E80D1A07D3E36F58B11A3757E97984260FD1B782AF74A0","","False","","144","False",".js","NOT_REQUIRED","","","NOT_CHECKED","NOT_REQUIRED","False",""
".runtime/n8n/.cache/n8n/public/assets/ExecutionsView-0txV17zo.js","RUNTIME_TRANSIENT","IGNORE_POLICY_CANDIDATE","20556","0,02","5DCF289C19F60D57B7B1655AA0F1A1F5A5512F5E366E83AB424152E830012DEE","","False","","137","False",".js","NOT_REQUIRED","","","NOT_CHECKED","NOT_REQUIRED","False",""
".runtime/n8n/.cache/n8n/public/assets/ExecutionsView-BEfMZeG8.css","RUNTIME_TRANSIENT","IGNORE_POLICY_CANDIDATE","1097","0,001","91CC0033F857D547353595580915F18BDF58E4CEEE975060C42DC1E1DB7AFD33","","False","","138","False",".css","NOT_REQUIRED","","","NOT_CHECKED","NOT_REQUIRED","False",""
".runtime/n8n/.cache/n8n/public/assets/ExecutionsView-legacy-CN3f3-jP.js","RUNTIME_TRANSIENT","IGNORE_POLICY_CANDIDATE","22396","0,021","261F871BE605DE0745C41E6D69F3A497CBF5526AB26C95DB9BDE0586E72D7047","","False","","144","False",".js","NOT_REQUIRED","","","NOT_CHECKED","NOT_REQUIRED","False",""
".runtime/n8n/.cache/n8n/public/assets/ExposeAllWorkflowsToMcpModal-3eMYYyLp.css","RUNTIME_TRANSIENT","IGNORE_POLICY_CANDIDATE","82","0","63E96189CD5116C9B5490BE228AEB7B74004560E81EC4B0843A11A8BC6C671E1","","False","","152","False",".css","NOT_REQUIRED","","","NOT_CHECKED","NOT_REQUIRED","False",""
".runtime/n8n/.cache/n8n/public/assets/ExposeAllWorkflowsToMcpModal-CDqCa2Xc.js","RUNTIME_TRANSIENT","IGNORE_POLICY_CANDIDATE","2988","0,003","5ABBB11EA02A37E8D3F94A2A9BB3CF11CABC568E967DAC468D58AB5D584F2D3B","","False","","151","False",".js","NOT_REQUIRED","","","NOT_CHECKED","NOT_REQUIRED","False",""
".runtime/n8n/.cache/n8n/public/assets/ExposeAllWorkflowsToMcpModal-legacy-BgmknXVN.js","RUNTIME_TRANSIENT","IGNORE_POLICY_CANDIDATE","3417","0,003","148DEB271778A39FF0C39249573CA1ED047C1292AE751C6422B829C8066BD2DF","","False","","158","False",".js","NOT_REQUIRED","","","NOT_CHECKED","NOT_REQUIRED","False",""
".runtime/n8n/.cache/n8n/public/assets/ExternalSecretsProviderConnectionSwitch-CkTWLm8f.css","RUNTIME_TRANSIENT","IGNORE_POLICY_CANDIDATE","233","0","58067EC862F5436E73FA44907807481EC015F64C66C3081668AD3EBA216A2115","","False","","163","False",".css","NOT_REQUIRED","","","NOT_CHECKED","NOT_REQUIRED","False",""
".runtime/n8n/.cache/n8n/public/assets/ExternalSecretsProviderConnectionSwitch.ee-D1F_ISJw.js","RUNTIME_TRANSIENT","IGNORE_POLICY_CANDIDATE","4088","0,004","98AD1731424FC662553B7C95371ABA90C7BDD10D5215CC80042B83BFCB54636A","","False","","165","False",".js","NOT_REQUIRED","","","NOT_CHECKED","NOT_REQUIRED","False",""
".runtime/n8n/.cache/n8n/public/assets/ExternalSecretsProviderConnectionSwitch.ee-legacy-tGNuCek4.js","RUNTIME_TRANSIENT","IGNORE_POLICY_CANDIDATE","4714","0,004","C6B79B0A2FAF7365234818DA62FC45AABA2F0EE258141DFC97E7AC605B41C412","","False","","172","False",".js","NOT_REQUIRED","","","NOT_CHECKED","NOT_REQUIRED","False",""
".runtime/n8n/.cache/n8n/public/assets/FileSaver.min-Iu4EGv-N.js","RUNTIME_TRANSIENT","IGNORE_POLICY_CANDIDATE","3250","0,003","C62C051A9EAC3E7741A97D44779B82D341DEC258BF92990C73678CE644F120B1","","False","","136","False",".js","NOT_REQUIRED","","","NOT_CHECKED","NOT_REQUIRED","False",""
".runtime/n8n/.cache/n8n/public/assets/FileSaver.min-legacy-BFm9fkv-.js","RUNTIME_TRANSIENT","IGNORE_POLICY_CANDIDATE","3395","0,003","5A3307C68D71E4359EE1F05DEC8B00ACC38D6D87205DC0E4BC1ACCFB8C580AFC","","False","","143","False",".js","NOT_REQUIRED","","","NOT_CHECKED","NOT_REQUIRED","False",""
".runtime/n8n/.cache/n8n/public/assets/FixedCollectionParameter-ChLptgCt.css","RUNTIME_TRANSIENT","IGNORE_POLICY_CANDIDATE","5262","0,005","E8A87306424C5689AC3CAFB8E98B16057E6F238F228DD743518937CC1E4BB911","","False","","148","False",".css","NOT_REQUIRED","","","NOT_CHECKED","NOT_REQUIRED","False",""
".runtime/n8n/.cache/n8n/public/assets/FixedCollectionParameter-legacy-CCXqwB8w.js","RUNTIME_TRANSIENT","IGNORE_POLICY_CANDIDATE","41007","0,039","5E665FDE7DE4657062212CB3997D9CFE29053112345C978CA598F82DB52D3D5C","","False","","154","False",".js","NOT_REQUIRED","","","NOT_CHECKED","NOT_REQUIRED","False",""
".runtime/n8n/.cache/n8n/public/assets/FixedCollectionParameter-tVKoU2II.js","RUNTIME_TRANSIENT","IGNORE_POLICY_CANDIDATE","34740","0,033","93990342797DA09B12FF3479C344B8448651F0486175B10625DDBE2BD06DF8D9","","False","","147","False",".js","NOT_REQUIRED","","","NOT_CHECKED","NOT_REQUIRED","False",""
".runtime/n8n/.cache/n8n/public/assets/FolderBreadcrumbs-BQqJB6Eb.js","RUNTIME_TRANSIENT","IGNORE_POLICY_CANDIDATE","5450","0,005","68D99FFCCE155F826C03FFC1D71656A55DEF62A5B12ADA6DB3BF51285959DF29","","False","","140","False",".js","NOT_REQUIRED","","","NOT_CHECKED","NOT_REQUIRED","False",""
".runtime/n8n/.cache/n8n/public/assets/FolderBreadcrumbs-DrB7HWNZ.css","RUNTIME_TRANSIENT","IGNORE_POLICY_CANDIDATE","126","0","47D454E6D54D6248BA7C496AA68AB91665C36C3BD95D2B81F239064A9A821E83","","False","","141","False",".css","NOT_REQUIRED","","","NOT_CHECKED","NOT_REQUIRED","False",""
".runtime/n8n/.cache/n8n/public/assets/FolderBreadcrumbs-legacy-BnLIQHhj.js","RUNTIME_TRANSIENT","IGNORE_POLICY_CANDIDATE","5958","0,006","6A86ED727069164D940239FC07D2ABC860C61D4C54FFE8C55341F799389F2201","","False","","147","False",".js","NOT_REQUIRED","","","NOT_CHECKED","NOT_REQUIRED","False",""
".runtime/n8n/.cache/n8n/public/assets/ForgotMyPasswordView-DoD4kkUO.js","RUNTIME_TRANSIENT","IGNORE_POLICY_CANDIDATE","2282","0,002","1427A53A6DBC10B1D1C12CA8E08DC4D3B8AC4D3F1E9DCE68647431AD667C94D3","","False","","143","False",".js","NOT_REQUIRED","","","NOT_CHECKED","NOT_REQUIRED","False",""
".runtime/n8n/.cache/n8n/public/assets/ForgotMyPasswordView-legacy-C8Jy93rB.js","RUNTIME_TRANSIENT","IGNORE_POLICY_CANDIDATE","2497","0,002","5943C75F9CEF7987F87D7867C3461B72FCBCC0AC0B2005EEA7A4F27DBF3E1A37","","False","","150","False",".js","NOT_REQUIRED","","","NOT_CHECKED","NOT_REQUIRED","False",""
".runtime/n8n/.cache/n8n/public/assets/GroupedMetricChart-Bz7-Eoah.js","RUNTIME_TRANSIENT","IGNORE_POLICY_CANDIDATE","8954","0,009","EC15E4F146D145C8F1E26B54DD044827369D16F63E0FC993192FF9A272523FF7","","False","","141","False",".js","NOT_REQUIRED","","","NOT_CHECKED","NOT_REQUIRED","False",""
".runtime/n8n/.cache/n8n/public/assets/GroupedMetricChart-DSbsNMua.css","RUNTIME_TRANSIENT","IGNORE_POLICY_CANDIDATE","1547","0,001","1D1B7F8A19EEB5A6B875C087129787DE8A5156EF450EDB42A42EB9C302E831EF","","False","","142","False",".css","NOT_REQUIRED","","","NOT_CHECKED","NOT_REQUIRED","False",""
".runtime/n8n/.cache/n8n/public/assets/GroupedMetricChart-legacy-BSNXZ5Ki.js","RUNTIME_TRANSIENT","IGNORE_POLICY_CANDIDATE","10929","0,01","C0C47E116DFF763225804095B04B587AF1B5ABEDC7887B7F3D07FDA95EDD6B01","","False","","148","False",".js","NOT_REQUIRED","","","NOT_CHECKED","NOT_REQUIRED","False",""
".runtime/n8n/.cache/n8n/public/assets/InsightsChartAverageRuntime-BWsNfPop.js","RUNTIME_TRANSIENT","IGNORE_POLICY_CANDIDATE","1774","0,002","E4D51FED59AEAFD5E35C029FF7070E3C6F8C37D0DD19CFC7449F8783A9A5CD59","","False","","150","False",".js","NOT_REQUIRED","","","NOT_CHECKED","NOT_REQUIRED","False",""
".runtime/n8n/.cache/n8n/public/assets/InsightsChartAverageRuntime-legacy-BloJER93.js","RUNTIME_TRANSIENT","IGNORE_POLICY_CANDIDATE","2007","0,002","D50C15005735360785620DAB37FF0091047CDF4BB641594DDD31BB5D25C784BA","","False","","157","False",".js","NOT_REQUIRED","","","NOT_CHECKED","NOT_REQUIRED","False",""
".runtime/n8n/.cache/n8n/public/assets/InsightsChartFailed-DX64hRrT.js","RUNTIME_TRANSIENT","IGNORE_POLICY_CANDIDATE","1547","0,001","095F3A2756B777F5C1D6FAA01AF89015469E549D163AFC948E4992E414BF092E","","False","","142","False",".js","NOT_REQUIRED","","","NOT_CHECKED","NOT_REQUIRED","False",""
".runtime/n8n/.cache/n8n/public/assets/InsightsChartFailed-legacy-CXkGQUMl.js","RUNTIME_TRANSIENT","IGNORE_POLICY_CANDIDATE","1761","0,002","89598A59B530AF8E0C2CA8378475354A9DAB40F591CABC960B845B2048154144","","False","","149","False",".js","NOT_REQUIRED","","","NOT_CHECKED","NOT_REQUIRED","False",""
".runtime/n8n/.cache/n8n/public/assets/InsightsChartFailureRate-BoxERBbh.js","RUNTIME_TRANSIENT","IGNORE_POLICY_CANDIDATE","1663","0,002","FD8977D1004C966CC2DBF668DB6364A7A99E173AD67BB2E6636ECD4FB0D9E899","","False","","147","False",".js","NOT_REQUIRED","","","NOT_CHECKED","NOT_REQUIRED","False",""
".runtime/n8n/.cache/n8n/public/assets/InsightsChartFailureRate-legacy-CoqYjNs9.js","RUNTIME_TRANSIENT","IGNORE_POLICY_CANDIDATE","1888","0,002","9DBA39A6A20B9E29DDB4588A9B36C673C75A25AA607FD2774ED976A414DB2588","","False","","154","False",".js","NOT_REQUIRED","","","NOT_CHECKED","NOT_REQUIRED","False",""
".runtime/n8n/.cache/n8n/public/assets/InsightsChartTimeSaved-Dytkfogm.js","RUNTIME_TRANSIENT","IGNORE_POLICY_CANDIDATE","1786","0,002","6E8C23C4F4D04A2B9FDE4B7EB8880C3D71094ADB72F4C15DD2A455E729B5EDA5","","False","","145","False",".js","NOT_REQUIRED","","","NOT_CHECKED","NOT_REQUIRED","False",""
".runtime/n8n/.cache/n8n/public/assets/InsightsChartTimeSaved-legacy-DuM4UuEG.js","RUNTIME_TRANSIENT","IGNORE_POLICY_CANDIDATE","2001","0,002","A0BB4D09CC03CE0FEFF773FAF69E2A93BAFE341E458FF5AA8EE69277E04FC31C","","False","","152","False",".js","NOT_REQUIRED","","","NOT_CHECKED","NOT_REQUIRED","False",""
".runtime/n8n/.cache/n8n/public/assets/InsightsChartTotal-B0P3OhUH.js","RUNTIME_TRANSIENT","IGNORE_POLICY_CANDIDATE","1619","0,002","4AEC9388BAAC428CAF74F46018472F82C31EE6D56DE4C12287F3C159ED7C7E92","","False","","141","False",".js","NOT_REQUIRED","","","NOT_CHECKED","NOT_REQUIRED","False",""
".runtime/n8n/.cache/n8n/public/assets/InsightsChartTotal-legacy-CJQjAUUd.js","RUNTIME_TRANSIENT","IGNORE_POLICY_CANDIDATE","1823","0,002","4807D4CE499E0117C30FC6B76FCD083530CC39C7A5F9193DC094A9B20FCE3BE4","","False","","148","False",".js","NOT_REQUIRED","","","NOT_CHECKED","NOT_REQUIRED","False",""
".runtime/n8n/.cache/n8n/public/assets/InsightsDashboard-B12iob46.css","RUNTIME_TRANSIENT","IGNORE_POLICY_CANDIDATE","2475","0,002","86B6D4ED59856ADCBF2E6556F671B55DFEC3DC4A29925986A05DAE227A73749E","","False","","141","False",".css","NOT_REQUIRED","","","NOT_CHECKED","NOT_REQUIRED","False",""
".runtime/n8n/.cache/n8n/public/assets/InsightsDashboard-BFjmH8eq.js","RUNTIME_TRANSIENT","IGNORE_POLICY_CANDIDATE","15797","0,015","A4357EB2B9FDFFED74F4F01C7C2F8ADF4253F4F24F3D889C4783D65E3D90FAAF","","False","","140","False",".js","NOT_REQUIRED","","","NOT_CHECKED","NOT_REQUIRED","False",""
".runtime/n8n/.cache/n8n/public/assets/InsightsDashboard-legacy-DZW2DKZF.js","RUNTIME_TRANSIENT","IGNORE_POLICY_CANDIDATE","15801","0,015","E454E6074E3C258E9A799D0EB2D55F9212A8604FACCBD9BB4D429AF3284386E4","","False","","147","False",".js","NOT_REQUIRED","","","NOT_CHECKED","NOT_REQUIRED","False",""
".runtime/n8n/.cache/n8n/public/assets/InsightsPaywall-CGFftIXb.css","RUNTIME_TRANSIENT","IGNORE_POLICY_CANDIDATE","182","0","96E57D65DAC98DFDF26685EA0AFFF8D9DF565128993114869195C5353D4427D8","","False","","139","False",".css","NOT_REQUIRED","","","NOT_CHECKED","NOT_REQUIRED","False",""
".runtime/n8n/.cache/n8n/public/assets/InsightsPaywall-CtNI6n7z.js","RUNTIME_TRANSIENT","IGNORE_POLICY_CANDIDATE","1572","0,001","B6C076F2B680D46A8C97E39BDA9A63311614D42E7354424F8DFEEF63EA877723","","False","","138","False",".js","NOT_REQUIRED","","","NOT_CHECKED","NOT_REQUIRED","False",""
".runtime/n8n/.cache/n8n/public/assets/InsightsPaywall-legacy-DSuidUKM.js","RUNTIME_TRANSIENT","IGNORE_POLICY_CANDIDATE","2047","0,002","8FA4159935EE90D3A395B7FB09CDA6F2AE180BACCCDC48C2D43AD29E21D0CF82","","False","","145","False",".js","NOT_REQUIRED","","","NOT_CHECKED","NOT_REQUIRED","False",""
".runtime/n8n/.cache/n8n/public/assets/InsightsSummary-BRHw1i4e.css","RUNTIME_TRANSIENT","IGNORE_POLICY_CANDIDATE","3181","0,003","9C73E5983D991FE7F4D66DF11EDA2E7EA399A1E7E488F734EC30E1517C9F0DBC","","False","","139","False",".css","NOT_REQUIRED","","","NOT_CHECKED","NOT_REQUIRED","False",""
".runtime/n8n/.cache/n8n/public/assets/InsightsSummary-CdmdS3D-.js","RUNTIME_TRANSIENT","IGNORE_POLICY_CANDIDATE","4809","0,005","75554A66F034EFAE122DEFC04B8E9B8416021E64455D1C60C2823B818E0E040D","","False","","138","False",".js","NOT_REQUIRED","","","NOT_CHECKED","NOT_REQUIRED","False",""
".runtime/n8n/.cache/n8n/public/assets/InsightsSummary-legacy-DQIRu4QS.js","RUNTIME_TRANSIENT","IGNORE_POLICY_CANDIDATE","8428","0,008","F233C1374F45F435AC9D148087062CC21A6769D068549507540B1DC62BCC7835","","False","","145","False",".js","NOT_REQUIRED","","","NOT_CHECKED","NOT_REQUIRED","False",""
".runtime/n8n/.cache/n8n/public/assets/InsightsTableWorkflows-DLOqGYlL.js","RUNTIME_TRANSIENT","IGNORE_POLICY_CANDIDATE","7734","0,007","098BC0249651396A9BD9A35BDB634B22897F8DDA885404193D5BAF2C51CE6DA6","","False","","145","False",".js","NOT_REQUIRED","","","NOT_CHECKED","NOT_REQUIRED","False",""
".runtime/n8n/.cache/n8n/public/assets/InsightsTableWorkflows-DwGWXS5V.css","RUNTIME_TRANSIENT","IGNORE_POLICY_CANDIDATE","727","0,001","A1E6A2B499F403AD8BB4014B938F8D18C358F60C0D039C4DC15D9EE4AF41525C","","False","","146","False",".css","NOT_REQUIRED","","","NOT_CHECKED","NOT_REQUIRED","False",""
".runtime/n8n/.cache/n8n/public/assets/InsightsTableWorkflows-legacy-XxAEqHnk.js","RUNTIME_TRANSIENT","IGNORE_POLICY_CANDIDATE","6502","0,006","1E2C2DA40B6416F07316C4B94E1F799AF7370563A64F96DF5A3C9DAE59AF7CB9","","False","","152","False",".js","NOT_REQUIRED","","","NOT_CHECKED","NOT_REQUIRED","False",""
".runtime/n8n/.cache/n8n/public/assets/InstanceAiEmptyView-CHtoUh5B.js","RUNTIME_TRANSIENT","IGNORE_POLICY_CANDIDATE","278539","0,266","72862C41436E0E84C544A6DEB10B90C243289F9E39D5679FBED607CE238B0B32","","False","","142","False",".js","NOT_REQUIRED","","","NOT_CHECKED","NOT_REQUIRED","False",""
".runtime/n8n/.cache/n8n/public/assets/InstanceAiEmptyView-CUEJ1L2u.css","RUNTIME_TRANSIENT","IGNORE_POLICY_CANDIDATE","53661","0,051","93840BBD8F8675115CA14CA63F49DC5D3A9FADFB5EAE57649A9A0C47A078305A","","False","","143","False",".css","NOT_REQUIRED","","","NOT_CHECKED","NOT_REQUIRED","False",""
".runtime/n8n/.cache/n8n/public/assets/InstanceAiEmptyView-legacy--1LpMj2J.js","RUNTIME_TRANSIENT","IGNORE_POLICY_CANDIDATE","333034","0,318","008EA390B8DEF29E39DAB52CCD1E24AAEE51229CAFA1A48EEDC369C63596CDB1","","False","","149","False",".js","NOT_REQUIRED","","","NOT_CHECKED","NOT_REQUIRED","False",""
".runtime/n8n/.cache/n8n/public/assets/InstanceAiLayout-CD4WuoHi.js","RUNTIME_TRANSIENT","IGNORE_POLICY_CANDIDATE","1069","0,001","783E2238F6823C5DDCFCA62FA9C5E735CDE2A7FA5D47BEFDEF1B41B864CA68C0","","False","","139","False",".js","NOT_REQUIRED","","","NOT_CHECKED","NOT_REQUIRED","False",""
".runtime/n8n/.cache/n8n/public/assets/InstanceAiLayout-legacy-BXQTv6NV.js","RUNTIME_TRANSIENT","IGNORE_POLICY_CANDIDATE","1258","0,001","331CB1DFF5A89CECEA2BC7D29715D6504D787DA92D9B28118AD2F5AD57FBFFC3","","False","","146","False",".js","NOT_REQUIRED","","","NOT_CHECKED","NOT_REQUIRED","False",""
".runtime/n8n/.cache/n8n/public/assets/InstanceAiThreadView-C8q2yCnf.js","RUNTIME_TRANSIENT","IGNORE_POLICY_CANDIDATE","221872","0,212","D92CABE4CA2767E157479FF85CFD076BF3309C83953F4D41B5BF9DF522704040","","False","","143","False",".js","NOT_REQUIRED","","","NOT_CHECKED","NOT_REQUIRED","False",""
".runtime/n8n/.cache/n8n/public/assets/InstanceAiThreadView-DYPCMC0E.css","RUNTIME_TRANSIENT","IGNORE_POLICY_CANDIDATE","90590","0,086","B61CACE6D9EA552ECC9C2D03C859F320B48651A2C1C5780C6B04F65D0CC299F6","","False","","144","False",".css","NOT_REQUIRED","","","NOT_CHECKED","NOT_REQUIRED","False",""
".runtime/n8n/.cache/n8n/public/assets/InstanceAiThreadView-legacy-C_kti4Qv.js","RUNTIME_TRANSIENT","IGNORE_POLICY_CANDIDATE","315827","0,301","48FDAEC701E18694C21F1D440044D5E167F0A86726F256D21C8465CF31E4B760","","False","","150","False",".js","NOT_REQUIRED","","","NOT_CHECKED","NOT_REQUIRED","False",""
".runtime/n8n/.cache/n8n/public/assets/InstanceAiView-BQBCI5zV.js","RUNTIME_TRANSIENT","IGNORE_POLICY_CANDIDATE","8375","0,008","AF866CB9D7B77B4E93159E07B3F1B9C6C195D22A8FB1F6B436BD9F45F5849567","","False","","137","False",".js","NOT_REQUIRED","","","NOT_CHECKED","NOT_REQUIRED","False",""
".runtime/n8n/.cache/n8n/public/assets/InstanceAiView-Dt4yv0pl.css","RUNTIME_TRANSIENT","IGNORE_POLICY_CANDIDATE","3545","0,003","68429B87CBEB9DA391C8649C51628AEA213E92940F05496E58935CE0FA6A0939","","False","","138","False",".css","NOT_REQUIRED","","","NOT_CHECKED","NOT_REQUIRED","False",""
".runtime/n8n/.cache/n8n/public/assets/InstanceAiView-legacy-COSBf9zB.js","RUNTIME_TRANSIENT","IGNORE_POLICY_CANDIDATE","12454","0,012","4A22351353C356CB823BAD984C911E35F0523F47F207AF543B3424DF2D0FCB60","","False","","144","False",".js","NOT_REQUIRED","","","NOT_CHECKED","NOT_REQUIRED","False",""
".runtime/n8n/.cache/n8n/public/assets/InstanceRoleView-Crm8WxeK.css","RUNTIME_TRANSIENT","IGNORE_POLICY_CANDIDATE","759","0,001","8D3CA5B73211350ED16E682228E84240EBAF4777D925D00EB5620E5B5CBBE05C","","False","","140","False",".css","NOT_REQUIRED","","","NOT_CHECKED","NOT_REQUIRED","False",""
".runtime/n8n/.cache/n8n/public/assets/InstanceRoleView-Ds7DU90I.js","RUNTIME_TRANSIENT","IGNORE_POLICY_CANDIDATE","11431","0,011","3A410241EE466A4BD28B93DC2EC8A233069D91EDA0D9C122CA90221C42BA0879","","False","","139","False",".js","NOT_REQUIRED","","","NOT_CHECKED","NOT_REQUIRED","False",""
".runtime/n8n/.cache/n8n/public/assets/InstanceRoleView-legacy-hbRWI_7A.js","RUNTIME_TRANSIENT","IGNORE_POLICY_CANDIDATE","12818","0,012","2577F122D30E6BA43AD1E8733B0F3FE8EDC33CB06979A7CEF4CDCC272466244A","","False","","146","False",".js","NOT_REQUIRED","","","NOT_CHECKED","NOT_REQUIRED","False",""
".runtime/n8n/.cache/n8n/public/assets/KeyboardShortcutTooltip-BGegOO2c.css","RUNTIME_TRANSIENT","IGNORE_POLICY_CANDIDATE","256","0","57A72C93C2979C8120036AD781D5E9D5096294C5B2AB11A508665DE35ABBCC40","","False","","147","False",".css","NOT_REQUIRED","","","NOT_CHECKED","NOT_REQUIRED","False",""
".runtime/n8n/.cache/n8n/public/assets/KeyboardShortcutTooltip-Bk2M3Dx1.js","RUNTIME_TRANSIENT","IGNORE_POLICY_CANDIDATE","1415","0,001","5DFF3A57D338E12031316F2B462857134ADAC859F215A76F639EA809E6E6A4F6","","False","","146","False",".js","NOT_REQUIRED","","","NOT_CHECKED","NOT_REQUIRED","False",""
".runtime/n8n/.cache/n8n/public/assets/KeyboardShortcutTooltip-legacy-Dle1a2Dt.js","RUNTIME_TRANSIENT","IGNORE_POLICY_CANDIDATE","1941","0,002","690C4CB352BB7D3CFEB10631B9912E093390CD6BE77E22DE93711A42437EAD21","","False","","153","False",".js","NOT_REQUIRED","","","NOT_CHECKED","NOT_REQUIRED","False",""
".runtime/n8n/.cache/n8n/public/assets/LoadingView-D-HcnTiQ.js","RUNTIME_TRANSIENT","IGNORE_POLICY_CANDIDATE","1061","0,001","B605765C7CC21AC76A5F2FAB08B411B8D3945FA505BE838E7112E4F91C826E52","","False","","134","False",".js","NOT_REQUIRED","","","NOT_CHECKED","NOT_REQUIRED","False",""
".runtime/n8n/.cache/n8n/public/assets/LoadingView-DYCNmVIf.css","RUNTIME_TRANSIENT","IGNORE_POLICY_CANDIDATE","296","0","D4F17F7C309B0BBBEBD5635E499DAA47DEE3DF846618ABEBCDCCADCBB0675F7F","","False","","135","False",".css","NOT_REQUIRED","","","NOT_CHECKED","NOT_REQUIRED","False",""
".runtime/n8n/.cache/n8n/public/assets/LoadingView-legacy-CbfH4HTV.js","RUNTIME_TRANSIENT","IGNORE_POLICY_CANDIDATE","1611","0,002","521FF9DC0A5121DFF162228D00C06491F2E79E25283F10617B90A95503EC0806","","False","","141","False",".js","NOT_REQUIRED","","","NOT_CHECKED","NOT_REQUIRED","False",""
".runtime/n8n/.cache/n8n/public/assets/LogsOverviewRow-BGUZ8Bal.js","RUNTIME_TRANSIENT","IGNORE_POLICY_CANDIDATE","20140","0,019","F5C04F5724D737934C5C8E5B62B86720305309482433D548FFFC334EDE71629C","","False","","138","False",".js","NOT_REQUIRED","","","NOT_CHECKED","NOT_REQUIRED","False",""
".runtime/n8n/.cache/n8n/public/assets/LogsOverviewRow-Bf3Cz7J9.css","RUNTIME_TRANSIENT","IGNORE_POLICY_CANDIDATE","6407","0,006","5C86FE89961BFA4B124F2D455ADDEEE63BAB0F61BE5DD59B38FB040766E309EA","","False","","139","False",".css","NOT_REQUIRED","","","NOT_CHECKED","NOT_REQUIRED","False",""
".runtime/n8n/.cache/n8n/public/assets/LogsOverviewRow-legacy-cw5QwUvX.js","RUNTIME_TRANSIENT","IGNORE_POLICY_CANDIDATE","27241","0,026","4DA6053E3971B455B80CD26ECE3A449BBDF529389465F13ACFC260566B88E7EF","","False","","145","False",".js","NOT_REQUIRED","","","NOT_CHECKED","NOT_REQUIRED","False",""
".runtime/n8n/.cache/n8n/public/assets/MCPConnectWorkflowsModal-CbUVxYEC.css","RUNTIME_TRANSIENT","IGNORE_POLICY_CANDIDATE","610","0,001","769567C50E0CDEC1538C069AD01F229BF6AF3D090D9BF81A5EEACE3F4F7B3367","","False","","148","False",".css","NOT_REQUIRED","","","NOT_CHECKED","NOT_REQUIRED","False",""
".runtime/n8n/.cache/n8n/public/assets/MCPConnectWorkflowsModal-CnhLw7Md.js","RUNTIME_TRANSIENT","IGNORE_POLICY_CANDIDATE","5631","0,005","329E66677D18E80E15A1F7C4C316FFAC0DB6CCCD90A87271B55FA679B7463D29","","False","","147","False",".js","NOT_REQUIRED","","","NOT_CHECKED","NOT_REQUIRED","False",""
".runtime/n8n/.cache/n8n/public/assets/MCPConnectWorkflowsModal-legacy-D6CsCZEJ.js","RUNTIME_TRANSIENT","IGNORE_POLICY_CANDIDATE","6660","0,006","CB5D34BD9C61E499999785064EB7D39D959556D182ADE8AF59C1B1980BD141C5","","False","","154","False",".js","NOT_REQUIRED","","","NOT_CHECKED","NOT_REQUIRED","False",""
".runtime/n8n/.cache/n8n/public/assets/MCPOnboardingModal-BgUFCgz_.js","RUNTIME_TRANSIENT","IGNORE_POLICY_CANDIDATE","22032","0,021","25EB1C5D3C03A96EFD2BD30B5D8FE0A26EFB1E69085E34E7C1DF2AC4D386CE7A","","False","","141","False",".js","NOT_REQUIRED","","","NOT_CHECKED","NOT_REQUIRED","False",""
".runtime/n8n/.cache/n8n/public/assets/MCPOnboardingModal-C7fuJRcT.css","RUNTIME_TRANSIENT","IGNORE_POLICY_CANDIDATE","10910","0,01","96851963DB7F6F47D9F124B570D1267A8CA9AEEA54B2C0895DC1A2F711D60235","","False","","142","False",".css","NOT_REQUIRED","","","NOT_CHECKED","NOT_REQUIRED","False",""
".runtime/n8n/.cache/n8n/public/assets/MCPOnboardingModal-legacy-Bp__aX_4.js","RUNTIME_TRANSIENT","IGNORE_POLICY_CANDIDATE","33220","0,032","CD5AB1FF37808BC19FD9C15F07B8E698C5FCF45C6A65459AFA1022013448D869","","False","","148","False",".js","NOT_REQUIRED","","","NOT_CHECKED","NOT_REQUIRED","False",""
".runtime/n8n/.cache/n8n/public/assets/MainHeader-Bl3sN2Ab.js","RUNTIME_TRANSIENT","IGNORE_POLICY_CANDIDATE","61989","0,059","1746FD315D2E07D3CB585DF53F5B219E6A74DCADE98BC46CA5848619F46F0C6E","","False","","133","False",".js","NOT_REQUIRED","","","NOT_CHECKED","NOT_REQUIRED","False",""
".runtime/n8n/.cache/n8n/public/assets/MainHeader-DSaJvxxV.css","RUNTIME_TRANSIENT","IGNORE_POLICY_CANDIDATE","6439","0,006","9D3B360614039908EC33433361A3B5556E9B7C390FCCF7256BC5531DDE1D301A","","False","","134","False",".css","NOT_REQUIRED","","","NOT_CHECKED","NOT_REQUIRED","False",""
".runtime/n8n/.cache/n8n/public/assets/MainHeader-legacy-Cz34fZB5.js","RUNTIME_TRANSIENT","IGNORE_POLICY_CANDIDATE","70236","0,067","D2A85D8AECC16B86EE4227C7B1AAFB8B7E01EA0ACD08CFEA982EC2A1DF0C9E72","","False","","140","False",".js","NOT_REQUIRED","","","NOT_CHECKED","NOT_REQUIRED","False",""
".runtime/n8n/.cache/n8n/public/assets/MainSidebarHeader-CeJ7PRg1.css","RUNTIME_TRANSIENT","IGNORE_POLICY_CANDIDATE","1327","0,001","B2B7948E91297BA2C1DF44D525A788B2B3CFFD8853913FB0EBF97F284EB4B6BE","","False","","141","False",".css","NOT_REQUIRED","","","NOT_CHECKED","NOT_REQUIRED","False",""
".runtime/n8n/.cache/n8n/public/assets/MainSidebarHeader-DToI3juW.js","RUNTIME_TRANSIENT","IGNORE_POLICY_CANDIDATE","9459","0,009","AE00F5933F083AF892E5EB85391710EBCAA69A38DE8879444B1914E544C889A6","","False","","140","False",".js","NOT_REQUIRED","","","NOT_CHECKED","NOT_REQUIRED","False",""
".runtime/n8n/.cache/n8n/public/assets/MainSidebarHeader-legacy-rTJ1JghH.js","RUNTIME_TRANSIENT","IGNORE_POLICY_CANDIDATE","11305","0,011","B441C09B6627298EFE359E51758E784899D38FECBB0A4C5E6346FE6C9DEC49AF","","False","","147","False",".js","NOT_REQUIRED","","","NOT_CHECKED","NOT_REQUIRED","False",""
".runtime/n8n/.cache/n8n/public/assets/McpEmptyStateCard-CZBJmVED.css","RUNTIME_TRANSIENT","IGNORE_POLICY_CANDIDATE","1706","0,002","0F37092A8D6C3850FE17B9CDB632B1BDEBF36F95139454FF6F2BEC0804898109","","False","","141","False",".css","NOT_REQUIRED","","","NOT_CHECKED","NOT_REQUIRED","False",""
".runtime/n8n/.cache/n8n/public/assets/McpEmptyStateCard-HO2j5W0C.js","RUNTIME_TRANSIENT","IGNORE_POLICY_CANDIDATE","2843","0,003","43B56C643003AB6D29C43B1249F952A7013B943F6455A5CE7C2BA79F78C8CAD6","","False","","140","False",".js","NOT_REQUIRED","","","NOT_CHECKED","NOT_REQUIRED","False",""
".runtime/n8n/.cache/n8n/public/assets/McpEmptyStateCard-legacy-atlZB5mB.js","RUNTIME_TRANSIENT","IGNORE_POLICY_CANDIDATE","4801","0,005","47F4E97601EE1497DA47D1F54F0BC48DEABEE80259CF1126A5DE791D54CA4691","","False","","147","False",".js","NOT_REQUIRED","","","NOT_CHECKED","NOT_REQUIRED","False",""
".runtime/n8n/.cache/n8n/public/assets/MigrationRuleDetail-BS46mWTe.js","RUNTIME_TRANSIENT","IGNORE_POLICY_CANDIDATE","7197","0,007","219AD977AD115267B75607DCA6CC9C582EBF562B2621727596FDE5B8D49266F8","","False","","142","False",".js","NOT_REQUIRED","","","NOT_CHECKED","NOT_REQUIRED","False",""
".runtime/n8n/.cache/n8n/public/assets/MigrationRuleDetail-BYzHV1Ti.css","RUNTIME_TRANSIENT","IGNORE_POLICY_CANDIDATE","448","0","318376F2579455849BB5B5A07EBE51E547A75729B773B3A26EF8C5050BD4A9AD","","False","","143","False",".css","NOT_REQUIRED","","","NOT_CHECKED","NOT_REQUIRED","False",""
".runtime/n8n/.cache/n8n/public/assets/MigrationRuleDetail-legacy-f8lE8OFU.js","RUNTIME_TRANSIENT","IGNORE_POLICY_CANDIDATE","8166","0,008","202B54110B89FD7E24FFA2001149E46CD7095AC7E67CB7A88B90E3D54BC20D25","","False","","149","False",".js","NOT_REQUIRED","","","NOT_CHECKED","NOT_REQUIRED","False",""
".runtime/n8n/.cache/n8n/public/assets/MigrationRules-BdpA9_hg.css","RUNTIME_TRANSIENT","IGNORE_POLICY_CANDIDATE","594","0,001","162BDFD92117310616AC272475BB146D5F3491D56E18A753F631F5928DAD3175","","False","","138","False",".css","NOT_REQUIRED","","","NOT_CHECKED","NOT_REQUIRED","False",""
".runtime/n8n/.cache/n8n/public/assets/MigrationRules-BfUbeiRG.js","RUNTIME_TRANSIENT","IGNORE_POLICY_CANDIDATE","7703","0,007","EE435617DB3EB07DB5B397534C7D1E8CA114E3F66ADA72A62BB8D80EE77374DD","","False","","137","False",".js","NOT_REQUIRED","","","NOT_CHECKED","NOT_REQUIRED","False",""
".runtime/n8n/.cache/n8n/public/assets/MigrationRules-legacy-Cwi27ssB.js","RUNTIME_TRANSIENT","IGNORE_POLICY_CANDIDATE","8751","0,008","A2EF449701329ED28ABFDCAB27D1E242D7619EAF736C104E01053A11457D512D","","False","","144","False",".js","NOT_REQUIRED","","","NOT_CHECKED","NOT_REQUIRED","False",""
".runtime/n8n/.cache/n8n/public/assets/Modal-C00R9oLp.css","RUNTIME_TRANSIENT","IGNORE_POLICY_CANDIDATE","881","0,001","63BF11E86CE111AB9FB77650804BA6F088223F0B4D25AEE66FCE3CF43EE32052","","False","","129","False",".css","NOT_REQUIRED","","","NOT_CHECKED","NOT_REQUIRED","False",""
".runtime/n8n/.cache/n8n/public/assets/Modal-CsU6hcjs.js","RUNTIME_TRANSIENT","IGNORE_POLICY_CANDIDATE","4394","0,004","B77AD14180C69F45903AB977F259131320CD1ECD81D5663A581CD5F8895F2CE3","","False","","128","False",".js","NOT_REQUIRED","","","NOT_CHECKED","NOT_REQUIRED","False",""
".runtime/n8n/.cache/n8n/public/assets/Modal-legacy-DLLmv8dF.js","RUNTIME_TRANSIENT","IGNORE_POLICY_CANDIDATE","5650","0,005","1B1186E5AD630ED61F588A5D16AA0056CB58C37FED7EDA86457CCCEF61C24E1C","","False","","135","False",".js","NOT_REQUIRED","","","NOT_CHECKED","NOT_REQUIRED","False",""
".runtime/n8n/.cache/n8n/public/assets/ModelByIdSelectorModal-69CYKEzV.js","RUNTIME_TRANSIENT","IGNORE_POLICY_CANDIDATE","2839","0,003","7E29F417947B0A532483F8EEBBEC760B0E130B82F8314701A320AEDF9022A287","","False","","145","False",".js","NOT_REQUIRED","","","NOT_CHECKED","NOT_REQUIRED","False",""
".runtime/n8n/.cache/n8n/public/assets/ModelByIdSelectorModal-Drn_1f6L.css","RUNTIME_TRANSIENT","IGNORE_POLICY_CANDIDATE","318","0","0769F7E2182979F27BE21FB705CDA6EF67732A63200BF6C163A15CFEF9C16F19","","False","","146","False",".css","NOT_REQUIRED","","","NOT_CHECKED","NOT_REQUIRED","False",""
".runtime/n8n/.cache/n8n/public/assets/ModelByIdSelectorModal-legacy-BHWb7Oqg.js","RUNTIME_TRANSIENT","IGNORE_POLICY_CANDIDATE","3514","0,003","546D0731200CE79A4FDACDAFECD87B508DBC304A50575FA979EE21CC389B34CF","","False","","152","False",".js","NOT_REQUIRED","","","NOT_CHECKED","NOT_REQUIRED","False",""
".runtime/n8n/.cache/n8n/public/assets/NDVEmptyState-BHmYrBdS.js","RUNTIME_TRANSIENT","IGNORE_POLICY_CANDIDATE","595610","0,568","E89F686AA7BB5F027E673A2E2058C7342E1B909FCC7A8F8B7B548F8BD1E5A3FA","","False","","136","False",".js","NOT_REQUIRED","","","NOT_CHECKED","NOT_REQUIRED","False",""
".runtime/n8n/.cache/n8n/public/assets/NDVEmptyState-legacy-CznyjmqG.js","RUNTIME_TRANSIENT","IGNORE_POLICY_CANDIDATE","601073","0,573","2A0A5D8E5027A086E65AA6646D41C9B9F7BA44682CF93C89ED1CE71A2FA0C71E","","False","","143","False",".js","NOT_REQUIRED","","","NOT_CHECKED","NOT_REQUIRED","False",""
".runtime/n8n/.cache/n8n/public/assets/NDVEmptyState-rnKuZ72v.css","RUNTIME_TRANSIENT","IGNORE_POLICY_CANDIDATE","522","0","2556AD15DE4E6CB863300AA5F3ECD9A5D7A76EB43CF248A5D5B76BD73DDC8E95","","False","","137","False",".css","NOT_REQUIRED","","","NOT_CHECKED","NOT_REQUIRED","False",""
".runtime/n8n/.cache/n8n/public/assets/NewAgentView-Bzg5d0aJ.js","RUNTIME_TRANSIENT","IGNORE_POLICY_CANDIDATE","2115","0,002","29F21BB6D1AFAAF958A7C8CFAAC7DDBD2B6D1AB7787A7CF3780FD970B94631E9","","False","","135","False",".js","NOT_REQUIRED","","","NOT_CHECKED","NOT_REQUIRED","False",""
".runtime/n8n/.cache/n8n/public/assets/NewAgentView-legacy-CZIKAG6k.js","RUNTIME_TRANSIENT","IGNORE_POLICY_CANDIDATE","2404","0,002","E698F444D30A85E886DD644EF2A6E92C8E8D24479FD187C80A046DC39178D27E","","False","","142","False",".js","NOT_REQUIRED","","","NOT_CHECKED","NOT_REQUIRED","False",""
".runtime/n8n/.cache/n8n/public/assets/NodeCreation-BiKEdAPr.css","RUNTIME_TRANSIENT","IGNORE_POLICY_CANDIDATE","1191","0,001","71B57CF52DC3C446B81FDA57DCC052036EAF8585888C5671D0E0D1A5B8465B19","","False","","136","False",".css","NOT_REQUIRED","","","NOT_CHECKED","NOT_REQUIRED","False",""
".runtime/n8n/.cache/n8n/public/assets/NodeCreation-ChqkRwEt.js","RUNTIME_TRANSIENT","IGNORE_POLICY_CANDIDATE","10409","0,01","E92E430C4C7ABD6870AC5B23BAC3386CE647E907443FF2DE0A2096ECBF5E1040","","False","","135","False",".js","NOT_REQUIRED","","","NOT_CHECKED","NOT_REQUIRED","False",""
".runtime/n8n/.cache/n8n/public/assets/NodeCreation-legacy-G9oJLqyC.js","RUNTIME_TRANSIENT","IGNORE_POLICY_CANDIDATE","8452","0,008","C1B30D9D52A09D37834B6B42AE40A4AB6861EB3CF5CFE378B0FC0BF572A4146B","","False","","142","False",".js","NOT_REQUIRED","","","NOT_CHECKED","NOT_REQUIRED","False",""
".runtime/n8n/.cache/n8n/public/assets/NodeCreator-BcpzTJ7Z.js","RUNTIME_TRANSIENT","IGNORE_POLICY_CANDIDATE","56720","0,054","BC1AA899B2F1382268F3189E0ED37CC6FD56A82B59778D5E1EF724A957C25712","","False","","134","False",".js","NOT_REQUIRED","","","NOT_CHECKED","NOT_REQUIRED","False",""
".runtime/n8n/.cache/n8n/public/assets/NodeCreator-gKLhjRPZ.css","RUNTIME_TRANSIENT","IGNORE_POLICY_CANDIDATE","16639","0,016","DAA7C970343DB6B0689047915DB9AEDD99B9FBAAB8FFF16B324C274DDC49953F","","False","","135","False",".css","NOT_REQUIRED","","","NOT_CHECKED","NOT_REQUIRED","False",""
".runtime/n8n/.cache/n8n/public/assets/NodeCreator-legacy-B7tiODLF.js","RUNTIME_TRANSIENT","IGNORE_POLICY_CANDIDATE","74886","0,071","D000561C0F2A36EB11FF75C352024B9084A13A0F51DF3C855F7AA8FB05DD0D26","","False","","141","False",".js","NOT_REQUIRED","","","NOT_CHECKED","NOT_REQUIRED","False",""
".runtime/n8n/.cache/n8n/public/assets/NodeDetailsView-BiCFS4LP.css","RUNTIME_TRANSIENT","IGNORE_POLICY_CANDIDATE","3274","0,003","BC2900222DAF63947E43AC08B019A9AAAE5BC6B0C8B2302AC193427A3C7BCFD8","","False","","139","False",".css","NOT_REQUIRED","","","NOT_CHECKED","NOT_REQUIRED","False",""
".runtime/n8n/.cache/n8n/public/assets/NodeDetailsView-Ds-u0HUu.js","RUNTIME_TRANSIENT","IGNORE_POLICY_CANDIDATE","20143","0,019","23CA83EF308FD91B7839434DF8B89415D117A0AD76C2FA61C524924CA47B24A2","","False","","138","False",".js","NOT_REQUIRED","","","NOT_CHECKED","NOT_REQUIRED","False",""
".runtime/n8n/.cache/n8n/public/assets/NodeDetailsView-legacy-CtMUcsog.js","RUNTIME_TRANSIENT","IGNORE_POLICY_CANDIDATE","24271","0,023","2EBB59F0643F9E0686AEF4AB53560A4F09525E2A1921998135E1728E5C9408A9","","False","","145","False",".js","NOT_REQUIRED","","","NOT_CHECKED","NOT_REQUIRED","False",""
".runtime/n8n/.cache/n8n/public/assets/NodeDetailsViewV2-BlpPeRMs.css","RUNTIME_TRANSIENT","IGNORE_POLICY_CANDIDATE","2919","0,003","E9A593E2DC1F49A550D3950ED124E8888EA4421E059AC65EEE41FB1E0B83E740","","False","","141","False",".css","NOT_REQUIRED","","","NOT_CHECKED","NOT_REQUIRED","False",""
".runtime/n8n/.cache/n8n/public/assets/NodeDetailsViewV2-CBn3dHyn.js","RUNTIME_TRANSIENT","IGNORE_POLICY_CANDIDATE","18336","0,017","5F44EAA34ADBFBC1A7130E5BF2B67A523A2894D9D6DB4C00B29734FFF2B8F268","","False","","140","False",".js","NOT_REQUIRED","","","NOT_CHECKED","NOT_REQUIRED","False",""
".runtime/n8n/.cache/n8n/public/assets/NodeDetailsViewV2-legacy-CWaOBs7U.js","RUNTIME_TRANSIENT","IGNORE_POLICY_CANDIDATE","22167","0,021","4CD0502C3B2EC03C90B13948AE97B5FB70EAFE5C2FB4A83676940941E8C53DC4","","False","","147","False",".js","NOT_REQUIRED","","","NOT_CHECKED","NOT_REQUIRED","False",""
".runtime/n8n/.cache/n8n/public/assets/NodeIcon-BQBv-aCt.css","RUNTIME_TRANSIENT","IGNORE_POLICY_CANDIDATE","123","0","88829A9EF205BAE0D471135A2935A30890DF23296C63E4BE2274E476C660F683","","False","","132","False",".css","NOT_REQUIRED","","","NOT_CHECKED","NOT_REQUIRED","False",""
".runtime/n8n/.cache/n8n/public/assets/NodeIcon-BVI-EvlS.js","RUNTIME_TRANSIENT","IGNORE_POLICY_CANDIDATE","2255","0,002","B27B397DF462CBB9320BC3728F64426BD1F09B096AC99B701470221780DC29E2","","False","","131","False",".js","NOT_REQUIRED","","","NOT_CHECKED","NOT_REQUIRED","False",""
".runtime/n8n/.cache/n8n/public/assets/NodeIcon-legacy-D0FZbyyL.js","RUNTIME_TRANSIENT","IGNORE_POLICY_CANDIDATE","2703","0,003","7A6D33C2E037C4F498773D2C313568D09E5FE58BF9FA4B77A5B43A42D7C9F390","","False","","138","False",".js","NOT_REQUIRED","","","NOT_CHECKED","NOT_REQUIRED","False",""
".runtime/n8n/.cache/n8n/public/assets/NodeSettings-BJLGNych.css","RUNTIME_TRANSIENT","IGNORE_POLICY_CANDIDATE","13075","0,012","D1B0502AA5D2565395F2D425474DA44F5B52B8280B20339162649F439EE3A45C","","False","","136","False",".css","NOT_REQUIRED","","","NOT_CHECKED","NOT_REQUIRED","False",""
".runtime/n8n/.cache/n8n/public/assets/NodeSettings-De0JCa-G.js","RUNTIME_TRANSIENT","IGNORE_POLICY_CANDIDATE","58668","0,056","EB4A04E6721BF2FC5C972CD25421409534D2AEC9D3D34E69E5F67BAEDBCF011D","","False","","135","False",".js","NOT_REQUIRED","","","NOT_CHECKED","NOT_REQUIRED","False",""
".runtime/n8n/.cache/n8n/public/assets/NodeSettings-legacy-Clv8vGbI.js","RUNTIME_TRANSIENT","IGNORE_POLICY_CANDIDATE","71799","0,068","D46F0A3788E49F4BC61F735A391A2CA3B4ED55E8A0AB36BCBC34F75276B17D84","","False","","142","False",".js","NOT_REQUIRED","","","NOT_CHECKED","NOT_REQUIRED","False",""
".runtime/n8n/.cache/n8n/public/assets/NodeToolSettingsContent-CpPj8CTT.css","RUNTIME_TRANSIENT","IGNORE_POLICY_CANDIDATE","365","0","355EE9BA5F03E375D18C51B0C3EF349C11E66DC387DBCF05390939E3DBD55388","","False","","147","False",".css","NOT_REQUIRED","","","NOT_CHECKED","NOT_REQUIRED","False",""
".runtime/n8n/.cache/n8n/public/assets/NodeToolSettingsContent-fMg-iSbv.js","RUNTIME_TRANSIENT","IGNORE_POLICY_CANDIDATE","7372","0,007","87442CEA05989AE1B2CFB020C7EB151A0160A2D0C883519B5FE6346CEA39C0AD","","False","","146","False",".js","NOT_REQUIRED","","","NOT_CHECKED","NOT_REQUIRED","False",""
".runtime/n8n/.cache/n8n/public/assets/NodeToolSettingsContent-legacy-0G6NLcvT.js","RUNTIME_TRANSIENT","IGNORE_POLICY_CANDIDATE","8365","0,008","6E2C98BC5C377FCE6D8C2DB7029EF016ED8E68C8BAD76093E59E7E4EA3060020","","False","","153","False",".js","NOT_REQUIRED","","","NOT_CHECKED","NOT_REQUIRED","False",""
".runtime/n8n/.cache/n8n/public/assets/NodeView-BNyYY3HZ.js","RUNTIME_TRANSIENT","IGNORE_POLICY_CANDIDATE","136085","0,13","541D36CB21EBAE447624964FE613A23CBAF80E699B14FD90DFB2A38679E8D8A5","","False","","131","False",".js","NOT_REQUIRED","","","NOT_CHECKED","NOT_REQUIRED","False",""
".runtime/n8n/.cache/n8n/public/assets/NodeView-BiXxHMxj.css","RUNTIME_TRANSIENT","IGNORE_POLICY_CANDIDATE","22324","0,021","F8F6196CC8EE50C2EF6208F23FC4F8CC2494A9469399934D36F9636FCAC8A8C1","","False","","132","False",".css","NOT_REQUIRED","","","NOT_CHECKED","NOT_REQUIRED","False",""
".runtime/n8n/.cache/n8n/public/assets/NodeView-D4hKBgvc.js","RUNTIME_TRANSIENT","IGNORE_POLICY_CANDIDATE","585","0,001","7A9A9239ACF05114DCC2156C2B4A82D02C7BD55D339B94551DFCFD03A7EE734E","","False","","131","False",".js","NOT_REQUIRED","","","NOT_CHECKED","NOT_REQUIRED","False",""
".runtime/n8n/.cache/n8n/public/assets/NodeView-legacy-D3lCeUL4.js","RUNTIME_TRANSIENT","IGNORE_POLICY_CANDIDATE","726","0,001","066BA47B0CF444AB5110641A53EC1BC4414F9477C2B4091B56684E85B1D807AF","","False","","138","False",".js","NOT_REQUIRED","","","NOT_CHECKED","NOT_REQUIRED","False",""
".runtime/n8n/.cache/n8n/public/assets/NodeView-legacy-DKj0I26f.js","RUNTIME_TRANSIENT","IGNORE_POLICY_CANDIDATE","153096","0,146","694A6831E45080A7090D8B5D3F7EE393A41BB85A2527CD1533E5F4E84729D2BD","","False","","138","False",".js","NOT_REQUIRED","","","NOT_CHECKED","NOT_REQUIRED","False",""
".runtime/n8n/.cache/n8n/public/assets/OAuthConsentView-BRYcXkZW.js","RUNTIME_TRANSIENT","IGNORE_POLICY_CANDIDATE","10297","0,01","275EEBA1021E6DA6DA6568DCABB4C5DB9B1B05841DCA7BAE7056185FB2F63B99","","False","","139","False",".js","NOT_REQUIRED","","","NOT_CHECKED","NOT_REQUIRED","False",""
".runtime/n8n/.cache/n8n/public/assets/OAuthConsentView-C0AN8vMp.css","RUNTIME_TRANSIENT","IGNORE_POLICY_CANDIDATE","3287","0,003","0DD04AD4AE2214D4B326D63F9DD1A69097CE27B4067AC783A2A4122B9C5CF0BC","","False","","140","False",".css","NOT_REQUIRED","","","NOT_CHECKED","NOT_REQUIRED","False",""
".runtime/n8n/.cache/n8n/public/assets/OAuthConsentView-legacy-lsJ01PjR.js","RUNTIME_TRANSIENT","IGNORE_POLICY_CANDIDATE","14016","0,013","E4FDA7214237B6CEF0F212A3EF3278A3AA8EEC7A2A1776DAEFD202860D0E9437","","False","","146","False",".js","NOT_REQUIRED","","","NOT_CHECKED","NOT_REQUIRED","False",""
".runtime/n8n/.cache/n8n/public/assets/PageViewLayout-B7ixCLAZ.js","RUNTIME_TRANSIENT","IGNORE_POLICY_CANDIDATE","1014","0,001","FAD174895E95811643850EBD0A282AA002FC99E7BC8FB5054E6F041CA22A60E4","","False","","137","False",".js","NOT_REQUIRED","","","NOT_CHECKED","NOT_REQUIRED","False",""
".runtime/n8n/.cache/n8n/public/assets/PageViewLayout-CZbp5BHU.css","RUNTIME_TRANSIENT","IGNORE_POLICY_CANDIDATE","362","0","BB7B5CF87BA7F8756720A9CFF4EAFC1CB0DF7B8FCD8E781DDF7ABD22812E0D37","","False","","138","False",".css","NOT_REQUIRED","","","NOT_CHECKED","NOT_REQUIRED","False",""
".runtime/n8n/.cache/n8n/public/assets/PageViewLayout-legacy-B9lIGdht.js","RUNTIME_TRANSIENT","IGNORE_POLICY_CANDIDATE","1613","0,002","589D8FC2A4D33156FD14B0E3EB45CB9B971A15856DB890714F10FAB97FC4C5E6","","False","","144","False",".js","NOT_REQUIRED","","","NOT_CHECKED","NOT_REQUIRED","False",""
".runtime/n8n/.cache/n8n/public/assets/ParameterInputList-B5Jj2lVh.js","RUNTIME_TRANSIENT","IGNORE_POLICY_CANDIDATE","100570","0,096","39E3D79695BCE53A602614A270B2361FE2892D4BBD4C6F7E46F93F52AA48C426","","False","","141","False",".js","NOT_REQUIRED","","","NOT_CHECKED","NOT_REQUIRED","False",""
".runtime/n8n/.cache/n8n/public/assets/ParameterInputList-DnJU4Mzq.css","RUNTIME_TRANSIENT","IGNORE_POLICY_CANDIDATE","21056","0,02","B897F92D08ABC4D5C66E621988E63A0DF44C9618C850C97D7F162310097A28EB","","False","","142","False",".css","NOT_REQUIRED","","","NOT_CHECKED","NOT_REQUIRED","False",""
".runtime/n8n/.cache/n8n/public/assets/ParameterInputList-legacy-DWRc_nSB.js","RUNTIME_TRANSIENT","IGNORE_POLICY_CANDIDATE","118551","0,113","ED423DABD6CBD7F4CEC481174A9DAA468AFE8F2FB50186A2F618FB940352036C","","False","","148","False",".js","NOT_REQUIRED","","","NOT_CHECKED","NOT_REQUIRED","False",""
".runtime/n8n/.cache/n8n/public/assets/ParameterInputWrapper-DVeBzipP.js","RUNTIME_TRANSIENT","IGNORE_POLICY_CANDIDATE","733770","0,7","A02DFF99799163939DC9DC06069390E866C36805AF8B341DFA688AF1545A770E","","False","","144","False",".js","NOT_REQUIRED","","","NOT_CHECKED","NOT_REQUIRED","False",""
".runtime/n8n/.cache/n8n/public/assets/ParameterInputWrapper-legacy-4GwSrWJr.js","RUNTIME_TRANSIENT","IGNORE_POLICY_CANDIDATE","788668","0,752","C0C29FD724C0AFAA156E8826CDBCF5DEC46363FB07C1CF6A49DD49756465E610","","False","","151","False",".js","NOT_REQUIRED","","","NOT_CHECKED","NOT_REQUIRED","False",""
".runtime/n8n/.cache/n8n/public/assets/ParameterInputWrapper-xNdOp6Vy.css","RUNTIME_TRANSIENT","IGNORE_POLICY_CANDIDATE","45315","0,043","13803330AE4D9C315A787160A502EAAA0D6DFFFFD914588B76AA12695F2E25E7","","False","","145","False",".css","NOT_REQUIRED","","","NOT_CHECKED","NOT_REQUIRED","False",""
".runtime/n8n/.cache/n8n/public/assets/PrivateCredentialIcon-BPlGW42M.js","RUNTIME_TRANSIENT","IGNORE_POLICY_CANDIDATE","1573","0,002","62C62E1924895B9A136702B122F5AD51BF182A508886457C5436A64F66DEE845","","False","","144","False",".js","NOT_REQUIRED","","","NOT_CHECKED","NOT_REQUIRED","False",""
".runtime/n8n/.cache/n8n/public/assets/PrivateCredentialIcon-CEEfV6vM.css","RUNTIME_TRANSIENT","IGNORE_POLICY_CANDIDATE","80","0","ACA3DFC4821A94C400D258698B2E200BE16D3656F1C6974DE82ABE011ECEE640","","False","","145","False",".css","NOT_REQUIRED","","","NOT_CHECKED","NOT_REQUIRED","False",""
".runtime/n8n/.cache/n8n/public/assets/PrivateCredentialIcon-legacy-C7pqFf-z.js","RUNTIME_TRANSIENT","IGNORE_POLICY_CANDIDATE","1947","0,002","966E0B82D65F05EC38C376B1D743A986F6B637C5FFC12B0023FCA6325597120C","","False","","151","False",".js","NOT_REQUIRED","","","NOT_CHECKED","NOT_REQUIRED","False",""
".runtime/n8n/.cache/n8n/public/assets/ProjectBreadcrumb-BZhXE5NZ.js","RUNTIME_TRANSIENT","IGNORE_POLICY_CANDIDATE","2555","0,002","66B0B41092E6F6E4355A1734A7421A3074B4131440AD16AED253B3940669368B","","False","","140","False",".js","NOT_REQUIRED","","","NOT_CHECKED","NOT_REQUIRED","False",""
".runtime/n8n/.cache/n8n/public/assets/ProjectBreadcrumb-Qs_-Vhv3.css","RUNTIME_TRANSIENT","IGNORE_POLICY_CANDIDATE","821","0,001","A52FD27AE2B23BC1A274CD95C5EA3E15B7375260ED7158E5BAE174F1206EE83F","","False","","141","False",".css","NOT_REQUIRED","","","NOT_CHECKED","NOT_REQUIRED","False",""
".runtime/n8n/.cache/n8n/public/assets/ProjectBreadcrumb-legacy-Bwih-6vT.js","RUNTIME_TRANSIENT","IGNORE_POLICY_CANDIDATE","3691","0,004","76C8A42E5862DDAEE8BA70C4E194054DD12B53114CA34EB0AA206F63FCC7D3F6","","False","","147","False",".js","NOT_REQUIRED","","","NOT_CHECKED","NOT_REQUIRED","False",""
".runtime/n8n/.cache/n8n/public/assets/ProjectCardBadge-CPGb5FR4.css","RUNTIME_TRANSIENT","IGNORE_POLICY_CANDIDATE","809","0,001","F36DEA12B5359901609882C46C992E72523560D4BA909C16EC4D4319BD1B5387","","False","","140","False",".css","NOT_REQUIRED","","","NOT_CHECKED","NOT_REQUIRED","False",""
".runtime/n8n/.cache/n8n/public/assets/ProjectCardBadge-Do9lRY-y.js","RUNTIME_TRANSIENT","IGNORE_POLICY_CANDIDATE","5194","0,005","13F28840D7FD67EC781DD3802A839721E6D807812CD707FDE20DBF9812FCC36D","","False","","139","False",".js","NOT_REQUIRED","","","NOT_CHECKED","NOT_REQUIRED","False",""
".runtime/n8n/.cache/n8n/public/assets/ProjectCardBadge-legacy-B0Q2eo3e.js","RUNTIME_TRANSIENT","IGNORE_POLICY_CANDIDATE","6369","0,006","A51D5B7275491A8194FA2BD35A3979756DBB4C920E8134B2595FC15C9897BD93","","False","","146","False",".js","NOT_REQUIRED","","","NOT_CHECKED","NOT_REQUIRED","False",""
".runtime/n8n/.cache/n8n/public/assets/ProjectHeader-CgN_VIE8.css","RUNTIME_TRANSIENT","IGNORE_POLICY_CANDIDATE","1503","0,001","F815D70F55CB8F283F8DBA06C0C20F9137FBF377B468A7D5185C4C0C2D4D4AAF","","False","","137","False",".css","NOT_REQUIRED","","","NOT_CHECKED","NOT_REQUIRED","False",""
".runtime/n8n/.cache/n8n/public/assets/ProjectHeader-D0STI8Ja.js","RUNTIME_TRANSIENT","IGNORE_POLICY_CANDIDATE","14530","0,014","2D7B40359043CAFD590D685CEF8BE7340029EEABB42E249A90D0ABBBDCFDBCD9","","False","","136","False",".js","NOT_REQUIRED","","","NOT_CHECKED","NOT_REQUIRED","False",""
".runtime/n8n/.cache/n8n/public/assets/ProjectHeader-legacy-Bi5_7VI4.js","RUNTIME_TRANSIENT","IGNORE_POLICY_CANDIDATE","16461","0,016","EAD594507EA9082036293192B5A8B91D9C3F9083FE6E7D8CF12BCF419EF068AA","","False","","143","False",".js","NOT_REQUIRED","","","NOT_CHECKED","NOT_REQUIRED","False",""
".runtime/n8n/.cache/n8n/public/assets/ProjectIcon-DR9446m8.css","RUNTIME_TRANSIENT","IGNORE_POLICY_CANDIDATE","895","0,001","0E888190981C3FCDBE96B3947348798D3C26A856501E520491245B059BA033B9","","False","","135","False",".css","NOT_REQUIRED","","","NOT_CHECKED","NOT_REQUIRED","False",""
".runtime/n8n/.cache/n8n/public/assets/ProjectIcon-legacy-B1R1QZI2.js","RUNTIME_TRANSIENT","IGNORE_POLICY_CANDIDATE","2887","0,003","B0FDC9B65A5C6EFA4098C37E1AD952243D467830F0C7E11704EFAAA889397781","","False","","141","False",".js","NOT_REQUIRED","","","NOT_CHECKED","NOT_REQUIRED","False",""
".runtime/n8n/.cache/n8n/public/assets/ProjectIcon-w0nEdiUA.js","RUNTIME_TRANSIENT","IGNORE_POLICY_CANDIDATE","1717","0,002","FA2AAD712C6DA9E88EC890421235DC163B52A59A5AF2E814C96B38AF66F1E0FF","","False","","134","False",".js","NOT_REQUIRED","","","NOT_CHECKED","NOT_REQUIRED","False",""
".runtime/n8n/.cache/n8n/public/assets/ProjectRoleView-CSj7VFHr.js","RUNTIME_TRANSIENT","IGNORE_POLICY_CANDIDATE","14579","0,014","B2080806476E7D519FC0E34CE1DCD0EF00BFADB768F0E7232312EAE8770F4F24","","False","","138","False",".js","NOT_REQUIRED","","","NOT_CHECKED","NOT_REQUIRED","False",""
".runtime/n8n/.cache/n8n/public/assets/ProjectRoleView-DMRFLWQi.css","RUNTIME_TRANSIENT","IGNORE_POLICY_CANDIDATE","1617","0,002","B200CB1833FC528A3D2025AF9247242700C1DBC97A773EA210C1613310429DCF","","False","","139","False",".css","NOT_REQUIRED","","","NOT_CHECKED","NOT_REQUIRED","False",""
".runtime/n8n/.cache/n8n/public/assets/ProjectRoleView-legacy-CvdeOAyM.js","RUNTIME_TRANSIENT","IGNORE_POLICY_CANDIDATE","16896","0,016","52C0E4E0B89BE199E1A87473282250659A43797D51315F6BDC7AE19E417C4F82","","False","","145","False",".js","NOT_REQUIRED","","","NOT_CHECKED","NOT_REQUIRED","False",""
".runtime/n8n/.cache/n8n/public/assets/ProjectSettings-Cg9mDoDt.js","RUNTIME_TRANSIENT","IGNORE_POLICY_CANDIDATE","33955","0,032","998A44BF9B43D02E7B1785F69ABA93F0D3415B3F79E27742C49CF9BF813A165B","","False","","138","False",".js","NOT_REQUIRED","","","NOT_CHECKED","NOT_REQUIRED","False",""
".runtime/n8n/.cache/n8n/public/assets/ProjectSettings-Cn2vxjsx.css","RUNTIME_TRANSIENT","IGNORE_POLICY_CANDIDATE","4164","0,004","48BCC95291AD03579137FF2D7037DEBA45431CAFF28E2FA2A5141D4604CE9A63","","False","","139","False",".css","NOT_REQUIRED","","","NOT_CHECKED","NOT_REQUIRED","False",""
".runtime/n8n/.cache/n8n/public/assets/ProjectSettings-legacy-BQCGC9Dj.js","RUNTIME_TRANSIENT","IGNORE_POLICY_CANDIDATE","39364","0,038","BB3DEA9876C478EE7D7A4841493E69E206721FC6E691735259156CBBDAE4E2F5","","False","","145","False",".js","NOT_REQUIRED","","","NOT_CHECKED","NOT_REQUIRED","False",""
".runtime/n8n/.cache/n8n/public/assets/ProjectSharing-B45GqL6g.js","RUNTIME_TRANSIENT","IGNORE_POLICY_CANDIDATE","7510","0,007","4F28C9796876D926288D2CAA27FB8669C189F0B5511A8E0B9C7EA4FAE1702F4D","","False","","137","False",".js","NOT_REQUIRED","","","NOT_CHECKED","NOT_REQUIRED","False",""
".runtime/n8n/.cache/n8n/public/assets/ProjectSharing-DHoWOCEa.css","RUNTIME_TRANSIENT","IGNORE_POLICY_CANDIDATE","1134","0,001","B2ED662AB29CAC0EC316F6A45C850788DA02807608B0DC26526493D779885EEB","","False","","138","False",".css","NOT_REQUIRED","","","NOT_CHECKED","NOT_REQUIRED","False",""
".runtime/n8n/.cache/n8n/public/assets/ProjectSharing-legacy-cfS_th1f.js","RUNTIME_TRANSIENT","IGNORE_POLICY_CANDIDATE","9111","0,009","A77BF4F8768B4384AB4A33CAE6573B1EE98350297AB4B85A125030CFAD52C42F","","False","","144","False",".js","NOT_REQUIRED","","","NOT_CHECKED","NOT_REQUIRED","False",""
".runtime/n8n/.cache/n8n/public/assets/ProjectVariables-Cijb29jk.css","RUNTIME_TRANSIENT","IGNORE_POLICY_CANDIDATE","1276","0,001","9BEF16D422A95A558D9AD24700A20AB64C94E55FF381C1C4D0EA39B74FF10160","","False","","140","False",".css","NOT_REQUIRED","","","NOT_CHECKED","NOT_REQUIRED","False",""
".runtime/n8n/.cache/n8n/public/assets/ProjectVariables-kZcY6ibv.js","RUNTIME_TRANSIENT","IGNORE_POLICY_CANDIDATE","11023","0,011","96EDCF3C96E674960F73F086D3374BC5987F7F602D158164754CACAAA47B5626","","False","","139","False",".js","NOT_REQUIRED","","","NOT_CHECKED","NOT_REQUIRED","False",""
".runtime/n8n/.cache/n8n/public/assets/ProjectVariables-legacy-zAYYFt2A.js","RUNTIME_TRANSIENT","IGNORE_POLICY_CANDIDATE","13088","0,012","9D8DCF070DD2C3011648A54CD6E7D6E4B6FC6D3D74487FBC8B9E7F422334F333","","False","","146","False",".js","NOT_REQUIRED","","","NOT_CHECKED","NOT_REQUIRED","False",""
".runtime/n8n/.cache/n8n/public/assets/ProviderSettingsModal-Bs2cwR_2.css","RUNTIME_TRANSIENT","IGNORE_POLICY_CANDIDATE","647","0,001","D3B8217D6ACB94AB10AEBA14DC161817FFD9265C02A3E7DCE3F6848169607967","","False","","145","False",".css","NOT_REQUIRED","","","NOT_CHECKED","NOT_REQUIRED","False",""
".runtime/n8n/.cache/n8n/public/assets/ProviderSettingsModal-DQREz2Zk.js","RUNTIME_TRANSIENT","IGNORE_POLICY_CANDIDATE","8467","0,008","F93B8730A371D2B1A13D700CE7D37EEDE34E1EB3758938CA3FCB2F1803F04441","","False","","144","False",".js","NOT_REQUIRED","","","NOT_CHECKED","NOT_REQUIRED","False",""
".runtime/n8n/.cache/n8n/public/assets/ProviderSettingsModal-legacy-BpdbIrso.js","RUNTIME_TRANSIENT","IGNORE_POLICY_CANDIDATE","9588","0,009","A7F189C2B36A16B7342288E88FAD2F0CC7F266BC86E226836FD9AC581DD7119C","","False","","151","False",".js","NOT_REQUIRED","","","NOT_CHECKED","NOT_REQUIRED","False",""
".runtime/n8n/.cache/n8n/public/assets/RedactedDataState-CnO1-E4E.js","RUNTIME_TRANSIENT","IGNORE_POLICY_CANDIDATE","4627","0,004","39611FD9CE5C801765F83D8E60B9A784EAB6AC3DAD241529963BE2E3B9EA0CF8","","False","","140","False",".js","NOT_REQUIRED","","","NOT_CHECKED","NOT_REQUIRED","False",""
".runtime/n8n/.cache/n8n/public/assets/RedactedDataState-IehaQ3Lp.css","RUNTIME_TRANSIENT","IGNORE_POLICY_CANDIDATE","323","0","4F2C8D4C47518190FAA8D000E2431B0BB1EA6EF1E03C27AD7D30DE5A078DCE88","","False","","141","False",".css","NOT_REQUIRED","","","NOT_CHECKED","NOT_REQUIRED","False",""
".runtime/n8n/.cache/n8n/public/assets/RedactedDataState-legacy-CPqQqoLF.js","RUNTIME_TRANSIENT","IGNORE_POLICY_CANDIDATE","5359","0,005","7420A783D7DBB2F03D2305C3ED0B94287E61F7EFBB803E7BAECCDBCE7F3EEF2A","","False","","147","False",".js","NOT_REQUIRED","","","NOT_CHECKED","NOT_REQUIRED","False",""
".runtime/n8n/.cache/n8n/public/assets/ResolversView-B2MXhM_k.js","RUNTIME_TRANSIENT","IGNORE_POLICY_CANDIDATE","5051","0,005","F96FD224077199DC0B64CA6BFACB35FA53D79C050AA7C0DED1CF613AE47F023B","","False","","136","False",".js","NOT_REQUIRED","","","NOT_CHECKED","NOT_REQUIRED","False",""
".runtime/n8n/.cache/n8n/public/assets/ResolversView-QKlajNgn.css","RUNTIME_TRANSIENT","IGNORE_POLICY_CANDIDATE","938","0,001","873E85A1435365C8A49B22694B77A2927AF17C22FF6BF9C50AF0DB93FA1AB19E","","False","","137","False",".css","NOT_REQUIRED","","","NOT_CHECKED","NOT_REQUIRED","False",""
".runtime/n8n/.cache/n8n/public/assets/ResolversView-legacy-BIhjlGoq.js","RUNTIME_TRANSIENT","IGNORE_POLICY_CANDIDATE","6346","0,006","43EBEC448876882280C92D52661F8D229760E8E4E59E5DCFDFDE79D6E458FD18","","False","","143","False",".js","NOT_REQUIRED","","","NOT_CHECKED","NOT_REQUIRED","False",""
".runtime/n8n/.cache/n8n/public/assets/ResourceCenterView--gLlR52J.css","RUNTIME_TRANSIENT","IGNORE_POLICY_CANDIDATE","13786","0,013","36F6897266B9D8DB6E403D0939F6D692798565E2C23FE92A1D0240452E138D33","","False","","142","False",".css","NOT_REQUIRED","","","NOT_CHECKED","NOT_REQUIRED","False",""
".runtime/n8n/.cache/n8n/public/assets/ResourceCenterView-8XZDcqd8.js","RUNTIME_TRANSIENT","IGNORE_POLICY_CANDIDATE","14169","0,014","1594875DAE3AE4BB7C85BC7B3E22A29DB12F3E685D6ED8FD86585E7B388E23FB","","False","","141","False",".js","NOT_REQUIRED","","","NOT_CHECKED","NOT_REQUIRED","False",""
".runtime/n8n/.cache/n8n/public/assets/ResourceCenterView-legacy-BJkj1sHH.js","RUNTIME_TRANSIENT","IGNORE_POLICY_CANDIDATE","28501","0,027","441B85F77CBC7B461FC3DBD46E4B7E1EA4630CE60CE236376002FCC4CD62A1DA","","False","","148","False",".js","NOT_REQUIRED","","","NOT_CHECKED","NOT_REQUIRED","False",""
".runtime/n8n/.cache/n8n/public/assets/ResourceFiltersDropdown-BfO7Ixtp.css","RUNTIME_TRANSIENT","IGNORE_POLICY_CANDIDATE","607","0,001","FCD4D1D4C51482B67CE7629468EF60FF6548AFF9E43A04422264406FF19FF8DE","","False","","147","False",".css","NOT_REQUIRED","","","NOT_CHECKED","NOT_REQUIRED","False",""
".runtime/n8n/.cache/n8n/public/assets/ResourceFiltersDropdown-D3kWGUrQ.js","RUNTIME_TRANSIENT","IGNORE_POLICY_CANDIDATE","4368","0,004","366FAB011C5D8D51B33CA8BCCDAF5DEC79BB623D1ABDE5C634AFD0A07329FEDC","","False","","146","False",".js","NOT_REQUIRED","","","NOT_CHECKED","NOT_REQUIRED","False",""
".runtime/n8n/.cache/n8n/public/assets/ResourceFiltersDropdown-legacy-841opBCo.js","RUNTIME_TRANSIENT","IGNORE_POLICY_CANDIDATE","5360","0,005","1E423F8EF5B12B16007BB6B9D98B9DB4498A6F4F24F478EE2474F18107B8C046","","False","","153","False",".js","NOT_REQUIRED","","","NOT_CHECKED","NOT_REQUIRED","False",""
".runtime/n8n/.cache/n8n/public/assets/ResourcesListEmptyState-C3m-yj1O.js","RUNTIME_TRANSIENT","IGNORE_POLICY_CANDIDATE","2919","0,003","1460DDDCFD5AA5C9E39A71C928CF709BC1CF825278EF814420F4B26B8BA8B84A","","False","","146","False",".js","NOT_REQUIRED","","","NOT_CHECKED","NOT_REQUIRED","False",""
".runtime/n8n/.cache/n8n/public/assets/ResourcesListEmptyState-legacy-CUPMSs6w.js","RUNTIME_TRANSIENT","IGNORE_POLICY_CANDIDATE","3106","0,003","CBE24D645E8BD1D2DBA1328AF609DABD8644117387C7FC85608A82F77DD354F2","","False","","153","False",".js","NOT_REQUIRED","","","NOT_CHECKED","NOT_REQUIRED","False",""
".runtime/n8n/.cache/n8n/public/assets/ResourcesListLayout-DgVlSusH.js","RUNTIME_TRANSIENT","IGNORE_POLICY_CANDIDATE","13771","0,013","57DBBAD692B41C234A2C81ADDBC0D89716BD7D68748620940E86E463B87D6094","","False","","142","False",".js","NOT_REQUIRED","","","NOT_CHECKED","NOT_REQUIRED","False",""
".runtime/n8n/.cache/n8n/public/assets/ResourcesListLayout-Dnm-wvBE.css","RUNTIME_TRANSIENT","IGNORE_POLICY_CANDIDATE","2412","0,002","18B8577BDDE51977671F5430BCB4CA143C1BE15F5EFCC094407945EF5D3C13CA","","False","","143","False",".css","NOT_REQUIRED","","","NOT_CHECKED","NOT_REQUIRED","False",""
".runtime/n8n/.cache/n8n/public/assets/ResourcesListLayout-legacy-BSMMYRZj.js","RUNTIME_TRANSIENT","IGNORE_POLICY_CANDIDATE","16917","0,016","5C670F3EB01BA3D87EECAA20E743E4341F37D91804FBE0B2EDB7C1E924B91179","","False","","149","False",".js","NOT_REQUIRED","","","NOT_CHECKED","NOT_REQUIRED","False",""
".runtime/n8n/.cache/n8n/public/assets/RoleSelectDropdown-4PJfU8wi.css","RUNTIME_TRANSIENT","IGNORE_POLICY_CANDIDATE","2449","0,002","8C4154C03D35221244BCE3FD06856C56554E9A1DB37C441570036F0842D65CD3","","False","","142","False",".css","NOT_REQUIRED","","","NOT_CHECKED","NOT_REQUIRED","False",""
".runtime/n8n/.cache/n8n/public/assets/RoleSelectDropdown-B4fOWHZ6.js","RUNTIME_TRANSIENT","IGNORE_POLICY_CANDIDATE","11600","0,011","0EB8EF613E2F660188B689239AE0EE072BDF61406B10FF36782FE852E4E4AC05","","False","","141","False",".js","NOT_REQUIRED","","","NOT_CHECKED","NOT_REQUIRED","False",""
".runtime/n8n/.cache/n8n/public/assets/RoleSelectDropdown-legacy-C-BEYvQP.js","RUNTIME_TRANSIENT","IGNORE_POLICY_CANDIDATE","14689","0,014","7B4C3FE3256DFBC15FDEE1CE99851BEEB1A1AB4B77C8534D5B08447FAFC1E56D","","False","","148","False",".js","NOT_REQUIRED","","","NOT_CHECKED","NOT_REQUIRED","False",""
".runtime/n8n/.cache/n8n/public/assets/RolesView-BpcuCebR.js","RUNTIME_TRANSIENT","IGNORE_POLICY_CANDIDATE","11144","0,011","02131555908749A9E6EF23CC41D1DA8BAD50A01400F35598B9B12FB6DF084B0D","","False","","132","False",".js","NOT_REQUIRED","","","NOT_CHECKED","NOT_REQUIRED","False",""
".runtime/n8n/.cache/n8n/public/assets/RolesView-CKZ43c_E.css","RUNTIME_TRANSIENT","IGNORE_POLICY_CANDIDATE","2578","0,002","E4105B5AEA284E33EAF6FAA25E8795B694C9AF9D55CB08F7C56514CEE05CB2E4","","False","","133","False",".css","NOT_REQUIRED","","","NOT_CHECKED","NOT_REQUIRED","False",""
".runtime/n8n/.cache/n8n/public/assets/RolesView-legacy-CnLiyWMm.js","RUNTIME_TRANSIENT","IGNORE_POLICY_CANDIDATE","14301","0,014","E55F004B3C391B01BB86AF9C6C53001BBDF6FCD464726EBE3580551157FED04C","","False","","139","False",".js","NOT_REQUIRED","","","NOT_CHECKED","NOT_REQUIRED","False",""
".runtime/n8n/.cache/n8n/public/assets/RunData-DolaHq79.css","RUNTIME_TRANSIENT","IGNORE_POLICY_CANDIDATE","15710","0,015","0728AFEDFC729B55898F7ED603B06B711830F96A2355DC125357B48BF2AB0647","","False","","131","False",".css","NOT_REQUIRED","","","NOT_CHECKED","NOT_REQUIRED","False",""
".runtime/n8n/.cache/n8n/public/assets/RunData-UXgoLKXx.js","RUNTIME_TRANSIENT","IGNORE_POLICY_CANDIDATE","198546","0,189","65913D6CB671C4D2679492D1A8F0CD1A015FF962279305B6169312109063C157","","False","","130","False",".js","NOT_REQUIRED","","","NOT_CHECKED","NOT_REQUIRED","False",""
".runtime/n8n/.cache/n8n/public/assets/RunData-legacy-Dxeg9X66.js","RUNTIME_TRANSIENT","IGNORE_POLICY_CANDIDATE","213296","0,203","F0EFAAFF7D14572252FB63735EEB06017A88EFEE612B28D17A829BCF05B81B04","","False","","137","False",".js","NOT_REQUIRED","","","NOT_CHECKED","NOT_REQUIRED","False",""
".runtime/n8n/.cache/n8n/public/assets/RunDataHtml-BQfDlUrf.js","RUNTIME_TRANSIENT","IGNORE_POLICY_CANDIDATE","588","0,001","3529A34D7DC6AF774A21ACD360E70BECE6CD30106D150EF0265D03B86577029D","","False","","134","False",".js","NOT_REQUIRED","","","NOT_CHECKED","NOT_REQUIRED","False",""
".runtime/n8n/.cache/n8n/public/assets/RunDataHtml-D33iEbj9.js","RUNTIME_TRANSIENT","IGNORE_POLICY_CANDIDATE","1368","0,001","58E750B924BB1D9BBC6E9CADC7F46121561A16F34D5DDCF7AA8732DFA9D431CE","","False","","134","False",".js","NOT_REQUIRED","","","NOT_CHECKED","NOT_REQUIRED","False",""
".runtime/n8n/.cache/n8n/public/assets/RunDataHtml-Dn-4rgtR.css","RUNTIME_TRANSIENT","IGNORE_POLICY_CANDIDATE","40","0","9A7C25247609BCE0DD55D44ECAC4E2BE26D3210171B00A1658BF960BC644F3AA","","False","","135","False",".css","NOT_REQUIRED","","","NOT_CHECKED","NOT_REQUIRED","False",""
".runtime/n8n/.cache/n8n/public/assets/RunDataHtml-legacy-B7v8RM0I.js","RUNTIME_TRANSIENT","IGNORE_POLICY_CANDIDATE","1672","0,002","2CD3782633DFBB9EB0EB7E77AA4D63FBE0F3A0D3FACA9A9CF72224780C28F47F","","False","","141","False",".js","NOT_REQUIRED","","","NOT_CHECKED","NOT_REQUIRED","False",""
".runtime/n8n/.cache/n8n/public/assets/RunDataHtml-legacy-DfB3a4i8.js","RUNTIME_TRANSIENT","IGNORE_POLICY_CANDIDATE","729","0,001","2E7AE778A0373F764436EA54D30F88408733E0E853264DC592E5604CC38BE0A8","","False","","141","False",".js","NOT_REQUIRED","","","NOT_CHECKED","NOT_REQUIRED","False",""
".runtime/n8n/.cache/n8n/public/assets/RunDataJson-CtE33ZuI.js","RUNTIME_TRANSIENT","IGNORE_POLICY_CANDIDATE","7051","0,007","D1C2B6B2917CB04FC9B1609171E838527067860811F1F8391E1F1FC98A6DF605","","False","","134","False",".js","NOT_REQUIRED","","","NOT_CHECKED","NOT_REQUIRED","False",""
".runtime/n8n/.cache/n8n/public/assets/RunDataJson-DNCaX4w9.css","RUNTIME_TRANSIENT","IGNORE_POLICY_CANDIDATE","1950","0,002","561161AEA825D186B45D9FBC02636710FEC0FF4591999FBA5995F476203146E8","","False","","135","False",".css","NOT_REQUIRED","","","NOT_CHECKED","NOT_REQUIRED","False",""
".runtime/n8n/.cache/n8n/public/assets/RunDataJson-legacy-CiDmKoV8.js","RUNTIME_TRANSIENT","IGNORE_POLICY_CANDIDATE","7316","0,007","13A0C53677FC13EC25A4B4C2D9AC8D4880B38B59E4BF33F25AB80CD92D2DD74B","","False","","141","False",".js","NOT_REQUIRED","","","NOT_CHECKED","NOT_REQUIRED","False",""
".runtime/n8n/.cache/n8n/public/assets/RunDataJsonActions-D1O9fV-6.js","RUNTIME_TRANSIENT","IGNORE_POLICY_CANDIDATE","29804","0,028","BB34FCCB68DF5CB99EDDE1A924A2D33CE025CF4966AABE6D39E24DEF73750A32","","False","","141","False",".js","NOT_REQUIRED","","","NOT_CHECKED","NOT_REQUIRED","False",""
".runtime/n8n/.cache/n8n/public/assets/RunDataJsonActions-D7jFZ_fA.css","RUNTIME_TRANSIENT","IGNORE_POLICY_CANDIDATE","135","0","85C968DA6106F58A40EF5DE9700676BD74E200F5E99AB6614C2BA060950C0008","","False","","142","False",".css","NOT_REQUIRED","","","NOT_CHECKED","NOT_REQUIRED","False",""
".runtime/n8n/.cache/n8n/public/assets/RunDataJsonActions-legacy-HIdRGknx.js","RUNTIME_TRANSIENT","IGNORE_POLICY_CANDIDATE","30756","0,029","930DFC0785C22157FDE502BC4C5050BF16D1FA0CB4F8C2EFCDAAEC0D1FA1F165","","False","","148","False",".js","NOT_REQUIRED","","","NOT_CHECKED","NOT_REQUIRED","False",""
".runtime/n8n/.cache/n8n/public/assets/RunDataParsedAiContent-BznZ49YS.js","RUNTIME_TRANSIENT","IGNORE_POLICY_CANDIDATE","599","0,001","955915394F55240F330F5B90FC2116160C68830569F9CE9ECE58D8EE5F351699","","False","","145","False",".js","NOT_REQUIRED","","","NOT_CHECKED","NOT_REQUIRED","False",""
".runtime/n8n/.cache/n8n/public/assets/RunDataParsedAiContent-legacy-BfPlWY8F.js","RUNTIME_TRANSIENT","IGNORE_POLICY_CANDIDATE","6002","0,006","3C862BA5506C48434F83992E7B696EC142D3A141016975D2ABE9897EACB30EDC","","False","","152","False",".js","NOT_REQUIRED","","","NOT_CHECKED","NOT_REQUIRED","False",""
".runtime/n8n/.cache/n8n/public/assets/RunDataParsedAiContent-legacy-CFn3DQ_Q.js","RUNTIME_TRANSIENT","IGNORE_POLICY_CANDIDATE","740","0,001","732AABADA8CF1BFCD4917F08FCE3FECBDB91115026786F07C5A9A3C2DCE662FD","","False","","152","False",".js","NOT_REQUIRED","","","NOT_CHECKED","NOT_REQUIRED","False",""
".runtime/n8n/.cache/n8n/public/assets/RunDataParsedAiContent-vue_dQQ_.css","RUNTIME_TRANSIENT","IGNORE_POLICY_CANDIDATE","1296","0,001","098F5106B52919EF28B68A98D1B2F6DB90045F32AD7EB34A9F69C34D0BE2638D","","False","","146","False",".css","NOT_REQUIRED","","","NOT_CHECKED","NOT_REQUIRED","False",""
".runtime/n8n/.cache/n8n/public/assets/RunDataParsedAiContent-xnMAkO9i.js","RUNTIME_TRANSIENT","IGNORE_POLICY_CANDIDATE","4354","0,004","48C17E9FB612FA07E86BE398C21B1CFD0E3E0794D5D63A8B65932A2F6F5810EB","","False","","145","False",".js","NOT_REQUIRED","","","NOT_CHECKED","NOT_REQUIRED","False",""
".runtime/n8n/.cache/n8n/public/assets/RunDataSearch-Bl_NoZWH.js","RUNTIME_TRANSIENT","IGNORE_POLICY_CANDIDATE","3371","0,003","4EEE8DE349BF439BF009C8325BDF476EAFEE433523734C61AE24F4BCE311ACD4","","False","","136","False",".js","NOT_REQUIRED","","","NOT_CHECKED","NOT_REQUIRED","False",""
".runtime/n8n/.cache/n8n/public/assets/RunDataSearch-D2d_sERR.css","RUNTIME_TRANSIENT","IGNORE_POLICY_CANDIDATE","707","0,001","FA2282B844C0866877E860C4AE172993743C234F6AB88B59B293A7977099BA69","","False","","137","False",".css","NOT_REQUIRED","","","NOT_CHECKED","NOT_REQUIRED","False",""
".runtime/n8n/.cache/n8n/public/assets/RunDataSearch-legacy-Cnnp5flt.js","RUNTIME_TRANSIENT","IGNORE_POLICY_CANDIDATE","4370","0,004","C95BB665459CDAD5530C98B1035CE5E2EB3E68D2145E9A815E30FF8B537AD39B","","False","","143","False",".js","NOT_REQUIRED","","","NOT_CHECKED","NOT_REQUIRED","False",""
".runtime/n8n/.cache/n8n/public/assets/RunDataTable-dqiUdcRg.css","RUNTIME_TRANSIENT","IGNORE_POLICY_CANDIDATE","6124","0,006","BDA57F04F8EF7D34140E4B224630905267FFC573835DA9EF0C4D411A0E07231E","","False","","136","False",".css","NOT_REQUIRED","","","NOT_CHECKED","NOT_REQUIRED","False",""
".runtime/n8n/.cache/n8n/public/assets/RunDataTable-legacy-DrVvAnIo.js","RUNTIME_TRANSIENT","IGNORE_POLICY_CANDIDATE","23296","0,022","A490CF596E8BE554537EB676D424F1C36CCF429A2EB809C067703082E670EDDF","","False","","142","False",".js","NOT_REQUIRED","","","NOT_CHECKED","NOT_REQUIRED","False",""
".runtime/n8n/.cache/n8n/public/assets/RunDataTable-v5dsH6PY.js","RUNTIME_TRANSIENT","IGNORE_POLICY_CANDIDATE","16519","0,016","59F8D5C30100BC6F64370228801F514A68877C22AAC9586EE556FE67B7A437DF","","False","","135","False",".js","NOT_REQUIRED","","","NOT_CHECKED","NOT_REQUIRED","False",""
".runtime/n8n/.cache/n8n/public/assets/SamlOnboarding-D5dhlXTU.js","RUNTIME_TRANSIENT","IGNORE_POLICY_CANDIDATE","1807","0,002","2847461C92B764E5A57A56353B2B11F986FC03FD5706093C0B2715E57A0F0252","","False","","137","False",".js","NOT_REQUIRED","","","NOT_CHECKED","NOT_REQUIRED","False",""
".runtime/n8n/.cache/n8n/public/assets/SamlOnboarding-legacy-CHOr34bq.js","RUNTIME_TRANSIENT","IGNORE_POLICY_CANDIDATE","2026","0,002","D6EDE1AB8B420264FE931A133FB9CEA91F6C693578B16F22EA40E971E3D4FA37","","False","","144","False",".js","NOT_REQUIRED","","","NOT_CHECKED","NOT_REQUIRED","False",""
".runtime/n8n/.cache/n8n/public/assets/ScopesSelector-C8S0Z5zM.js","RUNTIME_TRANSIENT","IGNORE_POLICY_CANDIDATE","8713","0,008","9ED4BEF8C35194B71819781213312D7BB1CA79F71F09AE40596A62D4C30613A7","","False","","137","False",".js","NOT_REQUIRED","","","NOT_CHECKED","NOT_REQUIRED","False",""
".runtime/n8n/.cache/n8n/public/assets/ScopesSelector-DrR9hUD7.css","RUNTIME_TRANSIENT","IGNORE_POLICY_CANDIDATE","3044","0,003","0F1C493D1ECEA83C5BAC91E7EE6921CC0B62AB1D3C2846BEA575DECFC667D43F","","False","","138","False",".css","NOT_REQUIRED","","","NOT_CHECKED","NOT_REQUIRED","False",""
".runtime/n8n/.cache/n8n/public/assets/ScopesSelector-legacy-cPvEQ_dc.js","RUNTIME_TRANSIENT","IGNORE_POLICY_CANDIDATE","12150","0,012","25F694778EA8BF08BF271A72446C0F05981EFB7BDD79E246F7F2CD2D6128587A","","False","","144","False",".js","NOT_REQUIRED","","","NOT_CHECKED","NOT_REQUIRED","False",""
".runtime/n8n/.cache/n8n/public/assets/SecretsProviderImage.ee-3F2ZcZKW.js","RUNTIME_TRANSIENT","IGNORE_POLICY_CANDIDATE","1285","0,001","CA32B4398DF189B731C6941CF1D64B446D2F7E1234AE3B6C04D2F259B3067A1C","","False","","146","False",".js","NOT_REQUIRED","","","NOT_CHECKED","NOT_REQUIRED","False",""
".runtime/n8n/.cache/n8n/public/assets/SecretsProviderImage.ee-legacy-BipDrbST.js","RUNTIME_TRANSIENT","IGNORE_POLICY_CANDIDATE","1454","0,001","E986475BB65AE5EB1DE94664C8C0C878332538328FD98AD8AAF06FBCF007D1A7","","False","","153","False",".js","NOT_REQUIRED","","","NOT_CHECKED","NOT_REQUIRED","False",""
".runtime/n8n/.cache/n8n/public/assets/SecuritySettings-Bpvw7DDQ.js","RUNTIME_TRANSIENT","IGNORE_POLICY_CANDIDATE","19563","0,019","4C9839A11D033D3962E33D242A4ADD29C4AE7AC15B1CA4496D60780BA4656A69","","False","","139","False",".js","NOT_REQUIRED","","","NOT_CHECKED","NOT_REQUIRED","False",""
".runtime/n8n/.cache/n8n/public/assets/SecuritySettings-legacy-C4dTnkwS.js","RUNTIME_TRANSIENT","IGNORE_POLICY_CANDIDATE","21824","0,021","7C16DFF4DA1E5963D87F760F25E4F71E6E17804D84E0CCCF2D0C58927F5F87F5","","False","","146","False",".js","NOT_REQUIRED","","","NOT_CHECKED","NOT_REQUIRED","False",""
".runtime/n8n/.cache/n8n/public/assets/SecuritySettings-ttlFL80X.css","RUNTIME_TRANSIENT","IGNORE_POLICY_CANDIDATE","1515","0,001","3E77351D5F851C20B6CA51B95C57BD161E3655EF53C2F0DC7EF984FD5E1AB4FD","","False","","140","False",".css","NOT_REQUIRED","","","NOT_CHECKED","NOT_REQUIRED","False",""
".runtime/n8n/.cache/n8n/public/assets/SelectedItemsInfo-BLpAdN7z.js","RUNTIME_TRANSIENT","IGNORE_POLICY_CANDIDATE","1824","0,002","F1F6559EFEB051F9B3E6C902304FAE1D33D33EC603032BDBBCDA7C2E7FA32AE5","","False","","140","False",".js","NOT_REQUIRED","","","NOT_CHECKED","NOT_REQUIRED","False",""
".runtime/n8n/.cache/n8n/public/assets/SelectedItemsInfo-D7sE0Pmw.css","RUNTIME_TRANSIENT","IGNORE_POLICY_CANDIDATE","416","0","E91B818537922FABD0BA5991B81233F34C6EDCA4B59814F8FA115F99CFAAD65F","","False","","141","False",".css","NOT_REQUIRED","","","NOT_CHECKED","NOT_REQUIRED","False",""
".runtime/n8n/.cache/n8n/public/assets/SelectedItemsInfo-legacy-ByuUDCXc.js","RUNTIME_TRANSIENT","IGNORE_POLICY_CANDIDATE","2498","0,002","6A5704D7C29C949E04DDD6AB0A45EFC1C527583A90FB3507C11A529D0732F9EA","","False","","147","False",".js","NOT_REQUIRED","","","NOT_CHECKED","NOT_REQUIRED","False",""
".runtime/n8n/.cache/n8n/public/assets/SettingsAIView-BIsVUwtP.js","RUNTIME_TRANSIENT","IGNORE_POLICY_CANDIDATE","4123","0,004","EE23948212FC8A5F5CC37FF57C09A4A6A489737085F7D48F4B62D559B81C1701","","False","","137","False",".js","NOT_REQUIRED","","","NOT_CHECKED","NOT_REQUIRED","False",""
".runtime/n8n/.cache/n8n/public/assets/SettingsAIView-legacy-AHdHFwmp.js","RUNTIME_TRANSIENT","IGNORE_POLICY_CANDIDATE","5339","0,005","90CCCE4B2A7E0FFDF7BDF379EBD18D28E922F1AC42D180BC65143F77F0A32405","","False","","144","False",".js","NOT_REQUIRED","","","NOT_CHECKED","NOT_REQUIRED","False",""
".runtime/n8n/.cache/n8n/public/assets/SettingsAIView-sve06pR4.css","RUNTIME_TRANSIENT","IGNORE_POLICY_CANDIDATE","805","0,001","E3665737EFED37AB18D16EB0C4D2E6217FD166B2AB7AA5F4804D357BA138BAA9","","False","","138","False",".css","NOT_REQUIRED","","","NOT_CHECKED","NOT_REQUIRED","False",""
".runtime/n8n/.cache/n8n/public/assets/SettingsAgentBuilderView-Nev_ckTL.js","RUNTIME_TRANSIENT","IGNORE_POLICY_CANDIDATE","7016","0,007","4F5135859F201A50B5FD57161345A01B627C5F1DDD63BC40E589F6063BEDC1A3","","False","","147","False",".js","NOT_REQUIRED","","","NOT_CHECKED","NOT_REQUIRED","False",""
".runtime/n8n/.cache/n8n/public/assets/SettingsAgentBuilderView-legacy-BQXhwGQ0.js","RUNTIME_TRANSIENT","IGNORE_POLICY_CANDIDATE","8279","0,008","505066ACF372331D491FCF325C361C5BA257375B24937BF83A753AE81F45F968","","False","","154","False",".js","NOT_REQUIRED","","","NOT_CHECKED","NOT_REQUIRED","False",""
".runtime/n8n/.cache/n8n/public/assets/SettingsAgentBuilderView-ufSoWDLc.css","RUNTIME_TRANSIENT","IGNORE_POLICY_CANDIDATE","759","0,001","D77C31E755DD5CD845564AFD2A51EAE6F52E66CAD0F003F1AE788878A021297B","","False","","148","False",".css","NOT_REQUIRED","","","NOT_CHECKED","NOT_REQUIRED","False",""
".runtime/n8n/.cache/n8n/public/assets/SettingsAiGatewayView-C67PVckA.js","RUNTIME_TRANSIENT","IGNORE_POLICY_CANDIDATE","6609","0,006","0C5CAB46DE0BE8AE3B8184723DF4FD5A43ED51D9F9FEAC08FB1833CE4EAD96C1","","False","","144","False",".js","NOT_REQUIRED","","","NOT_CHECKED","NOT_REQUIRED","False",""
".runtime/n8n/.cache/n8n/public/assets/SettingsAiGatewayView-legacy-B_zkn0pW.js","RUNTIME_TRANSIENT","IGNORE_POLICY_CANDIDATE","8371","0,008","7DC7A6CCFCE1293ABF88194E4C2AD5B7523E6F45A2E14EFB732CEB2BD49C6FC0","","False","","151","False",".js","NOT_REQUIRED","","","NOT_CHECKED","NOT_REQUIRED","False",""
".runtime/n8n/.cache/n8n/public/assets/SettingsAiGatewayView-nI0udc5j.css","RUNTIME_TRANSIENT","IGNORE_POLICY_CANDIDATE","1342","0,001","C0515A789BBECA46F69C2BB13448F152C70FAD73DC31A4791A63CF6B68EDB3D4","","False","","145","False",".css","NOT_REQUIRED","","","NOT_CHECKED","NOT_REQUIRED","False",""
".runtime/n8n/.cache/n8n/public/assets/SettingsApiView-DGkIote6.css","RUNTIME_TRANSIENT","IGNORE_POLICY_CANDIDATE","6426","0,006","FA19BEA66790AD5B905055F7304F0E6118E8C3023CD4ED13D57A5E04F215AE05","","False","","139","False",".css","NOT_REQUIRED","","","NOT_CHECKED","NOT_REQUIRED","False",""
".runtime/n8n/.cache/n8n/public/assets/SettingsApiView-QhOycBvA.js","RUNTIME_TRANSIENT","IGNORE_POLICY_CANDIDATE","22982","0,022","629164144414077FEAD413DA164392238221D611E2F0205F96C2A65B7DEBD9F5","","False","","138","False",".js","NOT_REQUIRED","","","NOT_CHECKED","NOT_REQUIRED","False",""
".runtime/n8n/.cache/n8n/public/assets/SettingsApiView-legacy-CUMLdm6Q.js","RUNTIME_TRANSIENT","IGNORE_POLICY_CANDIDATE","30316","0,029","4C4833BEFFAC10966DA65D0BDF063CAA500BB4B5749A5EADC5EECF1A63C37E53","","False","","145","False",".js","NOT_REQUIRED","","","NOT_CHECKED","NOT_REQUIRED","False",""
".runtime/n8n/.cache/n8n/public/assets/SettingsChatHubView-Du8FqcJZ.css","RUNTIME_TRANSIENT","IGNORE_POLICY_CANDIDATE","1771","0,002","422A35FA7C26D93999AE4C1013849BE4FA109F0826E28CAE24075028203A0198","","False","","143","False",".css","NOT_REQUIRED","","","NOT_CHECKED","NOT_REQUIRED","False",""
".runtime/n8n/.cache/n8n/public/assets/SettingsChatHubView-GsQb6gME.js","RUNTIME_TRANSIENT","IGNORE_POLICY_CANDIDATE","16435","0,016","A6205B32BDD63935F66E0A8DFD153147A4E09E5860E4A74CA9FE97AD0102308D","","False","","142","False",".js","NOT_REQUIRED","","","NOT_CHECKED","NOT_REQUIRED","False",""
".runtime/n8n/.cache/n8n/public/assets/SettingsChatHubView-legacy-DheqEArz.js","RUNTIME_TRANSIENT","IGNORE_POLICY_CANDIDATE","18867","0,018","B77535D27AB6FCA8E4573836F4D4214ADAF8EFEEAFD569D79EBA244DE3E339AD","","False","","149","False",".js","NOT_REQUIRED","","","NOT_CHECKED","NOT_REQUIRED","False",""
".runtime/n8n/.cache/n8n/public/assets/SettingsCommunityNodesView-BgApTZSM.js","RUNTIME_TRANSIENT","IGNORE_POLICY_CANDIDATE","9431","0,009","D194EFE44DBE90FC84E64F683F85B9DCF12F07F31A570435E559175F3CBEBB5B","","False","","149","False",".js","NOT_REQUIRED","","","NOT_CHECKED","NOT_REQUIRED","False",""
".runtime/n8n/.cache/n8n/public/assets/SettingsCommunityNodesView-Bpm3x0Ii.css","RUNTIME_TRANSIENT","IGNORE_POLICY_CANDIDATE","1310","0,001","C9E62DC93FE8A413B6F9ACF54997A31C75CA54AC873DC445AB56F26053FEE6F4","","False","","150","False",".css","NOT_REQUIRED","","","NOT_CHECKED","NOT_REQUIRED","False",""
".runtime/n8n/.cache/n8n/public/assets/SettingsCommunityNodesView-legacy-C5ml17F1.js","RUNTIME_TRANSIENT","IGNORE_POLICY_CANDIDATE","11287","0,011","0CD0B78B244065BA717F7D775FBF6AAC737E269403965D5DF861317D680E6464","","False","","156","False",".js","NOT_REQUIRED","","","NOT_CHECKED","NOT_REQUIRED","False",""
".runtime/n8n/.cache/n8n/public/assets/SettingsEncryptionKeys-CCI52TdA.css","RUNTIME_TRANSIENT","IGNORE_POLICY_CANDIDATE","1607","0,002","0DF567C258EA2503FA70E86E3AC7F023F495D5A1986B50BA1AD9FA741DE78C5A","","False","","146","False",".css","NOT_REQUIRED","","","NOT_CHECKED","NOT_REQUIRED","False",""
".runtime/n8n/.cache/n8n/public/assets/SettingsEncryptionKeys-DHjqyclz.js","RUNTIME_TRANSIENT","IGNORE_POLICY_CANDIDATE","10587","0,01","BEC47A3510DCE1043C9DA13C8F65E260D6E09C3A02DD493E44FC81836F9432FF","","False","","145","False",".js","NOT_REQUIRED","","","NOT_CHECKED","NOT_REQUIRED","False",""
".runtime/n8n/.cache/n8n/public/assets/SettingsEncryptionKeys-legacy-Bw00Zm18.js","RUNTIME_TRANSIENT","IGNORE_POLICY_CANDIDATE","12610","0,012","7679822DC53529D04F161B29FC0F0F5CD26DA555237662009790418C01EFCDAA","","False","","152","False",".js","NOT_REQUIRED","","","NOT_CHECKED","NOT_REQUIRED","False",""
".runtime/n8n/.cache/n8n/public/assets/SettingsExternalSecrets-CRoPqEYS.js","RUNTIME_TRANSIENT","IGNORE_POLICY_CANDIDATE","5720","0,005","84ACD21005C794480DC85655F71F917BCB864F887275927EFB144B74F1AC1862","","False","","146","False",".js","NOT_REQUIRED","","","NOT_CHECKED","NOT_REQUIRED","False",""
".runtime/n8n/.cache/n8n/public/assets/SettingsExternalSecrets-DIZFvgUV.css","RUNTIME_TRANSIENT","IGNORE_POLICY_CANDIDATE","395","0","FFB1A31D63E3AADF0A96F49E8B5F9C72C7B8D34DDF8EB1979256248ECFF7E327","","False","","147","False",".css","NOT_REQUIRED","","","NOT_CHECKED","NOT_REQUIRED","False",""
".runtime/n8n/.cache/n8n/public/assets/SettingsExternalSecrets-legacy-CXmXpb4v.js","RUNTIME_TRANSIENT","IGNORE_POLICY_CANDIDATE","6550","0,006","23D5EFA272A13CC6E8AB74AF684F2CEA5B82851824DCEBB2705484B4650BEE43","","False","","153","False",".js","NOT_REQUIRED","","","NOT_CHECKED","NOT_REQUIRED","False",""
".runtime/n8n/.cache/n8n/public/assets/SettingsInstanceAiView-Bl3c__Ya.css","RUNTIME_TRANSIENT","IGNORE_POLICY_CANDIDATE","1207","0,001","94422955183E67CD90D60359B4C019733DFD953FF70886C7B3C8A44FC730BAE2","","False","","146","False",".css","NOT_REQUIRED","","","NOT_CHECKED","NOT_REQUIRED","False",""
".runtime/n8n/.cache/n8n/public/assets/SettingsInstanceAiView-legacy-BGvqm39_.js","RUNTIME_TRANSIENT","IGNORE_POLICY_CANDIDATE","34819","0,033","B5F7A4010F2E3A939F0CE66245643F212942C7B48A447F1EECE495C87FDBD0E4","","False","","152","False",".js","NOT_REQUIRED","","","NOT_CHECKED","NOT_REQUIRED","False",""
".runtime/n8n/.cache/n8n/public/assets/SettingsInstanceAiView-pbtr5n09.js","RUNTIME_TRANSIENT","IGNORE_POLICY_CANDIDATE","32755","0,031","DA129913EDE9669CB6624D63A6CCC2E7E5B00EDBB47018F113F30BF66D4B1F0D","","False","","145","False",".js","NOT_REQUIRED","","","NOT_CHECKED","NOT_REQUIRED","False",""
".runtime/n8n/.cache/n8n/public/assets/SettingsLayout-CAfQJgUY.css","RUNTIME_TRANSIENT","IGNORE_POLICY_CANDIDATE","842","0,001","3992561984D537924A149B1A5558D6237961A9A5D4DF875B23F3BD7E8FC7FE11","","False","","138","False",".css","NOT_REQUIRED","","","NOT_CHECKED","NOT_REQUIRED","False",""
".runtime/n8n/.cache/n8n/public/assets/SettingsLayout-Czfk_bXv.js","RUNTIME_TRANSIENT","IGNORE_POLICY_CANDIDATE","2872","0,003","EE0B38C5DBC82244BF59D0E56A1F8262BD0041B52DE4E87CD464B12274D1ACDF","","False","","137","False",".js","NOT_REQUIRED","","","NOT_CHECKED","NOT_REQUIRED","False",""
".runtime/n8n/.cache/n8n/public/assets/SettingsLayout-legacy-BI2H358G.js","RUNTIME_TRANSIENT","IGNORE_POLICY_CANDIDATE","4132","0,004","CBD4C7AB1978EAEA19FD82E8E1E435E5B7741C5541D6ED5762C069F640B6F11C","","False","","144","False",".js","NOT_REQUIRED","","","NOT_CHECKED","NOT_REQUIRED","False",""
".runtime/n8n/.cache/n8n/public/assets/SettingsLdapView-BIq6oTMD.js","RUNTIME_TRANSIENT","IGNORE_POLICY_CANDIDATE","123421","0,118","88AE403F339C76588B8718B49B40E070F41CD8038B69B135EFEB797ECB5447A4","","False","","139","False",".js","NOT_REQUIRED","","","NOT_CHECKED","NOT_REQUIRED","False",""
".runtime/n8n/.cache/n8n/public/assets/SettingsLdapView-BMQzomiz.css","RUNTIME_TRANSIENT","IGNORE_POLICY_CANDIDATE","723","0,001","62406CF8C7EFCAB35C62BCE7AABFCD56E3E1A1366861033FCEB52F028468B6E9","","False","","140","False",".css","NOT_REQUIRED","","","NOT_CHECKED","NOT_REQUIRED","False",""
".runtime/n8n/.cache/n8n/public/assets/SettingsLdapView-legacy-CGvo6GRZ.js","RUNTIME_TRANSIENT","IGNORE_POLICY_CANDIDATE","125278","0,119","6AD9EADA63EF5DD6929AA70A65B68A66271F0E6B7114424C2308BC71531AB4A6","","False","","146","False",".js","NOT_REQUIRED","","","NOT_CHECKED","NOT_REQUIRED","False",""
".runtime/n8n/.cache/n8n/public/assets/SettingsLogStreamingView-C3ceOj3d.css","RUNTIME_TRANSIENT","IGNORE_POLICY_CANDIDATE","900","0,001","F70CEBCD7B25671043AE4C4F83EE5B2B232D16F71D5BEC529B7ACB313004DDA0","","False","","148","False",".css","NOT_REQUIRED","","","NOT_CHECKED","NOT_REQUIRED","False",""
".runtime/n8n/.cache/n8n/public/assets/SettingsLogStreamingView-CC6bRvha.js","RUNTIME_TRANSIENT","IGNORE_POLICY_CANDIDATE","9255","0,009","815646D671A6F0CD3F7150D43C81972498B5C42B65AF98FDF6BC88CFAF1D4639","","False","","147","False",".js","NOT_REQUIRED","","","NOT_CHECKED","NOT_REQUIRED","False",""
".runtime/n8n/.cache/n8n/public/assets/SettingsLogStreamingView-legacy-BK7KgnWx.js","RUNTIME_TRANSIENT","IGNORE_POLICY_CANDIDATE","10715","0,01","AC84B9241355BD1B8A6031E50CA7520EFE214EA692A9E6B2B6C30EAE6BD13537","","False","","154","False",".js","NOT_REQUIRED","","","NOT_CHECKED","NOT_REQUIRED","False",""
".runtime/n8n/.cache/n8n/public/assets/SettingsMCPClientsView-B3FGwWk6.css","RUNTIME_TRANSIENT","IGNORE_POLICY_CANDIDATE","2878","0,003","61004E3443D106C6ECD381EDF703A05C616B3902FAE46EE7BB66E5973808EAEF","","False","","146","False",".css","NOT_REQUIRED","","","NOT_CHECKED","NOT_REQUIRED","False",""
".runtime/n8n/.cache/n8n/public/assets/SettingsMCPClientsView-D4FsQDwO.js","RUNTIME_TRANSIENT","IGNORE_POLICY_CANDIDATE","19295","0,018","2EB2B1CE6A2811070A673A82B165369E3B395E51928907A6F370BCCAAFB9E8EA","","False","","145","False",".js","NOT_REQUIRED","","","NOT_CHECKED","NOT_REQUIRED","False",""
".runtime/n8n/.cache/n8n/public/assets/SettingsMCPClientsView-legacy-CjqVAIgJ.js","RUNTIME_TRANSIENT","IGNORE_POLICY_CANDIDATE","22918","0,022","133CBCA1FF0043A6FC07EAA12A32B53DF41A1CD90326254A8DB63297D48FE80B","","False","","152","False",".js","NOT_REQUIRED","","","NOT_CHECKED","NOT_REQUIRED","False",""
".runtime/n8n/.cache/n8n/public/assets/SettingsMCPView-lbOpZrXX.css","RUNTIME_TRANSIENT","IGNORE_POLICY_CANDIDATE","4819","0,005","A284705378C423D76E14CA1F5DDEFCC0BC25C9F830EF85A28AAD4E1635B9DDD3","","False","","139","False",".css","NOT_REQUIRED","","","NOT_CHECKED","NOT_REQUIRED","False",""
".runtime/n8n/.cache/n8n/public/assets/SettingsMCPView-legacy-PmZ8CdaX.js","RUNTIME_TRANSIENT","IGNORE_POLICY_CANDIDATE","37293","0,036","AE08A18D80B708A363DE21B05EC6E3935BBD74F77D4E67276FE929CFEA67C230","","False","","145","False",".js","NOT_REQUIRED","","","NOT_CHECKED","NOT_REQUIRED","False",""
".runtime/n8n/.cache/n8n/public/assets/SettingsMCPView-uN7Ut-DJ.js","RUNTIME_TRANSIENT","IGNORE_POLICY_CANDIDATE","31649","0,03","5529FD94DC1CB6989209B62B27F65254DC933A1E1E73A3AAB465E9047F48ADE9","","False","","138","False",".js","NOT_REQUIRED","","","NOT_CHECKED","NOT_REQUIRED","False",""
".runtime/n8n/.cache/n8n/public/assets/SettingsMCPWorkflowsView-BiQzkkeA.css","RUNTIME_TRANSIENT","IGNORE_POLICY_CANDIDATE","1580","0,002","838242805581DF9B83E5D6ED170FC61B4492A407520923DA25A4B580B8C416C7","","False","","148","False",".css","NOT_REQUIRED","","","NOT_CHECKED","NOT_REQUIRED","False",""
".runtime/n8n/.cache/n8n/public/assets/SettingsMCPWorkflowsView-CSgr0p_v.js","RUNTIME_TRANSIENT","IGNORE_POLICY_CANDIDATE","10856","0,01","2B37879548A6BF62645802172F164699C832D0C56BFE20E70F92A3549E87B99A","","False","","147","False",".js","NOT_REQUIRED","","","NOT_CHECKED","NOT_REQUIRED","False",""
".runtime/n8n/.cache/n8n/public/assets/SettingsMCPWorkflowsView-legacy-DzQb7_WT.js","RUNTIME_TRANSIENT","IGNORE_POLICY_CANDIDATE","12929","0,012","FDFBBD47D85CCEC4833E788B4D69A97B20C6F695598AEC927DD27A6A4C46DA25","","False","","154","False",".js","NOT_REQUIRED","","","NOT_CHECKED","NOT_REQUIRED","False",""
".runtime/n8n/.cache/n8n/public/assets/SettingsOpenTelemetryView-B9vWEcCh.css","RUNTIME_TRANSIENT","IGNORE_POLICY_CANDIDATE","2866","0,003","FAE459944CF63432C1937056C333800771FB1AD1BB27B2F75317C9951ED68722","","False","","149","False",".css","NOT_REQUIRED","","","NOT_CHECKED","NOT_REQUIRED","False",""
".runtime/n8n/.cache/n8n/public/assets/SettingsOpenTelemetryView-DPSd7GBr.js","RUNTIME_TRANSIENT","IGNORE_POLICY_CANDIDATE","21986","0,021","5B5D89856CDA54BD82D798D0C986ADF12CB138325ABF6986D7868B771AE916EE","","False","","148","False",".js","NOT_REQUIRED","","","NOT_CHECKED","NOT_REQUIRED","False",""
".runtime/n8n/.cache/n8n/public/assets/SettingsOpenTelemetryView-legacy-5EvECjgf.js","RUNTIME_TRANSIENT","IGNORE_POLICY_CANDIDATE","25497","0,024","8479BFEFDA4055135F553DCAB7C7DDF46E30DC84EAA5224A3E811D529E48D2BD","","False","","155","False",".js","NOT_REQUIRED","","","NOT_CHECKED","NOT_REQUIRED","False",""
".runtime/n8n/.cache/n8n/public/assets/SettingsPersonalView-0J6sMaWx.css","RUNTIME_TRANSIENT","IGNORE_POLICY_CANDIDATE","858","0,001","901B47EDED52A17185F3A19500AB8AD4AF9276140A536C354742D6CED7B630E1","","False","","144","False",".css","NOT_REQUIRED","","","NOT_CHECKED","NOT_REQUIRED","False",""
".runtime/n8n/.cache/n8n/public/assets/SettingsPersonalView-CzPskLPt.js","RUNTIME_TRANSIENT","IGNORE_POLICY_CANDIDATE","9592","0,009","C422E84906FB665431DCA615D4612793EFFA38633905FC230FD7DBF6AB071E1E","","False","","143","False",".js","NOT_REQUIRED","","","NOT_CHECKED","NOT_REQUIRED","False",""
".runtime/n8n/.cache/n8n/public/assets/SettingsPersonalView-legacy-DkFJ7gYJ.js","RUNTIME_TRANSIENT","IGNORE_POLICY_CANDIDATE","11035","0,011","074EF139FA115763A45BA9CF156AABC589A4A347E33AFA6DAB0EE2A03EAB89AE","","False","","150","False",".js","NOT_REQUIRED","","","NOT_CHECKED","NOT_REQUIRED","False",""
".runtime/n8n/.cache/n8n/public/assets/SettingsSecretsProviders-BI4wqg4o.css","RUNTIME_TRANSIENT","IGNORE_POLICY_CANDIDATE","2224","0,002","B1917D37E6920632564652CED24ED3C76EA7BEE17725647C4AF6BE93153858E1","","False","","148","False",".css","NOT_REQUIRED","","","NOT_CHECKED","NOT_REQUIRED","False",""
".runtime/n8n/.cache/n8n/public/assets/SettingsSecretsProviders.ee-Cv97POs4.js","RUNTIME_TRANSIENT","IGNORE_POLICY_CANDIDATE","15380","0,015","BFBCBCDC7AD83FA5C6755F2BD8588336D5C6F1EADEE0D8B513A78CA77C719A0E","","False","","150","False",".js","NOT_REQUIRED","","","NOT_CHECKED","NOT_REQUIRED","False",""
".runtime/n8n/.cache/n8n/public/assets/SettingsSecretsProviders.ee-legacy-oTvvQ9-y.js","RUNTIME_TRANSIENT","IGNORE_POLICY_CANDIDATE","18293","0,017","5ECCFEA24389E1DE6C2D689915F36277BB21E60A017DAC5784FD2D55D52582EB","","False","","157","False",".js","NOT_REQUIRED","","","NOT_CHECKED","NOT_REQUIRED","False",""
".runtime/n8n/.cache/n8n/public/assets/SettingsSourceControl-DD2D4Z7B.css","RUNTIME_TRANSIENT","IGNORE_POLICY_CANDIDATE","1527","0,001","B4DA830614A0AF5F304A4ED91FE9F0C8F96580D992AAE370F104F97969DDD4C9","","False","","145","False",".css","NOT_REQUIRED","","","NOT_CHECKED","NOT_REQUIRED","False",""
".runtime/n8n/.cache/n8n/public/assets/SettingsSourceControl-DO0n_eNn.js","RUNTIME_TRANSIENT","IGNORE_POLICY_CANDIDATE","14235","0,014","ABC565031C0B3EF2C03969C24E87AF6E11F4EC65F7F2EE5B31957A660C07FD79","","False","","144","False",".js","NOT_REQUIRED","","","NOT_CHECKED","NOT_REQUIRED","False",""
".runtime/n8n/.cache/n8n/public/assets/SettingsSourceControl-legacy-Cktw-yAE.js","RUNTIME_TRANSIENT","IGNORE_POLICY_CANDIDATE","16334","0,016","7A2A6BC4430BB3CE48D7975E5D4841DB254D3FAF92334877CB0B91DA90C9EF66","","False","","151","False",".js","NOT_REQUIRED","","","NOT_CHECKED","NOT_REQUIRED","False",""
".runtime/n8n/.cache/n8n/public/assets/SettingsSso-Cp53ti6u.css","RUNTIME_TRANSIENT","IGNORE_POLICY_CANDIDATE","10365","0,01","A8F1179B628EF87930B52616E0C1D5684F5EE8678D7805FAA668B21B3C1C13CD","","False","","135","False",".css","NOT_REQUIRED","","","NOT_CHECKED","NOT_REQUIRED","False",""
".runtime/n8n/.cache/n8n/public/assets/SettingsSso-DKdqDqnB.js","RUNTIME_TRANSIENT","IGNORE_POLICY_CANDIDATE","56752","0,054","357099285DA72CDC03818C533CB26E9A26CB204935E4DB63CF7A78D2A780DAE5","","False","","134","False",".js","NOT_REQUIRED","","","NOT_CHECKED","NOT_REQUIRED","False",""
".runtime/n8n/.cache/n8n/public/assets/SettingsSso-legacy-Br7UgUhk.js","RUNTIME_TRANSIENT","IGNORE_POLICY_CANDIDATE","68539","0,065","7258BE55134F4B60E375151B1BFF8ACB6F1CE1D894779BD5487372E8B2432EAB","","False","","141","False",".js","NOT_REQUIRED","","","NOT_CHECKED","NOT_REQUIRED","False",""
".runtime/n8n/.cache/n8n/public/assets/SettingsUsageAndPlan-Chs6ETU8.js","RUNTIME_TRANSIENT","IGNORE_POLICY_CANDIDATE","10084","0,01","F4611F6D488ABCFD702D0BCF3EE74DACAB715E2E7CAB2A6471797E965975B55D","","False","","143","False",".js","NOT_REQUIRED","","","NOT_CHECKED","NOT_REQUIRED","False",""
".runtime/n8n/.cache/n8n/public/assets/SettingsUsageAndPlan-WFwRBUxP.css","RUNTIME_TRANSIENT","IGNORE_POLICY_CANDIDATE","2195","0,002","D822586320FE2F66666DD8B73608B2A083A5B4A1626E223904151A595749E8C0","","False","","144","False",".css","NOT_REQUIRED","","","NOT_CHECKED","NOT_REQUIRED","False",""
".runtime/n8n/.cache/n8n/public/assets/SettingsUsageAndPlan-legacy-DyYawYdz.js","RUNTIME_TRANSIENT","IGNORE_POLICY_CANDIDATE","12904","0,012","F01A385A1A40F2F075E4E38485678A567F65FDC7EA788D27BAE55E56E1AB613F","","False","","150","False",".js","NOT_REQUIRED","","","NOT_CHECKED","NOT_REQUIRED","False",""
".runtime/n8n/.cache/n8n/public/assets/SettingsUsersView-CQ0kZrqn.css","RUNTIME_TRANSIENT","IGNORE_POLICY_CANDIDATE","1694","0,002","2B0C280DA8E70AD560A785EFD9065DE2E710C44962F6D8A3E3854F94AFC29348","","False","","141","False",".css","NOT_REQUIRED","","","NOT_CHECKED","NOT_REQUIRED","False",""
".runtime/n8n/.cache/n8n/public/assets/SettingsUsersView-Dj32wjIb.js","RUNTIME_TRANSIENT","IGNORE_POLICY_CANDIDATE","20694","0,02","B501ABE224BA5E415E0F94439578B9D5A7DF7C76FDF4F0B48E1B4864E8F158C3","","False","","140","False",".js","NOT_REQUIRED","","","NOT_CHECKED","NOT_REQUIRED","False",""
".runtime/n8n/.cache/n8n/public/assets/SettingsUsersView-legacy-D2gB0SRF.js","RUNTIME_TRANSIENT","IGNORE_POLICY_CANDIDATE","23277","0,022","5186EC543C7FA173EC7F149B6A12782E23EA03746A77E6C53617D47D96FCC8AB","","False","","147","False",".js","NOT_REQUIRED","","","NOT_CHECKED","NOT_REQUIRED","False",""
".runtime/n8n/.cache/n8n/public/assets/SetupTemplateFormStep-3ogHiUKu.css","RUNTIME_TRANSIENT","IGNORE_POLICY_CANDIDATE","688","0,001","3740486D26D70DDD8323114CE926E2AEB0F7B3ECF62AD56E7B2B16F3A7083886","","False","","145","False",".css","NOT_REQUIRED","","","NOT_CHECKED","NOT_REQUIRED","False",""
".runtime/n8n/.cache/n8n/public/assets/SetupTemplateFormStep-CsxCjt07.js","RUNTIME_TRANSIENT","IGNORE_POLICY_CANDIDATE","5909","0,006","E36D8A5517CB24AF4D90048E911CE91234B2B07BD5DF1E869B494103A7D530A1","","False","","144","False",".js","NOT_REQUIRED","","","NOT_CHECKED","NOT_REQUIRED","False",""
".runtime/n8n/.cache/n8n/public/assets/SetupTemplateFormStep-legacy-BqGfkivu.js","RUNTIME_TRANSIENT","IGNORE_POLICY_CANDIDATE","7063","0,007","06D3BC5AB2E2C1704AEA3F18871368642F12F77CBCBF9AF83AC6CCBE5C365C47","","False","","151","False",".js","NOT_REQUIRED","","","NOT_CHECKED","NOT_REQUIRED","False",""
".runtime/n8n/.cache/n8n/public/assets/SetupView-Ce8R_9f-.js","RUNTIME_TRANSIENT","IGNORE_POLICY_CANDIDATE","2480","0,002","7BC61683712874D01C2168192672F942E2A269B3D6CF4D271986B598BDE26691","","False","","132","False",".js","NOT_REQUIRED","","","NOT_CHECKED","NOT_REQUIRED","False",""
".runtime/n8n/.cache/n8n/public/assets/SetupView-legacy-BezTMYyO.js","RUNTIME_TRANSIENT","IGNORE_POLICY_CANDIDATE","2738","0,003","C9B15558992CEA8389EAD58567247CA07D35B3A0D688E055AC78DBDD3205D2AE","","False","","139","False",".js","NOT_REQUIRED","","","NOT_CHECKED","NOT_REQUIRED","False",""
".runtime/n8n/.cache/n8n/public/assets/SetupWorkflowCredentialsButton-BEw_RKpb.js","RUNTIME_TRANSIENT","IGNORE_POLICY_CANDIDATE","2365","0,002","D23AA268812E1DD5E0858FEECA531A388E536E6A69B6B92BB9D9C9DAA583980F","","False","","153","False",".js","NOT_REQUIRED","","","NOT_CHECKED","NOT_REQUIRED","False",""
".runtime/n8n/.cache/n8n/public/assets/SetupWorkflowCredentialsButton-legacy-1kqKemHu.js","RUNTIME_TRANSIENT","IGNORE_POLICY_CANDIDATE","2627","0,003","6DF1CC593A8D323970A39606207B122E92D21D67BCE2B9AEE9284E3265B6CE78","","False","","160","False",".js","NOT_REQUIRED","","","NOT_CHECKED","NOT_REQUIRED","False",""
".runtime/n8n/.cache/n8n/public/assets/SetupWorkflowFromTemplateView-BiT8xweI.js","RUNTIME_TRANSIENT","IGNORE_POLICY_CANDIDATE","6815","0,006","69BA77879616D52D14CB3DBE94FF96D9B7BEB01784E86B6CC67D80C7ADF0837E","","False","","152","False",".js","NOT_REQUIRED","","","NOT_CHECKED","NOT_REQUIRED","False",""
".runtime/n8n/.cache/n8n/public/assets/SetupWorkflowFromTemplateView-DYQqZ--Q.css","RUNTIME_TRANSIENT","IGNORE_POLICY_CANDIDATE","538","0,001","5873BCC9B68CF21C2934C1822417D5E51745ABE7D27DD15F4FB8173776B24A4F","","False","","153","False",".css","NOT_REQUIRED","","","NOT_CHECKED","NOT_REQUIRED","False",""
".runtime/n8n/.cache/n8n/public/assets/SetupWorkflowFromTemplateView-legacy-BWo9hl8P.js","RUNTIME_TRANSIENT","IGNORE_POLICY_CANDIDATE","7859","0,007","CD76231A1E0AEF45D4036E25DD2C8B28935E60AF75B507DDD0E92C66126F5BBF","","False","","159","False",".js","NOT_REQUIRED","","","NOT_CHECKED","NOT_REQUIRED","False",""
".runtime/n8n/.cache/n8n/public/assets/SeverityTag-86GyP_Zl.css","RUNTIME_TRANSIENT","IGNORE_POLICY_CANDIDATE","237","0","275C695C7449216850C1CF568C06DAA7C6921BB599F48383C9E7FD80ED669493","","False","","135","False",".css","NOT_REQUIRED","","","NOT_CHECKED","NOT_REQUIRED","False",""
".runtime/n8n/.cache/n8n/public/assets/SeverityTag-fNyk90Oz.js","RUNTIME_TRANSIENT","IGNORE_POLICY_CANDIDATE","1624","0,002","8C1B066CE8A3EBAE6CE17BCB05059CDA7E4D5109140C81C8191718685AA6E742","","False","","134","False",".js","NOT_REQUIRED","","","NOT_CHECKED","NOT_REQUIRED","False",""
".runtime/n8n/.cache/n8n/public/assets/SeverityTag-legacy-CiVvsKcl.js","RUNTIME_TRANSIENT","IGNORE_POLICY_CANDIDATE","2125","0,002","1698F6E16DCD1C12E4F812D948BC972156375D8DC3F270AEA4EA6DFF7E65F60E","","False","","141","False",".js","NOT_REQUIRED","","","NOT_CHECKED","NOT_REQUIRED","False",""
".runtime/n8n/.cache/n8n/public/assets/SigninView-BP8bl3_t.css","RUNTIME_TRANSIENT","IGNORE_POLICY_CANDIDATE","595","0,001","9E17955C695D198B8A3B6B2FF9CB39AB8DFF168ED7523D27424335796085AB6F","","False","","134","False",".css","NOT_REQUIRED","","","NOT_CHECKED","NOT_REQUIRED","False",""
".runtime/n8n/.cache/n8n/public/assets/SigninView-CGkYiW0T.js","RUNTIME_TRANSIENT","IGNORE_POLICY_CANDIDATE","7194","0,007","ED7AAAA837A2BCA7D888957DC53B8791D83E38A48223B1DDEB3B922D447EDF7D","","False","","133","False",".js","NOT_REQUIRED","","","NOT_CHECKED","NOT_REQUIRED","False",""
".runtime/n8n/.cache/n8n/public/assets/SigninView-legacy-BZ5HghKD.js","RUNTIME_TRANSIENT","IGNORE_POLICY_CANDIDATE","8251","0,008","0175AD12E9A2BA10A543E7FF6FCE59E2E9BD595189AB8062DA161DD76A5F41B7","","False","","140","False",".js","NOT_REQUIRED","","","NOT_CHECKED","NOT_REQUIRED","False",""
".runtime/n8n/.cache/n8n/public/assets/SignoutView-BR9mlUXB.js","RUNTIME_TRANSIENT","IGNORE_POLICY_CANDIDATE","1176","0,001","9FFC2733682C9A1C2F430F26C57DC61B54747F9D14414BFFBFCD8B70D3BD157C","","False","","134","False",".js","NOT_REQUIRED","","","NOT_CHECKED","NOT_REQUIRED","False",""
".runtime/n8n/.cache/n8n/public/assets/SignoutView-legacy-DDXgLNls.js","RUNTIME_TRANSIENT","IGNORE_POLICY_CANDIDATE","1392","0,001","258C2A65201B80EE7F4C4D54B244F26E77E0160B9F52F9E73F5A2DFD9C2D9AAD","","False","","141","False",".js","NOT_REQUIRED","","","NOT_CHECKED","NOT_REQUIRED","False",""
".runtime/n8n/.cache/n8n/public/assets/SignupView-DZc3XYyv.js","RUNTIME_TRANSIENT","IGNORE_POLICY_CANDIDATE","3001","0,003","36253335C6AAA5AEA23D1A1F161633E74F0FD71206A6F215CFDD950138E2039B","","False","","133","False",".js","NOT_REQUIRED","","","NOT_CHECKED","NOT_REQUIRED","False",""
".runtime/n8n/.cache/n8n/public/assets/SignupView-legacy-_xt8r5Rr.js","RUNTIME_TRANSIENT","IGNORE_POLICY_CANDIDATE","3263","0,003","C24B791262872D88BC1424170AE2CE02A79F83D06472B25F29B87F5EE4759D69","","False","","140","False",".js","NOT_REQUIRED","","","NOT_CHECKED","NOT_REQUIRED","False",""
".runtime/n8n/.cache/n8n/public/assets/SkeletonAgentCard-BLoSpxbd.css","RUNTIME_TRANSIENT","IGNORE_POLICY_CANDIDATE","6237","0,006","ED0010E110642A4A9C216CBF1066A808985EB35D3669A7B2AF736380D37B1B78","","False","","141","False",".css","NOT_REQUIRED","","","NOT_CHECKED","NOT_REQUIRED","False",""
".runtime/n8n/.cache/n8n/public/assets/SkeletonAgentCard-Bq_4-xvJ.js","RUNTIME_TRANSIENT","IGNORE_POLICY_CANDIDATE","5658","0,005","455E57A6F0991232F21139E354BFBB2AA38220F6C9AEBFC4B5FB9A121D52B570","","False","","140","False",".js","NOT_REQUIRED","","","NOT_CHECKED","NOT_REQUIRED","False",""
".runtime/n8n/.cache/n8n/public/assets/SkeletonAgentCard-legacy-B90a4QZn.js","RUNTIME_TRANSIENT","IGNORE_POLICY_CANDIDATE","12124","0,012","480693A68BC794269501D410D1156F704356C64A1A28133121EDF12918B67EFB","","False","","147","False",".js","NOT_REQUIRED","","","NOT_CHECKED","NOT_REQUIRED","False",""
".runtime/n8n/.cache/n8n/public/assets/SurfaceMcpBridgeGraphic-CWVd0l2r.js","RUNTIME_TRANSIENT","IGNORE_POLICY_CANDIDATE","15270","0,015","41D632517BF737BF86533DDE2E7CE48B47FF2EDCB82DE4C4A1F24E11C9B6225E","","False","","146","False",".js","NOT_REQUIRED","","","NOT_CHECKED","NOT_REQUIRED","False",""
".runtime/n8n/.cache/n8n/public/assets/SurfaceMcpBridgeGraphic-hYOIccQq.css","RUNTIME_TRANSIENT","IGNORE_POLICY_CANDIDATE","7793","0,007","27DEE72112D3A7751427D9B1A56058643A21DB217FA9016664D375162BF89B36","","False","","147","False",".css","NOT_REQUIRED","","","NOT_CHECKED","NOT_REQUIRED","False",""
".runtime/n8n/.cache/n8n/public/assets/SurfaceMcpBridgeGraphic-legacy-BTzs_ALC.js","RUNTIME_TRANSIENT","IGNORE_POLICY_CANDIDATE","23187","0,022","872D97AAA0E57480E9190E1D0A91B0D07196A4B2B7182A45AC0ACBD921EBD958","","False","","153","False",".js","NOT_REQUIRED","","","NOT_CHECKED","NOT_REQUIRED","False",""
".runtime/n8n/.cache/n8n/public/assets/SurfaceMcpFirstOpenIntroModal-CaNIb6cI.js","RUNTIME_TRANSIENT","IGNORE_POLICY_CANDIDATE","5034","0,005","6F2E808674B17776159F87140D7B37ABC494B494B72E42E05D56BFB8FF8B4F4B","","False","","152","False",".js","NOT_REQUIRED","","","NOT_CHECKED","NOT_REQUIRED","False",""
".runtime/n8n/.cache/n8n/public/assets/SurfaceMcpFirstOpenIntroModal-DgbIE7eV.css","RUNTIME_TRANSIENT","IGNORE_POLICY_CANDIDATE","5470","0,005","50FFCA2F448E508EA03E7EF82D87C872C6466D446E6221F4D265C2550E56045A","","False","","153","False",".css","NOT_REQUIRED","","","NOT_CHECKED","NOT_REQUIRED","False",""
".runtime/n8n/.cache/n8n/public/assets/SurfaceMcpFirstOpenIntroModal-legacy-DjqwgB-d.js","RUNTIME_TRANSIENT","IGNORE_POLICY_CANDIDATE","10740","0,01","1A0CBE3081F3A0A288ED818D54F3390712F9EC253AABF9A36D53104021CFB1F1","","False","","159","False",".js","NOT_REQUIRED","","","NOT_CHECKED","NOT_REQUIRED","False",""
".runtime/n8n/.cache/n8n/public/assets/TagsDropdown-BhpNFWHz.css","RUNTIME_TRANSIENT","IGNORE_POLICY_CANDIDATE","2150","0,002","FC5892B72F1093DD24632927B04A36639C62F0B4898F6DA330EFC123025C2BDB","","False","","136","False",".css","NOT_REQUIRED","","","NOT_CHECKED","NOT_REQUIRED","False",""
".runtime/n8n/.cache/n8n/public/assets/TagsDropdown-CMQO3WVf.js","RUNTIME_TRANSIENT","IGNORE_POLICY_CANDIDATE","4777","0,005","D1C5A5482838C46BD07F7265EFB33F6791A549A8A444A04DBBCABAFFBC76C961","","False","","135","False",".js","NOT_REQUIRED","","","NOT_CHECKED","NOT_REQUIRED","False",""
".runtime/n8n/.cache/n8n/public/assets/TagsDropdown-legacy-B3IQMMF1.js","RUNTIME_TRANSIENT","IGNORE_POLICY_CANDIDATE","7310","0,007","C12C19E9EDE83BBA2AFFEA3FB505807BBFDC1F184F1D9416781BF5BC1D0FBAB0","","False","","142","False",".js","NOT_REQUIRED","","","NOT_CHECKED","NOT_REQUIRED","False",""
".runtime/n8n/.cache/n8n/public/assets/TemplateList-2zS_uKDX.css","RUNTIME_TRANSIENT","IGNORE_POLICY_CANDIDATE","2193","0,002","C7BB815B5796CE9B2806EB1B55FC6B43DF0715D4F2429AA3BFC7F372F6A34FEE","","False","","136","False",".css","NOT_REQUIRED","","","NOT_CHECKED","NOT_REQUIRED","False",""
".runtime/n8n/.cache/n8n/public/assets/TemplateList-Dd9HiDuq.js","RUNTIME_TRANSIENT","IGNORE_POLICY_CANDIDATE","6820","0,007","2ACF52E8E6320419277BF98101A5A156A1698D83ACD7EC7383AFAE2038C09ED8","","False","","135","False",".js","NOT_REQUIRED","","","NOT_CHECKED","NOT_REQUIRED","False",""
".runtime/n8n/.cache/n8n/public/assets/TemplateList-legacy-BtqyakK8.js","RUNTIME_TRANSIENT","IGNORE_POLICY_CANDIDATE","9423","0,009","59D039BBC4E0C26CED46AFD9D1386DB8ABF306F143243AD987277D3D751798AE","","False","","142","False",".js","NOT_REQUIRED","","","NOT_CHECKED","NOT_REQUIRED","False",""
".runtime/n8n/.cache/n8n/public/assets/TemplatesCollectionView-B1iJVLA1.css","RUNTIME_TRANSIENT","IGNORE_POLICY_CANDIDATE","868","0,001","A6DCF9B21852F9619DA8CC98FA9E19D00B257CE08E332B33A6AA148AEE165473","","False","","147","False",".css","NOT_REQUIRED","","","NOT_CHECKED","NOT_REQUIRED","False",""
".runtime/n8n/.cache/n8n/public/assets/TemplatesCollectionView-fMvsAyWb.js","RUNTIME_TRANSIENT","IGNORE_POLICY_CANDIDATE","6820","0,007","B4112BE843A9124E2298F0B6379C163D0FC0A67DD9926F733DB53E27056523DA","","False","","146","False",".js","NOT_REQUIRED","","","NOT_CHECKED","NOT_REQUIRED","False",""
".runtime/n8n/.cache/n8n/public/assets/TemplatesCollectionView-legacy-CrWEJFjU.js","RUNTIME_TRANSIENT","IGNORE_POLICY_CANDIDATE","8170","0,008","B6A914909F2D7215224699AD6EFACFFAC857A897DF3510B906A49429B8803B4D","","False","","153","False",".js","NOT_REQUIRED","","","NOT_CHECKED","NOT_REQUIRED","False",""
".runtime/n8n/.cache/n8n/public/assets/TemplatesSearchView-4Q5oaoiz.css","RUNTIME_TRANSIENT","IGNORE_POLICY_CANDIDATE","3742","0,004","958B49CD5E1FA014E3618331CD099F2C1BE1888704AC6F749AE63B16A21175B4","","False","","143","False",".css","NOT_REQUIRED","","","NOT_CHECKED","NOT_REQUIRED","False",""
".runtime/n8n/.cache/n8n/public/assets/TemplatesSearchView-B-zEe1hG.js","RUNTIME_TRANSIENT","IGNORE_POLICY_CANDIDATE","24734","0,024","4788EC221FB514595AF26E9DAB353BEE13B0464A5200ECD19593AA75EDFB641D","","False","","142","False",".js","NOT_REQUIRED","","","NOT_CHECKED","NOT_REQUIRED","False",""
".runtime/n8n/.cache/n8n/public/assets/TemplatesSearchView-legacy-C4cunTDg.js","RUNTIME_TRANSIENT","IGNORE_POLICY_CANDIDATE","29333","0,028","382949BB055EAC696E6305EE706DB8F1A5BC743744C56A0A16C1B036D6AEE7CB","","False","","149","False",".js","NOT_REQUIRED","","","NOT_CHECKED","NOT_REQUIRED","False",""
".runtime/n8n/.cache/n8n/public/assets/TemplatesView-CWl8ak1Q.js","RUNTIME_TRANSIENT","IGNORE_POLICY_CANDIDATE","1975","0,002","7AE565A31069E2D0AA52C968A21FBFD8F747B195B0CE57B65426C8957B815D44","","False","","136","False",".js","NOT_REQUIRED","","","NOT_CHECKED","NOT_REQUIRED","False",""
".runtime/n8n/.cache/n8n/public/assets/TemplatesView-C_lvJ1Iz.css","RUNTIME_TRANSIENT","IGNORE_POLICY_CANDIDATE","908","0,001","04B948916D7ACBA79CF4D02F0CC0ECA28039347808BEAB79BB7841DBA1AF5761","","False","","137","False",".css","NOT_REQUIRED","","","NOT_CHECKED","NOT_REQUIRED","False",""
".runtime/n8n/.cache/n8n/public/assets/TemplatesView-legacy-HTw3kPhe.js","RUNTIME_TRANSIENT","IGNORE_POLICY_CANDIDATE","3172","0,003","E3E868457B6A60DE7492285AAF4B0F17B9869F29193C63DB04F157C8D84658B3","","False","","143","False",".js","NOT_REQUIRED","","","NOT_CHECKED","NOT_REQUIRED","False",""
".runtime/n8n/.cache/n8n/public/assets/TemplatesWorkflowView-By_yDl8p.js","RUNTIME_TRANSIENT","IGNORE_POLICY_CANDIDATE","9053","0,009","2CB43D558491673174964C39C251DB153D749528498DD9E1AD7282678DDAC0F6","","False","","144","False",".js","NOT_REQUIRED","","","NOT_CHECKED","NOT_REQUIRED","False",""
".runtime/n8n/.cache/n8n/public/assets/TemplatesWorkflowView-_ap9MbQd.css","RUNTIME_TRANSIENT","IGNORE_POLICY_CANDIDATE","3289","0,003","F629617159F02E450B51E8F014491CCAC698B80FB67C1A411620D0E6BAB8B918","","False","","145","False",".css","NOT_REQUIRED","","","NOT_CHECKED","NOT_REQUIRED","False",""
".runtime/n8n/.cache/n8n/public/assets/TemplatesWorkflowView-legacy-DmI4pIKl.js","RUNTIME_TRANSIENT","IGNORE_POLICY_CANDIDATE","12991","0,012","3E9903197978FA93258CCE3F4CE0F7543A8024E17635766FE9994FFC1F500382","","False","","151","False",".js","NOT_REQUIRED","","","NOT_CHECKED","NOT_REQUIRED","False",""
".runtime/n8n/.cache/n8n/public/assets/TestRunDetailView-BLkqFGYy.css","RUNTIME_TRANSIENT","IGNORE_POLICY_CANDIDATE","10755","0,01","D5F400E47AD4E368977951E8C650EE99489DFC45CBBB9635E53649FA13BBCF1A","","False","","141","False",".css","NOT_REQUIRED","","","NOT_CHECKED","NOT_REQUIRED","False",""
".runtime/n8n/.cache/n8n/public/assets/TestRunDetailView-jA1PS5_R.js","RUNTIME_TRANSIENT","IGNORE_POLICY_CANDIDATE","20959","0,02","3E63C10C414BE5130345ACAF2BDCD98315C8C7AD3CEEAD097F77D4300E1E38FB","","False","","140","False",".js","NOT_REQUIRED","","","NOT_CHECKED","NOT_REQUIRED","False",""
".runtime/n8n/.cache/n8n/public/assets/TestRunDetailView-legacy-snUBhtE5.js","RUNTIME_TRANSIENT","IGNORE_POLICY_CANDIDATE","32383","0,031","28471676573763548B833ABFF8D5352B4541B01AD33BCCF1C58C444B67F7636E","","False","","147","False",".js","NOT_REQUIRED","","","NOT_CHECKED","NOT_REQUIRED","False",""
".runtime/n8n/.cache/n8n/public/assets/TextWithHighlights-BDuEExs_.js","RUNTIME_TRANSIENT","IGNORE_POLICY_CANDIDATE","1902","0,002","29EC476DE4A13540B78881362E3D386D40DD3C4505F6D2024CA3756BAEFAF9EA","","False","","141","False",".js","NOT_REQUIRED","","","NOT_CHECKED","NOT_REQUIRED","False",""
".runtime/n8n/.cache/n8n/public/assets/TextWithHighlights-CnnnTpA3.css","RUNTIME_TRANSIENT","IGNORE_POLICY_CANDIDATE","138","0","26015BAD81D0F1054CDD6545D603395DB7A26E21EF0A772952C4140DB51AEFE8","","False","","142","False",".css","NOT_REQUIRED","","","NOT_CHECKED","NOT_REQUIRED","False",""
".runtime/n8n/.cache/n8n/public/assets/TextWithHighlights-legacy-CUGl8wFm.js","RUNTIME_TRANSIENT","IGNORE_POLICY_CANDIDATE","2328","0,002","4900BAF22CD858CFE366C9F61365F4293C2EEBD7D0147E6EBBE64C9D0D6BDCEC","","False","","148","False",".js","NOT_REQUIRED","","","NOT_CHECKED","NOT_REQUIRED","False",""
".runtime/n8n/.cache/n8n/public/assets/TimeAgo-DdkK_H85.js","RUNTIME_TRANSIENT","IGNORE_POLICY_CANDIDATE","3132","0,003","A2DEEF6B8132BA70878713CDF00DED835DA09D202E251A24E3291DC56E23BBF6","","False","","130","False",".js","NOT_REQUIRED","","","NOT_CHECKED","NOT_REQUIRED","False",""
".runtime/n8n/.cache/n8n/public/assets/TimeAgo-legacy-Blw-PnWm.js","RUNTIME_TRANSIENT","IGNORE_POLICY_CANDIDATE","3313","0,003","35EF85E764621DDF5A040B31FD1E7D57D9F2CB61C0517152DA53331BC78F692B","","False","","137","False",".js","NOT_REQUIRED","","","NOT_CHECKED","NOT_REQUIRED","False",""
".runtime/n8n/.cache/n8n/public/assets/ToolSettingsModal-C18pRZkB.js","RUNTIME_TRANSIENT","IGNORE_POLICY_CANDIDATE","2631","0,003","602EF46934071284B86CE2952622C025FD4A45B69A36E86EF5827F709DC9B938","","False","","140","False",".js","NOT_REQUIRED","","","NOT_CHECKED","NOT_REQUIRED","False",""
".runtime/n8n/.cache/n8n/public/assets/ToolSettingsModal-DbO4eYkr.css","RUNTIME_TRANSIENT","IGNORE_POLICY_CANDIDATE","623","0,001","2ED42E6B08BF307DEC58C78C70032A468D4BB596A1C15FFE8742581B20D3D864","","False","","141","False",".css","NOT_REQUIRED","","","NOT_CHECKED","NOT_REQUIRED","False",""
".runtime/n8n/.cache/n8n/public/assets/ToolSettingsModal-legacy-B-JKeuQ6.js","RUNTIME_TRANSIENT","IGNORE_POLICY_CANDIDATE","3585","0,003","D30290FDB93107F24D2D90C6DB6DB327AC63986914FEC68D98DEA45872A9968A","","False","","147","False",".js","NOT_REQUIRED","","","NOT_CHECKED","NOT_REQUIRED","False",""
".runtime/n8n/.cache/n8n/public/assets/ToolsManagerModal-ABzWZxuj.js","RUNTIME_TRANSIENT","IGNORE_POLICY_CANDIDATE","12500","0,012","089E91C39A4E00D1DD0874737A341A111CB59E9EA067D3065DB8F873EE86F749","","False","","140","False",".js","NOT_REQUIRED","","","NOT_CHECKED","NOT_REQUIRED","False",""
".runtime/n8n/.cache/n8n/public/assets/ToolsManagerModal-legacy-JLwPLH9_.js","RUNTIME_TRANSIENT","IGNORE_POLICY_CANDIDATE","15389","0,015","1B14D54F98314887A151CDFE4D1EB2BA469958F1ADEE3F324F1FB5A3A8834CA7","","False","","147","False",".js","NOT_REQUIRED","","","NOT_CHECKED","NOT_REQUIRED","False",""
".runtime/n8n/.cache/n8n/public/assets/ToolsManagerModal-w1VQ_YNt.css","RUNTIME_TRANSIENT","IGNORE_POLICY_CANDIDATE","2123","0,002","470C99899D98AA8E93EB13E4C877BAE762968B88A1600EE7BE07309C9B2CBEB6","","False","","141","False",".css","NOT_REQUIRED","","","NOT_CHECKED","NOT_REQUIRED","False",""
".runtime/n8n/.cache/n8n/public/assets/ToolsSelector-CFnF06ln.js","RUNTIME_TRANSIENT","IGNORE_POLICY_CANDIDATE","6903","0,007","46654DA64AD1C6DF4833EAAF27CA24C9012BBE5E2AE8DE2D0282D29D794A4755","","False","","136","False",".js","NOT_REQUIRED","","","NOT_CHECKED","NOT_REQUIRED","False",""
".runtime/n8n/.cache/n8n/public/assets/ToolsSelector-DV0l6M9-.css","RUNTIME_TRANSIENT","IGNORE_POLICY_CANDIDATE","1163","0,001","6076C712C2E5E3B58D84BBF2DFF97A54030ADD4D3C923422EF941D0695366C04","","False","","137","False",".css","NOT_REQUIRED","","","NOT_CHECKED","NOT_REQUIRED","False",""
".runtime/n8n/.cache/n8n/public/assets/ToolsSelector-legacy-CuPBBLQ9.js","RUNTIME_TRANSIENT","IGNORE_POLICY_CANDIDATE","8498","0,008","1FB8F2B2D05794721D533374835F130E9AD7E37C66A4821873A5D6C0CFD7C001","","False","","143","False",".js","NOT_REQUIRED","","","NOT_CHECKED","NOT_REQUIRED","False",""
".runtime/n8n/.cache/n8n/public/assets/TriggerPanel-DXc7ywmZ.css","RUNTIME_TRANSIENT","IGNORE_POLICY_CANDIDATE","6954","0,007","29FE61354DF22784F7A03CF3B0E45A8C88D13D7B2EAEFF5DF825540859B462D8","","False","","136","False",".css","NOT_REQUIRED","","","NOT_CHECKED","NOT_REQUIRED","False",""
".runtime/n8n/.cache/n8n/public/assets/TriggerPanel-XDqZnAsK.js","RUNTIME_TRANSIENT","IGNORE_POLICY_CANDIDATE","30541","0,029","6E650E8336FAAC81288EC2290315767D9F6D722B33AC693931F2F2ABB3A7DAF9","","False","","135","False",".js","NOT_REQUIRED","","","NOT_CHECKED","NOT_REQUIRED","False",""
".runtime/n8n/.cache/n8n/public/assets/TriggerPanel-legacy-C1NWnlW2.js","RUNTIME_TRANSIENT","IGNORE_POLICY_CANDIDATE","38638","0,037","46B233EFDCC230C21B7E7F9929B39974FD5D31EE1857CA10CFEB219DAD0352F3","","False","","142","False",".js","NOT_REQUIRED","","","NOT_CHECKED","NOT_REQUIRED","False",""
".runtime/n8n/.cache/n8n/public/assets/VirtualSchema-4CgZOyYt.css","RUNTIME_TRANSIENT","IGNORE_POLICY_CANDIDATE","7375","0,007","E795181418AA1F1E0B4466C834CACB69EEA52D84C87CB5E54E216A583143744A","","False","","137","False",".css","NOT_REQUIRED","","","NOT_CHECKED","NOT_REQUIRED","False",""
".runtime/n8n/.cache/n8n/public/assets/VirtualSchema-BJ3KQbtV.js","RUNTIME_TRANSIENT","IGNORE_POLICY_CANDIDATE","590","0,001","2228A36A2BED9426CD0D285E6E316D60DE4DC8931596B141732806BF8E6B1213","","False","","136","False",".js","NOT_REQUIRED","","","NOT_CHECKED","NOT_REQUIRED","False",""
".runtime/n8n/.cache/n8n/public/assets/VirtualSchema-f5lrq1aK.js","RUNTIME_TRANSIENT","IGNORE_POLICY_CANDIDATE","50828","0,048","30270DC48C446DA66B0572A36066A592EC0043F1B02A9517878A58E7EF6F3533","","False","","136","False",".js","NOT_REQUIRED","","","NOT_CHECKED","NOT_REQUIRED","False",""
".runtime/n8n/.cache/n8n/public/assets/VirtualSchema-legacy-BN_3Nuhr.js","RUNTIME_TRANSIENT","IGNORE_POLICY_CANDIDATE","59534","0,057","133F0DDBBE26469DB3B0F5A93F7A982F6C8A56DF8CCD4009E7132ABA979D8639","","False","","143","False",".js","NOT_REQUIRED","","","NOT_CHECKED","NOT_REQUIRED","False",""
".runtime/n8n/.cache/n8n/public/assets/VirtualSchema-legacy-rM6iQ1CH.js","RUNTIME_TRANSIENT","IGNORE_POLICY_CANDIDATE","731","0,001","775CE995BEC6F7008CD2EA53CE9E7A7C6E0CC1ACCD587E552F9EC05D8482EC7C","","False","","143","False",".js","NOT_REQUIRED","","","NOT_CHECKED","NOT_REQUIRED","False",""
".runtime/n8n/.cache/n8n/public/assets/VueMarkdown-k6BM7H0U.js","RUNTIME_TRANSIENT","IGNORE_POLICY_CANDIDATE","1058","0,001","3CD9C730B1C9EC932D0636A97BF756D7CA22544AE7E5E248B1A2C5F7F7D7DC8D","","False","","134","False",".js","NOT_REQUIRED","","","NOT_CHECKED","NOT_REQUIRED","False",""
".runtime/n8n/.cache/n8n/public/assets/VueMarkdown-legacy-bIx0lZ3r.js","RUNTIME_TRANSIENT","IGNORE_POLICY_CANDIDATE","1231","0,001","B981EDF711ACA0E7DA275E2728D74BEFBF13F62AD48CB0E1CD7B4A0A755A0E62","","False","","141","False",".js","NOT_REQUIRED","","","NOT_CHECKED","NOT_REQUIRED","False",""
".runtime/n8n/.cache/n8n/public/assets/WorkerView-B3GugdA5.js","RUNTIME_TRANSIENT","IGNORE_POLICY_CANDIDATE","13154","0,013","D7A434A8F0166AA5BEFFDD5A1093A5B1656F4802A871373C526AFF6430598C98","","False","","133","False",".js","NOT_REQUIRED","","","NOT_CHECKED","NOT_REQUIRED","False",""
".runtime/n8n/.cache/n8n/public/assets/WorkerView-CB4Eo_PR.css","RUNTIME_TRANSIENT","IGNORE_POLICY_CANDIDATE","2541","0,002","DA979C9CEA0E2276A9549472457B013F22FEAD3D216981E419E19C6DEC6BDE02","","False","","134","False",".css","NOT_REQUIRED","","","NOT_CHECKED","NOT_REQUIRED","False",""
".runtime/n8n/.cache/n8n/public/assets/WorkerView-legacy-BvMJQq2a.js","RUNTIME_TRANSIENT","IGNORE_POLICY_CANDIDATE","16622","0,016","51D97D286E93AC54B7D58EE8B564F45BB50B35FE64CCB2F1E8D84BDE54EFABBF","","False","","140","False",".js","NOT_REQUIRED","","","NOT_CHECKED","NOT_REQUIRED","False",""
".runtime/n8n/.cache/n8n/public/assets/WorkflowBuilderUnavailableNotice-CA7eqDQP.css","RUNTIME_TRANSIENT","IGNORE_POLICY_CANDIDATE","8268","0,008","C8E0E7512B8011C6D10B6420F87F5970E69C8EE050E4A66ED2CDC1338D61A8DC","","False","","156","False",".css","NOT_REQUIRED","","","NOT_CHECKED","NOT_REQUIRED","False",""
".runtime/n8n/.cache/n8n/public/assets/WorkflowBuilderUnavailableNotice-haq2UXm6.js","RUNTIME_TRANSIENT","IGNORE_POLICY_CANDIDATE","21337","0,02","444AAB14DDF97612B70B2AC2C64EB028A7EB04244AFDBEA1841405D4BCB8F3E5","","False","","155","False",".js","NOT_REQUIRED","","","NOT_CHECKED","NOT_REQUIRED","False",""
".runtime/n8n/.cache/n8n/public/assets/WorkflowBuilderUnavailableNotice-legacy-zH_ic8Yk.js","RUNTIME_TRANSIENT","IGNORE_POLICY_CANDIDATE","30149","0,029","C3A11C9B75C36D0019B80D9F67F2392961F33B4FDF7F3A0FC396A0A75CB5EDFE","","False","","162","False",".js","NOT_REQUIRED","","","NOT_CHECKED","NOT_REQUIRED","False",""
".runtime/n8n/.cache/n8n/public/assets/WorkflowDiffView-AXYJbw3w.css","RUNTIME_TRANSIENT","IGNORE_POLICY_CANDIDATE","8651","0,008","CD52FEFDBDC6940BE69F9D529D85E39DA8E58CCBEA79D260471A6E98E22A3F79","","False","","140","False",".css","NOT_REQUIRED","","","NOT_CHECKED","NOT_REQUIRED","False",""
".runtime/n8n/.cache/n8n/public/assets/WorkflowDiffView-CACSFgza.js","RUNTIME_TRANSIENT","IGNORE_POLICY_CANDIDATE","152170","0,145","82E0C2623BC3D08C37907BC7BF33CC3805AA158D8D38E7FBA612099975A18BF7","","False","","139","False",".js","NOT_REQUIRED","","","NOT_CHECKED","NOT_REQUIRED","False",""
".runtime/n8n/.cache/n8n/public/assets/WorkflowDiffView-legacy-BpvAH4m-.js","RUNTIME_TRANSIENT","IGNORE_POLICY_CANDIDATE","163860","0,156","0F3E7FC285A09FEEE492F75E29950753B899FC11888FC8F9A0C8B8F6EC707E96","","False","","146","False",".js","NOT_REQUIRED","","","NOT_CHECKED","NOT_REQUIRED","False",""
".runtime/n8n/.cache/n8n/public/assets/WorkflowExecutionsInfoAccordion-C0fCytSh.css","RUNTIME_TRANSIENT","IGNORE_POLICY_CANDIDATE","683","0,001","5014CC7AEB69BFDC1082C73F56B9EFF0443E10B024265BF8B8CEA959E772F9F5","","False","","155","False",".css","NOT_REQUIRED","","","NOT_CHECKED","NOT_REQUIRED","False",""
".runtime/n8n/.cache/n8n/public/assets/WorkflowExecutionsInfoAccordion-CD8CM5EA.js","RUNTIME_TRANSIENT","IGNORE_POLICY_CANDIDATE","4915","0,005","0073DD95E7F3A3A02978CA5E89802D23E7D1487EBD864BBC9A0CBC919DDB1BAE","","False","","154","False",".js","NOT_REQUIRED","","","NOT_CHECKED","NOT_REQUIRED","False",""
".runtime/n8n/.cache/n8n/public/assets/WorkflowExecutionsInfoAccordion-legacy-pAikwx-d.js","RUNTIME_TRANSIENT","IGNORE_POLICY_CANDIDATE","6005","0,006","1DBB9F7EA02EB8ECBB9ABDFF2C616E630539C218448217FE4914E6B916BD5618","","False","","161","False",".js","NOT_REQUIRED","","","NOT_CHECKED","NOT_REQUIRED","False",""
".runtime/n8n/.cache/n8n/public/assets/WorkflowExecutionsLandingPage-BcR0F7jv.js","RUNTIME_TRANSIENT","IGNORE_POLICY_CANDIDATE","2702","0,003","BBADF1E15009B98CECF8E0D559843E00703E7CD8150040B458C0F3997C6D1D08","","False","","152","False",".js","NOT_REQUIRED","","","NOT_CHECKED","NOT_REQUIRED","False",""
".runtime/n8n/.cache/n8n/public/assets/WorkflowExecutionsLandingPage-CaK9KtYY.css","RUNTIME_TRANSIENT","IGNORE_POLICY_CANDIDATE","420","0","BD22BDEB39CFBE1A91743E3153DB665EDC8216349787EFB9FC7BAB2E8A3826C1","","False","","153","False",".css","NOT_REQUIRED","","","NOT_CHECKED","NOT_REQUIRED","False",""
".runtime/n8n/.cache/n8n/public/assets/WorkflowExecutionsLandingPage-legacy-BYiy0bVh.js","RUNTIME_TRANSIENT","IGNORE_POLICY_CANDIDATE","3501","0,003","8829A55A7846189A5728C67746A77E6F8A97CC9B338E6685E7A44E7DBCD6EFD9","","False","","159","False",".js","NOT_REQUIRED","","","NOT_CHECKED","NOT_REQUIRED","False",""
".runtime/n8n/.cache/n8n/public/assets/WorkflowExecutionsPreview-BzFF3x22.css","RUNTIME_TRANSIENT","IGNORE_POLICY_CANDIDATE","5517","0,005","2AE3E2107916214CE384469E80A1FE592993E883ABA0ADA032EC3E6BF8B85E13","","False","","149","False",".css","NOT_REQUIRED","","","NOT_CHECKED","NOT_REQUIRED","False",""
".runtime/n8n/.cache/n8n/public/assets/WorkflowExecutionsPreview-DiZ6MAS5.js","RUNTIME_TRANSIENT","IGNORE_POLICY_CANDIDATE","22633","0,022","6DE13B5C60682057F2E7B580C421C7699AFA909DB626323170091D4C20851F4C","","False","","148","False",".js","NOT_REQUIRED","","","NOT_CHECKED","NOT_REQUIRED","False",""
".runtime/n8n/.cache/n8n/public/assets/WorkflowExecutionsPreview-legacy-DU2yAWGo.js","RUNTIME_TRANSIENT","IGNORE_POLICY_CANDIDATE","29160","0,028","03ED2FBC6952794EE69EACD7E2933072B7EAA3794D6369F153937B65A8FDD8DD","","False","","155","False",".js","NOT_REQUIRED","","","NOT_CHECKED","NOT_REQUIRED","False",""
".runtime/n8n/.cache/n8n/public/assets/WorkflowExecutionsView-D3Bgjlxt.css","RUNTIME_TRANSIENT","IGNORE_POLICY_CANDIDATE","6089","0,006","235FECAAA234B91876BD7D7AE1080746292A2A4B16EE9222E98875DB72A6AA84","","False","","146","False",".css","NOT_REQUIRED","","","NOT_CHECKED","NOT_REQUIRED","False",""
".runtime/n8n/.cache/n8n/public/assets/WorkflowExecutionsView-JeN-4tsX.js","RUNTIME_TRANSIENT","IGNORE_POLICY_CANDIDATE","17862","0,017","F0CA7660C05B84E49BEABB3D28F695CB9063B943D62D132FA5D9770C1CC86DA7","","False","","145","False",".js","NOT_REQUIRED","","","NOT_CHECKED","NOT_REQUIRED","False",""
".runtime/n8n/.cache/n8n/public/assets/WorkflowExecutionsView-legacy-EE1Q12PH.js","RUNTIME_TRANSIENT","IGNORE_POLICY_CANDIDATE","24703","0,024","35BB3F4E7F9FC996E9CC4794B3185820E0BECFF1BD6911B66EDC5C74CF689C89","","False","","152","False",".js","NOT_REQUIRED","","","NOT_CHECKED","NOT_REQUIRED","False",""
".runtime/n8n/.cache/n8n/public/assets/WorkflowHistory-BSQdMXuJ.js","RUNTIME_TRANSIENT","IGNORE_POLICY_CANDIDATE","40420","0,039","EE2E13E3A1B1602ADF968662991E73BDC53D38562CD45563069D2C9DB43096BF","","False","","138","False",".js","NOT_REQUIRED","","","NOT_CHECKED","NOT_REQUIRED","False",""
".runtime/n8n/.cache/n8n/public/assets/WorkflowHistory-DV7NLviX.css","RUNTIME_TRANSIENT","IGNORE_POLICY_CANDIDATE","9520","0,009","1B685D4D5F6E7024A1926D0BDE59342FE421389CAEBCFC202D34E27D4325BEEE","","False","","139","False",".css","NOT_REQUIRED","","","NOT_CHECKED","NOT_REQUIRED","False",""
".runtime/n8n/.cache/n8n/public/assets/WorkflowHistory-legacy-BMEhyTYg.js","RUNTIME_TRANSIENT","IGNORE_POLICY_CANDIDATE","51139","0,049","CCF86B9E79CB7238EB61F01408E42CE7E2BD9DEF9A42759E785467E6D95E0F5A","","False","","145","False",".js","NOT_REQUIRED","","","NOT_CHECKED","NOT_REQUIRED","False",""
".runtime/n8n/.cache/n8n/public/assets/WorkflowLayout-BHgH8_L_.css","RUNTIME_TRANSIENT","IGNORE_POLICY_CANDIDATE","10582","0,01","F91907DF9B288BBDEB668FCBF36CF016766432BF6E544C5679791883FAE52EC0","","False","","138","False",".css","NOT_REQUIRED","","","NOT_CHECKED","NOT_REQUIRED","False",""
".runtime/n8n/.cache/n8n/public/assets/WorkflowLayout-BqbnyVEy.js","RUNTIME_TRANSIENT","IGNORE_POLICY_CANDIDATE","24715","0,024","F4D5059A176DD0904B6DF28A61CCCFAF50B25D70946607C4DD54AC0DAE3069E1","","False","","137","False",".js","NOT_REQUIRED","","","NOT_CHECKED","NOT_REQUIRED","False",""
".runtime/n8n/.cache/n8n/public/assets/WorkflowLayout-legacy-CuAqcXS2.js","RUNTIME_TRANSIENT","IGNORE_POLICY_CANDIDATE","36200","0,035","B7E2F0EA347F651C84EC0DAE20DB1671FB82003FCD5AB7C9314DC435F8961ECF","","False","","144","False",".js","NOT_REQUIRED","","","NOT_CHECKED","NOT_REQUIRED","False",""
".runtime/n8n/.cache/n8n/public/assets/WorkflowLocation-5FNLR0wP.js","RUNTIME_TRANSIENT","IGNORE_POLICY_CANDIDATE","4461","0,004","F8B256301358D501405823D654E18CEB4B27981737F37B6AB7BE9BCB744D83C8","","False","","139","False",".js","NOT_REQUIRED","","","NOT_CHECKED","NOT_REQUIRED","False",""
".runtime/n8n/.cache/n8n/public/assets/WorkflowLocation-IWfWz4TK.css","RUNTIME_TRANSIENT","IGNORE_POLICY_CANDIDATE","685","0,001","5CF88F7C56FAAE9F2488435C1EAE4BAD091DE61EFE96D0AD9AFEA5F961688208","","False","","140","False",".css","NOT_REQUIRED","","","NOT_CHECKED","NOT_REQUIRED","False",""
".runtime/n8n/.cache/n8n/public/assets/WorkflowLocation-legacy-BG-UM7AF.js","RUNTIME_TRANSIENT","IGNORE_POLICY_CANDIDATE","5473","0,005","D69D0B843BECB8D7DA8123341865B17A6C09A495A9AC8D80BF50010CD5B2293B","","False","","146","False",".js","NOT_REQUIRED","","","NOT_CHECKED","NOT_REQUIRED","False",""
".runtime/n8n/.cache/n8n/public/assets/WorkflowOnboardingView-BF6btqLn.js","RUNTIME_TRANSIENT","IGNORE_POLICY_CANDIDATE","1824","0,002","77029A68824DCE86E33B4AF3F5CFA5DC44C2922E80F2F58D3A825C74D58EAC28","","False","","145","False",".js","NOT_REQUIRED","","","NOT_CHECKED","NOT_REQUIRED","False",""
".runtime/n8n/.cache/n8n/public/assets/WorkflowOnboardingView-legacy-CpFA3n7d.js","RUNTIME_TRANSIENT","IGNORE_POLICY_CANDIDATE","2047","0,002","D58183526FF84DCE88D83C354AD817630580048ADBBE835501727A886112F760","","False","","152","False",".js","NOT_REQUIRED","","","NOT_CHECKED","NOT_REQUIRED","False",""
".runtime/n8n/.cache/n8n/public/assets/WorkflowPreviewHost-B2weEwtk.js","RUNTIME_TRANSIENT","IGNORE_POLICY_CANDIDATE","2339","0,002","8A9E68E6FFA4BEFD0C3957BD93194A6094F197C2A5F04ADC17785F783EC70362","","False","","142","False",".js","NOT_REQUIRED","","","NOT_CHECKED","NOT_REQUIRED","False",""
".runtime/n8n/.cache/n8n/public/assets/WorkflowPreviewHost-legacy-BkVCxLnI.js","RUNTIME_TRANSIENT","IGNORE_POLICY_CANDIDATE","2916","0,003","7F0BFB759BA17E72BFF7E7EAE26A3BE4C1E126438D309A3C33FBFDB25AF6BA4E","","False","","149","False",".js","NOT_REQUIRED","","","NOT_CHECKED","NOT_REQUIRED","False",""
".runtime/n8n/.cache/n8n/public/assets/WorkflowPreviewHost-viydtbHu.css","RUNTIME_TRANSIENT","IGNORE_POLICY_CANDIDATE","229","0","8D9969D2FAA7AF021C14880A907DBFFE5EA7AAE839431E106CC7C3335B9E3E50","","False","","143","False",".css","NOT_REQUIRED","","","NOT_CHECKED","NOT_REQUIRED","False",""
".runtime/n8n/.cache/n8n/public/assets/WorkflowReviewRequestsView-8Sb9I6cE.css","RUNTIME_TRANSIENT","IGNORE_POLICY_CANDIDATE","3130","0,003","E20A653B8C18674DF94804CBA05FD7632DD7E24E0AC2E8F5C2C759AC258B7EC2","","False","","150","False",".css","NOT_REQUIRED","","","NOT_CHECKED","NOT_REQUIRED","False",""
".runtime/n8n/.cache/n8n/public/assets/WorkflowReviewRequestsView-IdoJbQ0_.js","RUNTIME_TRANSIENT","IGNORE_POLICY_CANDIDATE","11173","0,011","35EF6B9347093B27C2F1DDA4454ECC8A3683246B5175519845A8AA0B5F9E6D8D","","False","","149","False",".js","NOT_REQUIRED","","","NOT_CHECKED","NOT_REQUIRED","False",""
".runtime/n8n/.cache/n8n/public/assets/WorkflowReviewRequestsView-legacy-YOJgW9eT.js","RUNTIME_TRANSIENT","IGNORE_POLICY_CANDIDATE","14796","0,014","36E988A316114EAB1296B734EEAF1F37579D882B33F2609C793D2470EAAB5E4F","","False","","156","False",".js","NOT_REQUIRED","","","NOT_CHECKED","NOT_REQUIRED","False",""
".runtime/n8n/.cache/n8n/public/assets/WorkflowTagsDropdown-R3s5Ms7o.js","RUNTIME_TRANSIENT","IGNORE_POLICY_CANDIDATE","1875","0,002","826EE0958A4ABAAE19F6D6B87C9F848E1B9F5FB9EC111C6BC436EB72F3E1662F","","False","","143","False",".js","NOT_REQUIRED","","","NOT_CHECKED","NOT_REQUIRED","False",""
".runtime/n8n/.cache/n8n/public/assets/WorkflowTagsDropdown-legacy-BMwbdBQE.js","RUNTIME_TRANSIENT","IGNORE_POLICY_CANDIDATE","2083","0,002","89A67341879720315B4B7BFB250DA2ACB814881DB5B2B254C81E74411F307613","","False","","150","False",".js","NOT_REQUIRED","","","NOT_CHECKED","NOT_REQUIRED","False",""
".runtime/n8n/.cache/n8n/public/assets/WorkflowsView-CVKIjaHt.css","RUNTIME_TRANSIENT","IGNORE_POLICY_CANDIDATE","21119","0,02","53F2BC4E5DE9C0CCCC38A570E3BD7F6A9F627E49B6C51248675F21D3522847A8","","False","","137","False",".css","NOT_REQUIRED","","","NOT_CHECKED","NOT_REQUIRED","False",""
".runtime/n8n/.cache/n8n/public/assets/WorkflowsView-legacy-DM9sDTk4.js","RUNTIME_TRANSIENT","IGNORE_POLICY_CANDIDATE","125303","0,119","F80B1E7C617A4B01F9F3CBA27A54306065FF9CD7FBA6568B078BB0B5887C9497","","False","","143","False",".js","NOT_REQUIRED","","","NOT_CHECKED","NOT_REQUIRED","False",""
".runtime/n8n/.cache/n8n/public/assets/WorkflowsView-nJNaK8VU.js","RUNTIME_TRANSIENT","IGNORE_POLICY_CANDIDATE","102611","0,098","340872432A010D880702338D35C002E6CDE6CF2F40E4EB4FD08442F7B107A919","","False","","136","False",".js","NOT_REQUIRED","","","NOT_CHECKED","NOT_REQUIRED","False",""
".runtime/n8n/.cache/n8n/public/assets/_MapCache-BRJ6_vGc.js","RUNTIME_TRANSIENT","IGNORE_POLICY_CANDIDATE","656002","0,626","71D0A36C72F590FAA81A412B44EAB80B01EA8C69E3B57232F008649F073EE5C0","","False","","132","False",".js","NOT_REQUIRED","","","NOT_CHECKED","NOT_REQUIRED","False",""
".runtime/n8n/.cache/n8n/public/assets/_MapCache-legacy-DEYvlvnv.js","RUNTIME_TRANSIENT","IGNORE_POLICY_CANDIDATE","655862","0,625","585FCDBC5694932917EB6E7105B222147FE1DA463FBA1DE8F6C3DC597CDB0A90","","False","","139","False",".js","NOT_REQUIRED","","","NOT_CHECKED","NOT_REQUIRED","False",""
".runtime/n8n/.cache/n8n/public/assets/__vite-browser-external-UacuFZX_.js","RUNTIME_TRANSIENT","IGNORE_POLICY_CANDIDATE","665","0,001","400957A236CB888081E56B6D8FADA5C96BB2980FB57B78B33862EC819E6D80F1","","False","","146","False",".js","NOT_REQUIRED","","","NOT_CHECKED","NOT_REQUIRED","False",""
".runtime/n8n/.cache/n8n/public/assets/__vite-browser-external-legacy-CLKu8Awv.js","RUNTIME_TRANSIENT","IGNORE_POLICY_CANDIDATE","810","0,001","547907C9F9F482EEAF56048DB7D079D6CF372C6033DE1753830291C39CA3372C","","False","","153","False",".js","NOT_REQUIRED","","","NOT_CHECKED","NOT_REQUIRED","False",""
".runtime/n8n/.cache/n8n/public/assets/_baseOrderBy-90DMdYc7.js","RUNTIME_TRANSIENT","IGNORE_POLICY_CANDIDATE","2162","0,002","411023FD7C7859BD64971EC3CD6E8D79451D9CB601848354B7DFE7097753A5C7","","False","","135","False",".js","NOT_REQUIRED","","","NOT_CHECKED","NOT_REQUIRED","False",""
".runtime/n8n/.cache/n8n/public/assets/_baseOrderBy-legacy-CEpuz_se.js","RUNTIME_TRANSIENT","IGNORE_POLICY_CANDIDATE","2353","0,002","EAD39DF5D9C1B02E4DC48E369A694EDA7CA0B5B5AC8FA968F2F73494CFC4B9F7","","False","","142","False",".js","NOT_REQUIRED","","","NOT_CHECKED","NOT_REQUIRED","False",""
".runtime/n8n/.cache/n8n/public/assets/_initCloneObject-D4X8bigL.js","RUNTIME_TRANSIENT","IGNORE_POLICY_CANDIDATE","2029","0,002","8A4DC2CFF5C5D51AC93034B11205922A6C200999F8FA55DC1B3EECD5B0BF6366","","False","","139","False",".js","NOT_REQUIRED","","","NOT_CHECKED","NOT_REQUIRED","False",""
".runtime/n8n/.cache/n8n/public/assets/_initCloneObject-legacy-3ZdU7Wbz.js","RUNTIME_TRANSIENT","IGNORE_POLICY_CANDIDATE","2164","0,002","2AC099F1AA6018FB8248B80FD0B659FA6FC417B6313A25C88F5421B495D0DF7F","","False","","146","False",".js","NOT_REQUIRED","","","NOT_CHECKED","NOT_REQUIRED","False",""
".runtime/n8n/.cache/n8n/public/assets/_plugin-vue_export-helper-BIbS6m_g.js","RUNTIME_TRANSIENT","IGNORE_POLICY_CANDIDATE","605","0,001","6FA2A605B3DCEDF072BEA74CC06638B9529B575B742F745253DEFA35EE09B9E8","","False","","148","False",".js","NOT_REQUIRED","","","NOT_CHECKED","NOT_REQUIRED","False",""
".runtime/n8n/.cache/n8n/public/assets/_plugin-vue_export-helper-legacy-UtUisl6c.js","RUNTIME_TRANSIENT","IGNORE_POLICY_CANDIDATE","732","0,001","24B0CC75B210A4BACEAF70B9B1331056F33B418C04783D42D5BFDC893864768F","","False","","155","False",".js","NOT_REQUIRED","","","NOT_CHECKED","NOT_REQUIRED","False",""
".runtime/n8n/.cache/n8n/public/assets/agent-panel-DyWV4YF1.css","RUNTIME_TRANSIENT","IGNORE_POLICY_CANDIDATE","309","0","DA818B1836C3FA6F997A1AD3AF88BFC0ABDA426D90F74E5463E713C441F2F8D8","","False","","135","False",".css","NOT_REQUIRED","","","NOT_CHECKED","NOT_REQUIRED","False",""
".runtime/n8n/.cache/n8n/public/assets/agent-panel.module-CuK4wWEf.js","RUNTIME_TRANSIENT","IGNORE_POLICY_CANDIDATE","723","0,001","5E74BB3AAD0C4E7FAA278E6588654456B7A42F45A59CFD2D9C273C1254A8D3F9","","False","","141","False",".js","NOT_REQUIRED","","","NOT_CHECKED","NOT_REQUIRED","False",""
".runtime/n8n/.cache/n8n/public/assets/agent-panel.module-legacy-BEKOZESx.js","RUNTIME_TRANSIENT","IGNORE_POLICY_CANDIDATE","1259","0,001","597ABBDEEAED90B1CD5372BD72E99D861744F35E494BC77A95BBA46B6E5B10C5","","False","","148","False",".js","NOT_REQUIRED","","","NOT_CHECKED","NOT_REQUIRED","False",""
".runtime/n8n/.cache/n8n/public/assets/agentReturnContext.store-CA5E5_W-.js","RUNTIME_TRANSIENT","IGNORE_POLICY_CANDIDATE","833","0,001","DE217D3B037D3E05DDD6E3DA607DD39FF8C27EA9F615E9FEEC4053FB7B855B56","","False","","147","False",".js","NOT_REQUIRED","","","NOT_CHECKED","NOT_REQUIRED","False",""
".runtime/n8n/.cache/n8n/public/assets/agentReturnContext.store-legacy-2Gd8bg8q.js","RUNTIME_TRANSIENT","IGNORE_POLICY_CANDIDATE","981","0,001","F40350A5B27611AA18013030F67B285592E2C7DD39100DCE25E01C66958B0BB2","","False","","154","False",".js","NOT_REQUIRED","","","NOT_CHECKED","NOT_REQUIRED","False",""
".runtime/n8n/.cache/n8n/public/assets/agentSkill-CvjZ9mbf.js","RUNTIME_TRANSIENT","IGNORE_POLICY_CANDIDATE","2803","0,003","B594D65DB1DC54734861E1EA86C05EA27CE3EB6465DE10D235127C69886688BA","","False","","133","False",".js","NOT_REQUIRED","","","NOT_CHECKED","NOT_REQUIRED","False",""
".runtime/n8n/.cache/n8n/public/assets/agentSkill-Dr3BEwIG.css","RUNTIME_TRANSIENT","IGNORE_POLICY_CANDIDATE","3093","0,003","D3C9CF223E34B84C778E07AEE9AB524DD2D60C22331BBB729BA5B6D82582B5EE","","False","","134","False",".css","NOT_REQUIRED","","","NOT_CHECKED","NOT_REQUIRED","False",""
".runtime/n8n/.cache/n8n/public/assets/agentSkill-legacy-CkI6k02K.js","RUNTIME_TRANSIENT","IGNORE_POLICY_CANDIDATE","6197","0,006","1E5A73A0237D606AE6143CE21E862EFF4C4575681F6265AF0ADC2B0EAA17F91E","","False","","140","False",".js","NOT_REQUIRED","","","NOT_CHECKED","NOT_REQUIRED","False",""
".runtime/n8n/.cache/n8n/public/assets/aiTemplatesStarterCollection.store-Br-2YBoL.js","RUNTIME_TRANSIENT","IGNORE_POLICY_CANDIDATE","15444","0,015","8EF06A5C24D0663C017700F479712DDA588678DCE4DDAE921FA48E5C0ABAB718","","False","","157","False",".js","NOT_REQUIRED","","","NOT_CHECKED","NOT_REQUIRED","False",""
".runtime/n8n/.cache/n8n/public/assets/aiTemplatesStarterCollection.store-legacy-CDxQteQq.js","RUNTIME_TRANSIENT","IGNORE_POLICY_CANDIDATE","15749","0,015","1B6085369A60C35C7C2D305F783EA94776A82FAE40DE036BF4CCF00F26CBE295","","False","","164","False",".js","NOT_REQUIRED","","","NOT_CHECKED","NOT_REQUIRED","False",""
".runtime/n8n/.cache/n8n/public/assets/apiKeys.store-BAzkWgqb.js","RUNTIME_TRANSIENT","IGNORE_POLICY_CANDIDATE","4034","0,004","2896F3655CF4F26D46C4CF08A094E1AF27CA02961C31E603E586CD6894DECDBE","","False","","136","False",".js","NOT_REQUIRED","","","NOT_CHECKED","NOT_REQUIRED","False",""
".runtime/n8n/.cache/n8n/public/assets/apiKeys.store-legacy-BN10JtB7.js","RUNTIME_TRANSIENT","IGNORE_POLICY_CANDIDATE","4302","0,004","D54FCAEBF2326031815773367FACD980A13A23BE1D26D88E943280D1A099272F","","False","","143","False",".js","NOT_REQUIRED","","","NOT_CHECKED","NOT_REQUIRED","False",""
".runtime/n8n/.cache/n8n/public/assets/assert-Dy6-I0E4.js","RUNTIME_TRANSIENT","IGNORE_POLICY_CANDIDATE","637","0,001","57990403B475D9BB29D58588D21CC6C3A644628DBF6FA872D7B8ECB7F8081093","","False","","129","False",".js","NOT_REQUIRED","","","NOT_CHECKED","NOT_REQUIRED","False",""
".runtime/n8n/.cache/n8n/public/assets/assert-legacy-DKEM-KhQ.js","RUNTIME_TRANSIENT","IGNORE_POLICY_CANDIDATE","777","0,001","EA58E5EC21C2BE3F4C8B2BB236AA294B5D6CF7436F8546E69C5A56FBE69E20CA","","False","","136","False",".js","NOT_REQUIRED","","","NOT_CHECKED","NOT_REQUIRED","False",""
".runtime/n8n/.cache/n8n/public/assets/assistant.store-DIalJF4K.js","RUNTIME_TRANSIENT","IGNORE_POLICY_CANDIDATE","10600","0,01","BE1DCF2DD76D5EBA6269083715C3FAB9D59C33DB5D4A6DFFB9EC53AC63FD194D","","False","","138","False",".js","NOT_REQUIRED","","","NOT_CHECKED","NOT_REQUIRED","False",""
".runtime/n8n/.cache/n8n/public/assets/assistant.store-legacy-BQ1QFCiK.js","RUNTIME_TRANSIENT","IGNORE_POLICY_CANDIDATE","11032","0,011","5303EFEE6A59F703A17A2B9409BDAAD04ADB4C3BCE2871D3E616E75639BE89A3","","False","","145","False",".js","NOT_REQUIRED","","","NOT_CHECKED","NOT_REQUIRED","False",""
".runtime/n8n/.cache/n8n/public/assets/auth.eventBus-BGtUXgcE.js","RUNTIME_TRANSIENT","IGNORE_POLICY_CANDIDATE","652","0,001","0C25AAC746423BF2EC0EDC5CB307261BF6CB29B315BE0C136548AB3235347F38","","False","","136","False",".js","NOT_REQUIRED","","","NOT_CHECKED","NOT_REQUIRED","False",""
".runtime/n8n/.cache/n8n/public/assets/auth.eventBus-legacy-CCXVbNHw.js","RUNTIME_TRANSIENT","IGNORE_POLICY_CANDIDATE","803","0,001","C57223F9267C5749457D8EB34FD6D86DB95C0B663AA8473A6326703FEC4BBCF8","","False","","143","False",".js","NOT_REQUIRED","","","NOT_CHECKED","NOT_REQUIRED","False",""
".runtime/n8n/.cache/n8n/public/assets/banners-CfXPQxke.css","RUNTIME_TRANSIENT","IGNORE_POLICY_CANDIDATE","422","0","479400734907B77B76C486FCEBDB7E5DBEAAC4AFD5D148F7DE793073D8A5B1AA","","False","","131","False",".css","NOT_REQUIRED","","","NOT_CHECKED","NOT_REQUIRED","False",""
".runtime/n8n/.cache/n8n/public/assets/banners.store-CXuJz6Il.js","RUNTIME_TRANSIENT","IGNORE_POLICY_CANDIDATE","4414","0,004","BE9EE2A7915D1D08EEF47515BA905D3CDCC0275FDBEC555C92AA567CFB870641","","False","","136","False",".js","NOT_REQUIRED","","","NOT_CHECKED","NOT_REQUIRED","False",""
".runtime/n8n/.cache/n8n/public/assets/banners.store-legacy-DOoSfkM7.js","RUNTIME_TRANSIENT","IGNORE_POLICY_CANDIDATE","5226","0,005","761CF4A2EB762D2845B1537A785308BE75D9D31780A8F18410518D0EDB5C9BD8","","False","","143","False",".js","NOT_REQUIRED","","","NOT_CHECKED","NOT_REQUIRED","False",""
".runtime/n8n/.cache/n8n/public/assets/builder.store-CpIyMrZG.js","RUNTIME_TRANSIENT","IGNORE_POLICY_CANDIDATE","46379","0,044","22203E2570967761C9E2B197AA099388399324222603AA4FC6EAF1FB124B5D86","","False","","136","False",".js","NOT_REQUIRED","","","NOT_CHECKED","NOT_REQUIRED","False",""
".runtime/n8n/.cache/n8n/public/assets/builder.store-legacy-DxfOc1tq.js","RUNTIME_TRANSIENT","IGNORE_POLICY_CANDIDATE","47501","0,045","8D7CC266D59C117E23CAB1076FC573FBE8120127A503ECEAECA9702AB5DC52F9","","False","","143","False",".js","NOT_REQUIRED","","","NOT_CHECKED","NOT_REQUIRED","False",""
".runtime/n8n/.cache/n8n/public/assets/buttons.esm-DhaYnsl4.js","RUNTIME_TRANSIENT","IGNORE_POLICY_CANDIDATE","19230","0,018","4CD899B74C734CF46FAB3D31E3A912F66C23C0C4AB08EAB4AB2EEED99B670A89","","False","","134","False",".js","NOT_REQUIRED","","","NOT_CHECKED","NOT_REQUIRED","False",""
".runtime/n8n/.cache/n8n/public/assets/buttons.esm-legacy-CQpG39Yr.js","RUNTIME_TRANSIENT","IGNORE_POLICY_CANDIDATE","19500","0,019","5E1C284387E63E26F9FFD83C2EB1C3147078BB58278DA9202D4A9AD1CB5EEDFC","","False","","141","False",".js","NOT_REQUIRED","","","NOT_CHECKED","NOT_REQUIRED","False",""
".runtime/n8n/.cache/n8n/public/assets/canvas.eventBus-DVxFfzo7.js","RUNTIME_TRANSIENT","IGNORE_POLICY_CANDIDATE","76517","0,073","FFE3CD1B2E59701959C7EA30251F2F0EB44288D8576B726AB8BCB67DE76FA2CB","","False","","138","False",".js","NOT_REQUIRED","","","NOT_CHECKED","NOT_REQUIRED","False",""
".runtime/n8n/.cache/n8n/public/assets/canvas.eventBus-legacy-CofDUTaE.js","RUNTIME_TRANSIENT","IGNORE_POLICY_CANDIDATE","77181","0,074","4F02B26B97EA213994C8D91191FAD02ECA67FAB82FC3C495CB6890DB0E66197E","","False","","145","False",".js","NOT_REQUIRED","","","NOT_CHECKED","NOT_REQUIRED","False",""
".runtime/n8n/.cache/n8n/public/assets/chart-Vy0J7OyC.js","RUNTIME_TRANSIENT","IGNORE_POLICY_CANDIDATE","177902","0,17","1F53DABDF4D8CDC15897D938D48ABB275E0DC50F90DEB34DFB8585A82BC3DE06","","False","","128","False",".js","NOT_REQUIRED","","","NOT_CHECKED","NOT_REQUIRED","False",""
".runtime/n8n/.cache/n8n/public/assets/chart-legacy-D5ztAZTI.js","RUNTIME_TRANSIENT","IGNORE_POLICY_CANDIDATE","168695","0,161","37E2AA76848FE14AC296B23914C31C2B9D669EBEFF747DAE4E5654FD83C6B851","","False","","135","False",".js","NOT_REQUIRED","","","NOT_CHECKED","NOT_REQUIRED","False",""
".runtime/n8n/.cache/n8n/public/assets/chartjs.utils-legacy-KND2m2h0.js","RUNTIME_TRANSIENT","IGNORE_POLICY_CANDIDATE","3190","0,003","772CAAE19B5270CB9338E6F6D119D21433C9ECDFE9D7BC9294D21B1630265CC9","","False","","143","False",".js","NOT_REQUIRED","","","NOT_CHECKED","NOT_REQUIRED","False",""
".runtime/n8n/.cache/n8n/public/assets/chartjs.utils-pFc_Pb25.js","RUNTIME_TRANSIENT","IGNORE_POLICY_CANDIDATE","3034","0,003","66D3A5018D39BD40325207420BEBECF67424A6B75387052550991FBE81DAB552","","False","","136","False",".js","NOT_REQUIRED","","","NOT_CHECKED","NOT_REQUIRED","False",""
".runtime/n8n/.cache/n8n/public/assets/chat.store-BLJrCPXi.js","RUNTIME_TRANSIENT","IGNORE_POLICY_CANDIDATE","24521","0,023","5195CC6E097AD33C8E03DA7A9061F9EE4FD2AED5881324F788CA664ED4330E72","","False","","133","False",".js","NOT_REQUIRED","","","NOT_CHECKED","NOT_REQUIRED","False",""
".runtime/n8n/.cache/n8n/public/assets/chat.store-legacy-BVrz4OJ7.js","RUNTIME_TRANSIENT","IGNORE_POLICY_CANDIDATE","25169","0,024","F360436F07272E3A4B69FBA0903D2EC6B29F1C0AA9AB48B1E7F8EC5F272D5FE9","","False","","140","False",".js","NOT_REQUIRED","","","NOT_CHECKED","NOT_REQUIRED","False",""
".runtime/n8n/.cache/n8n/public/assets/chat.utils-C_j5onuO.js","RUNTIME_TRANSIENT","IGNORE_POLICY_CANDIDATE","6716","0,006","34FD27CC29D9D2ABC00EE801A12C030F1C70E91BB0C8BBAEFF79B37771F2A0DD","","False","","133","False",".js","NOT_REQUIRED","","","NOT_CHECKED","NOT_REQUIRED","False",""
".runtime/n8n/.cache/n8n/public/assets/chat.utils-legacy-5Vehu51Z.js","RUNTIME_TRANSIENT","IGNORE_POLICY_CANDIDATE","6806","0,006","59A9F1F51DA435630D23905E01599E96AC3755D2F9C166B11D0E4B3A9A087149","","False","","140","False",".js","NOT_REQUIRED","","","NOT_CHECKED","NOT_REQUIRED","False",""
".runtime/n8n/.cache/n8n/public/assets/chatHubPanel.store-cb4Q2Hb_.js","RUNTIME_TRANSIENT","IGNORE_POLICY_CANDIDATE","1584","0,002","D4891CDBF020A539602BA7044DCC52DAD3FD3D8D423F6D69E93EEF046163ADD6","","False","","141","False",".js","NOT_REQUIRED","","","NOT_CHECKED","NOT_REQUIRED","False",""
".runtime/n8n/.cache/n8n/public/assets/chatHubPanel.store-legacy-B1_9td93.js","RUNTIME_TRANSIENT","IGNORE_POLICY_CANDIDATE","1809","0,002","481525102AE796BCD65D60AEDEB66AD09B56A3614645BDE98B0139408F5477EF","","False","","148","False",".js","NOT_REQUIRED","","","NOT_CHECKED","NOT_REQUIRED","False",""
".runtime/n8n/.cache/n8n/public/assets/chatPanel.store-BI9x9_Rd.js","RUNTIME_TRANSIENT","IGNORE_POLICY_CANDIDATE","3844","0,004","06338AD6ABB340659B655697D0DD02FF6369B01A584C9752ACC786A4258B367B","","False","","138","False",".js","NOT_REQUIRED","","","NOT_CHECKED","NOT_REQUIRED","False",""
".runtime/n8n/.cache/n8n/public/assets/chatPanel.store-legacy-Dr2h2DTQ.js","RUNTIME_TRANSIENT","IGNORE_POLICY_CANDIDATE","4148","0,004","3E9B56ED1A0F3B7276B41796038B6D8AF9D8A669007983D1291484A11B6457FA","","False","","145","False",".js","NOT_REQUIRED","","","NOT_CHECKED","NOT_REQUIRED","False",""
".runtime/n8n/.cache/n8n/public/assets/chunk-CP4DzEB8.js","RUNTIME_TRANSIENT","IGNORE_POLICY_CANDIDATE","1728","0,002","0DC0EC495226A58FD761814DD04608D7CA4217291803A94D6181EEF236655241","","False","","128","False",".js","NOT_REQUIRED","","","NOT_CHECKED","NOT_REQUIRED","False",""
".runtime/n8n/.cache/n8n/public/assets/chunk-legacy-C3IUIlwT.js","RUNTIME_TRANSIENT","IGNORE_POLICY_CANDIDATE","1903","0,002","0452F2D736A7B0F5D219D1CF8F9A8FD3BDCB56DBC69E05D6067B0AE55AA52DC6","","False","","135","False",".js","NOT_REQUIRED","","","NOT_CHECKED","NOT_REQUIRED","False",""
".runtime/n8n/.cache/n8n/public/assets/clients.utils-Cjvhmaqm.js","RUNTIME_TRANSIENT","IGNORE_POLICY_CANDIDATE","8532","0,008","E29C270D3053935E46CD3462C0508E2FB35F93F932D10312D4E3269EE57B5500","","False","","136","False",".js","NOT_REQUIRED","","","NOT_CHECKED","NOT_REQUIRED","False",""
".runtime/n8n/.cache/n8n/public/assets/clients.utils-legacy-ChMdnKbN.js","RUNTIME_TRANSIENT","IGNORE_POLICY_CANDIDATE","8708","0,008","8F3611CC63D9AEAD27CC3BC1D148D2839A8A7A038237D5873C8D97F84FBF39E8","","False","","143","False",".js","NOT_REQUIRED","","","NOT_CHECKED","NOT_REQUIRED","False",""
".runtime/n8n/.cache/n8n/public/assets/cloudPlan.store-DkVoR2hh.js","RUNTIME_TRANSIENT","IGNORE_POLICY_CANDIDATE","4763","0,005","C5D40D4E5C4ABFC403EAE102F73166DABF7AAC085743757DD24B3A3D13C4D6BE","","False","","138","False",".js","NOT_REQUIRED","","","NOT_CHECKED","NOT_REQUIRED","False",""
".runtime/n8n/.cache/n8n/public/assets/cloudPlan.store-legacy-rLTmRlh8.js","RUNTIME_TRANSIENT","IGNORE_POLICY_CANDIDATE","5016","0,005","6CADC31DCD0C876531D5165B33CB41EA9833BB0587EAB766FBBDD2E3D61022CD","","False","","145","False",".js","NOT_REQUIRED","","","NOT_CHECKED","NOT_REQUIRED","False",""
".runtime/n8n/.cache/n8n/public/assets/col-BE31EAIT.js","RUNTIME_TRANSIENT","IGNORE_POLICY_CANDIDATE","2844","0,003","9E98D59D39F9AD15325FFF8563AD713273D6247BFFEA2527DCF7D2839C014A10","","False","","126","False",".js","NOT_REQUIRED","","","NOT_CHECKED","NOT_REQUIRED","False",""
".runtime/n8n/.cache/n8n/public/assets/col-legacy-D-85WeTh.js","RUNTIME_TRANSIENT","IGNORE_POLICY_CANDIDATE","3069","0,003","B871AE79A90D3727D49F60EDB15477CB8DA6B5A1846B10DCE259B43246F5BDAA","","False","","133","False",".js","NOT_REQUIRED","","","NOT_CHECKED","NOT_REQUIRED","False",""
".runtime/n8n/.cache/n8n/public/assets/collaboration.store-BOrDqnbB.js","RUNTIME_TRANSIENT","IGNORE_POLICY_CANDIDATE","5748","0,005","226E883EB5CF3ADE80B70519A661DB80382A27E343374EEFEBA66E8AF1F75BE4","","False","","142","False",".js","NOT_REQUIRED","","","NOT_CHECKED","NOT_REQUIRED","False",""
".runtime/n8n/.cache/n8n/public/assets/collaboration.store-legacy-Bf95gT2d.js","RUNTIME_TRANSIENT","IGNORE_POLICY_CANDIDATE","6006","0,006","90B443234803833B1D882F7BBAB013508431C00B894B4B079BF6A8E36BC7188F","","False","","149","False",".js","NOT_REQUIRED","","","NOT_CHECKED","NOT_REQUIRED","False",""
".runtime/n8n/.cache/n8n/public/assets/comlink-BEIGzzCa.js","RUNTIME_TRANSIENT","IGNORE_POLICY_CANDIDATE","4439","0,004","49EAEC92A80E781211C1110779D68D7E0D718B0D98E2E7F78C4E71983E2785C1","","False","","130","False",".js","NOT_REQUIRED","","","NOT_CHECKED","NOT_REQUIRED","False",""
".runtime/n8n/.cache/n8n/public/assets/comlink-legacy-Pe-Vo1uV.js","RUNTIME_TRANSIENT","IGNORE_POLICY_CANDIDATE","4669","0,004","8D9D65D58D16C5704479953956540A75FEBF0AE7E0ADD0B8E9ABFAB143DB38F0","","False","","137","False",".js","NOT_REQUIRED","","","NOT_CHECKED","NOT_REQUIRED","False",""
".runtime/n8n/.cache/n8n/public/assets/communityNodes.store-Bo2cqj2e.js","RUNTIME_TRANSIENT","IGNORE_POLICY_CANDIDATE","1809","0,002","EB2DF69513127118A31EDE547C2F5684A8B3C1EBF44BE07F7CE55B47F8AA7CE4","","False","","143","False",".js","NOT_REQUIRED","","","NOT_CHECKED","NOT_REQUIRED","False",""
".runtime/n8n/.cache/n8n/public/assets/communityNodes.store-legacy-kJaGXVdY.js","RUNTIME_TRANSIENT","IGNORE_POLICY_CANDIDATE","1999","0,002","A459F7BBD0FF6927EB640120564C32E5A4262AA397F78C48ECB9AD8E723CD39D","","False","","150","False",".js","NOT_REQUIRED","","","NOT_CHECKED","NOT_REQUIRED","False",""
".runtime/n8n/.cache/n8n/public/assets/constants-BbpwShMQ.js","RUNTIME_TRANSIENT","IGNORE_POLICY_CANDIDATE","1088","0,001","E345613EB5580665A96B09D067A78A78813F7CEC24F38DDF869E03E10D3A78FC","","False","","132","False",".js","NOT_REQUIRED","","","NOT_CHECKED","NOT_REQUIRED","False",""
".runtime/n8n/.cache/n8n/public/assets/constants-CAEgX1wy.js","RUNTIME_TRANSIENT","IGNORE_POLICY_CANDIDATE","1490","0,001","95EC7013DDBEF41D0291C66CD3048212483C2E285A56E4D1F64DAF2063BDCB27","","False","","132","False",".js","NOT_REQUIRED","","","NOT_CHECKED","NOT_REQUIRED","False",""
".runtime/n8n/.cache/n8n/public/assets/constants-Csw9DUx3.js","RUNTIME_TRANSIENT","IGNORE_POLICY_CANDIDATE","618","0,001","8658C8034168196D079B6BA9394597704EC92EB8C418668FBDC5749826C9417C","","False","","132","False",".js","NOT_REQUIRED","","","NOT_CHECKED","NOT_REQUIRED","False",""
".runtime/n8n/.cache/n8n/public/assets/constants-D9DIHKSr.js","RUNTIME_TRANSIENT","IGNORE_POLICY_CANDIDATE","8856","0,008","6C8E3A03ED310B101B45A7E5D88B7109F73C5F00329753BF0B5D7DC67C033923","","False","","132","False",".js","NOT_REQUIRED","","","NOT_CHECKED","NOT_REQUIRED","False",""
".runtime/n8n/.cache/n8n/public/assets/constants-DQf3gXmi.js","RUNTIME_TRANSIENT","IGNORE_POLICY_CANDIDATE","18946","0,018","05F3CD7AD8FA4C82DB57E048FC7D0A2588070642BBF50749C848F480213FD09F","","False","","132","False",".js","NOT_REQUIRED","","","NOT_CHECKED","NOT_REQUIRED","False",""
".runtime/n8n/.cache/n8n/public/assets/constants-DdhF5YMH.js","RUNTIME_TRANSIENT","IGNORE_POLICY_CANDIDATE","620","0,001","C927EBF64C21E0463A5E14FE15C785B01BBC89DA84A195142ACC0B6B3504E0EB","","False","","132","False",".js","NOT_REQUIRED","","","NOT_CHECKED","NOT_REQUIRED","False",""
".runtime/n8n/.cache/n8n/public/assets/constants-lCu3CfHM.js","RUNTIME_TRANSIENT","IGNORE_POLICY_CANDIDATE","651","0,001","53D6807293B34F462B3414BC0849087E7469E19BE2DC87F12F59A73873FABE16","","False","","132","False",".js","NOT_REQUIRED","","","NOT_CHECKED","NOT_REQUIRED","False",""
".runtime/n8n/.cache/n8n/public/assets/constants-legacy-BOSLudx-.js","RUNTIME_TRANSIENT","IGNORE_POLICY_CANDIDATE","18578","0,018","85EDFF314BD19E153B6235C670B37A45B5537884DD5BF9DC36A2A42384FF9953","","False","","139","False",".js","NOT_REQUIRED","","","NOT_CHECKED","NOT_REQUIRED","False",""
".runtime/n8n/.cache/n8n/public/assets/constants-legacy-CFhf9_hH.js","RUNTIME_TRANSIENT","IGNORE_POLICY_CANDIDATE","1247","0,001","8ADDFDA098C6DDAADC5384C3888786F1264BBA3658D0B1C812280A6D9FC479D9","","False","","139","False",".js","NOT_REQUIRED","","","NOT_CHECKED","NOT_REQUIRED","False",""
".runtime/n8n/.cache/n8n/public/assets/constants-legacy-CXbkPIyr.js","RUNTIME_TRANSIENT","IGNORE_POLICY_CANDIDATE","748","0,001","7B3B29F4702F998D278FA15A07EE81484FA36245D9283A3D103236E3A33B123B","","False","","139","False",".js","NOT_REQUIRED","","","NOT_CHECKED","NOT_REQUIRED","False",""
".runtime/n8n/.cache/n8n/public/assets/constants-legacy-DRcPzkw-.js","RUNTIME_TRANSIENT","IGNORE_POLICY_CANDIDATE","777","0,001","FC630610974808207802E6CFE28EE148CC486046F5675999E84902A8701CE732","","False","","139","False",".js","NOT_REQUIRED","","","NOT_CHECKED","NOT_REQUIRED","False",""
".runtime/n8n/.cache/n8n/public/assets/constants-legacy-DuDKbsL-.js","RUNTIME_TRANSIENT","IGNORE_POLICY_CANDIDATE","746","0,001","84E01EDF4201B2C25046C9D0F56647A7936986EDED6A18129969D99692F503B8","","False","","139","False",".js","NOT_REQUIRED","","","NOT_CHECKED","NOT_REQUIRED","False",""
".runtime/n8n/.cache/n8n/public/assets/constants-legacy-Q6cWY-bZ.js","RUNTIME_TRANSIENT","IGNORE_POLICY_CANDIDATE","1588","0,002","958CB2491F41E69AD00C2D0EAC8B192C4286F986989B347CBD5E45B477914C9B","","False","","139","False",".js","NOT_REQUIRED","","","NOT_CHECKED","NOT_REQUIRED","False",""
".runtime/n8n/.cache/n8n/public/assets/constants-legacy-gizzBb5F.js","RUNTIME_TRANSIENT","IGNORE_POLICY_CANDIDATE","9180","0,009","40B7A416A950DB84748516E1C1AC076310C51AA297476DB768E3B555B2AA8926","","False","","139","False",".js","NOT_REQUIRED","","","NOT_CHECKED","NOT_REQUIRED","False",""
".runtime/n8n/.cache/n8n/public/assets/constants2-DOTmAGHG.js","RUNTIME_TRANSIENT","IGNORE_POLICY_CANDIDATE","2390","0,002","6FE24D2D27A65E7FB499E9EFC3254642225BCF8D2E5640E8EBCF3F6A41EAC137","","False","","133","False",".js","NOT_REQUIRED","","","NOT_CHECKED","NOT_REQUIRED","False",""
".runtime/n8n/.cache/n8n/public/assets/constants2-legacy-BrOvGHPh.js","RUNTIME_TRANSIENT","IGNORE_POLICY_CANDIDATE","2518","0,002","94D6342220C77438D03C601F3CB113EBCD3808B6891896498948CB77F0B080A5","","False","","140","False",".js","NOT_REQUIRED","","","NOT_CHECKED","NOT_REQUIRED","False",""
".runtime/n8n/.cache/n8n/public/assets/core-B3MuBeuv.js","RUNTIME_TRANSIENT","IGNORE_POLICY_CANDIDATE","20762","0,02","53D233A1F0EBC164ACC7FB5DDEBE6847993CF64D7433E6282027EB7BE3B04DDE","","False","","127","False",".js","NOT_REQUIRED","","","NOT_CHECKED","NOT_REQUIRED","False",""
".runtime/n8n/.cache/n8n/public/assets/core-W6G0peFP.js","RUNTIME_TRANSIENT","IGNORE_POLICY_CANDIDATE","673","0,001","25D28EF01095D752102137CC376BBBEFF59E2A7433D51116EC0E756F15ABE478","","False","","127","False",".js","NOT_REQUIRED","","","NOT_CHECKED","NOT_REQUIRED","False",""
".runtime/n8n/.cache/n8n/public/assets/core-legacy-CK4ju0rw.js","RUNTIME_TRANSIENT","IGNORE_POLICY_CANDIDATE","21073","0,02","9DDCF0C3EE45579E84B80EFD503C15C97D8A4FBE66C91173B782CF78F91C9C3D","","False","","134","False",".js","NOT_REQUIRED","","","NOT_CHECKED","NOT_REQUIRED","False",""
".runtime/n8n/.cache/n8n/public/assets/core-legacy-DNXYL5Pr.js","RUNTIME_TRANSIENT","IGNORE_POLICY_CANDIDATE","834","0,001","D406823F591549FCE0403127F58BA65F175A8AC9B05AA489CB313E586116C430","","False","","134","False",".js","NOT_REQUIRED","","","NOT_CHECKED","NOT_REQUIRED","False",""
".runtime/n8n/.cache/n8n/public/assets/createAgentRoute-C2zNCPBS.js","RUNTIME_TRANSIENT","IGNORE_POLICY_CANDIDATE","722","0,001","3180CB547CECD1FFFFC0D47AD903F55C76E8B25D210536C00FCE7B6EFD836CDA","","False","","139","False",".js","NOT_REQUIRED","","","NOT_CHECKED","NOT_REQUIRED","False",""
".runtime/n8n/.cache/n8n/public/assets/createAgentRoute-legacy-DqQV6E5N.js","RUNTIME_TRANSIENT","IGNORE_POLICY_CANDIDATE","880","0,001","BFA1E345BD76461EA8FE06534196AF12B6BFB85F8D553F78C107CD87B3DAA10A","","False","","146","False",".js","NOT_REQUIRED","","","NOT_CHECKED","NOT_REQUIRED","False",""
".runtime/n8n/.cache/n8n/public/assets/dataTable.store-C5Iopgzm.js","RUNTIME_TRANSIENT","IGNORE_POLICY_CANDIDATE","5211","0,005","0B4DE199E6735DDC4DEEF423EB2E60D2C7DAD371F36BF043E3A14CA9FEC2D855","","False","","138","False",".js","NOT_REQUIRED","","","NOT_CHECKED","NOT_REQUIRED","False",""
".runtime/n8n/.cache/n8n/public/assets/dataTable.store-legacy-RHxiAxb8.js","RUNTIME_TRANSIENT","IGNORE_POLICY_CANDIDATE","5504","0,005","BB82EC649C15D36B3D548CAA872557C3C69C9F8DF7D94A94EE3CDADA86F285E6","","False","","145","False",".js","NOT_REQUIRED","","","NOT_CHECKED","NOT_REQUIRED","False",""
".runtime/n8n/.cache/n8n/public/assets/date-picker-ChQFDu0Z.js","RUNTIME_TRANSIENT","IGNORE_POLICY_CANDIDATE","69918","0,067","F347E819AF5B1E81FE59D348B2D3134AF841722A6E2A3BD210666586F84993F4","","False","","134","False",".js","NOT_REQUIRED","","","NOT_CHECKED","NOT_REQUIRED","False",""
".runtime/n8n/.cache/n8n/public/assets/date-picker-legacy-BiqwnJXZ.js","RUNTIME_TRANSIENT","IGNORE_POLICY_CANDIDATE","72790","0,069","43ABA33B5AB684EE583733BE31A94568ADB04D80F0721D154B53225A2AE8221A","","False","","141","False",".js","NOT_REQUIRED","","","NOT_CHECKED","NOT_REQUIRED","False",""
".runtime/n8n/.cache/n8n/public/assets/dateFormatter-legacy-CmS_2p1X.js","RUNTIME_TRANSIENT","IGNORE_POLICY_CANDIDATE","1739","0,002","4A3DEDC431A3BC00BDD51F409FEFEEDE7EEB96E8DF5F000A4CE326C2EB29C1A1","","False","","143","False",".js","NOT_REQUIRED","","","NOT_CHECKED","NOT_REQUIRED","False",""
".runtime/n8n/.cache/n8n/public/assets/dateFormatter-vslzFFCm.js","RUNTIME_TRANSIENT","IGNORE_POLICY_CANDIDATE","1580","0,002","DEE8D9FE62EAE591CD2D728DC0F461AE076A75936E808BEA69F3D8C4B48227C0","","False","","136","False",".js","NOT_REQUIRED","","","NOT_CHECKED","NOT_REQUIRED","False",""
".runtime/n8n/.cache/n8n/public/assets/dateformat-2PYB3fXg.js","RUNTIME_TRANSIENT","IGNORE_POLICY_CANDIDATE","3611","0,003","F5CCE8722D3C0A440FF76F1A9330A8967CE32847677253D7CA11A8D16F97FAA0","","False","","133","False",".js","NOT_REQUIRED","","","NOT_CHECKED","NOT_REQUIRED","False",""
".runtime/n8n/.cache/n8n/public/assets/dateformat-legacy-Db6uIZIu.js","RUNTIME_TRANSIENT","IGNORE_POLICY_CANDIDATE","3735","0,004","D8A935B1DE86E83EC6885F34A953BEF2D3440C9BBE7B3237897CFF5B41541DCF","","False","","140","False",".js","NOT_REQUIRED","","","NOT_CHECKED","NOT_REQUIRED","False",""
".runtime/n8n/.cache/n8n/public/assets/dialog-CTlcAQ-4.js","RUNTIME_TRANSIENT","IGNORE_POLICY_CANDIDATE","7788","0,007","9DEA56749417213DABF6E3FD3E65E73CB7981804F173A29F87E41259D7C0DFB8","","False","","129","False",".js","NOT_REQUIRED","","","NOT_CHECKED","NOT_REQUIRED","False",""
".runtime/n8n/.cache/n8n/public/assets/dialog-legacy-D1Sd7pIK.js","RUNTIME_TRANSIENT","IGNORE_POLICY_CANDIDATE","8182","0,008","51853FCEDB952329EC05A1041AC5667835AC4DFD7BA56D0100F7AB9A08EBF3E7","","False","","136","False",".js","NOT_REQUIRED","","","NOT_CHECKED","NOT_REQUIRED","False",""
".runtime/n8n/.cache/n8n/public/assets/dist-6UoEx-oL.js","RUNTIME_TRANSIENT","IGNORE_POLICY_CANDIDATE","1707","0,002","B4C2E46799E7E3987DF5CE0B1FA8E31B96CC26A3B950072EDCEFC7A89CB25A8D","","False","","127","False",".js","NOT_REQUIRED","","","NOT_CHECKED","NOT_REQUIRED","False",""
".runtime/n8n/.cache/n8n/public/assets/dist-BlefRF6a.js","RUNTIME_TRANSIENT","IGNORE_POLICY_CANDIDATE","1782","0,002","8AA2223025500B56B979673F2D3670DC46DE8C77738211DA558785BE2A68D3F9","","False","","127","False",".js","NOT_REQUIRED","","","NOT_CHECKED","NOT_REQUIRED","False",""
".runtime/n8n/.cache/n8n/public/assets/dist-Cc-Vx5Tl.js","RUNTIME_TRANSIENT","IGNORE_POLICY_CANDIDATE","2375","0,002","E0EC94F3B355540C93F72D8CD846FFB64C98201136F71FC07152EF8C71BD36D5","","False","","127","False",".js","NOT_REQUIRED","","","NOT_CHECKED","NOT_REQUIRED","False",""
".runtime/n8n/.cache/n8n/public/assets/dist-legacy-1Uc7jakd.js","RUNTIME_TRANSIENT","IGNORE_POLICY_CANDIDATE","2611","0,002","1B4FFF6C97F0986700065A119CCFC076FF3E3572722ECF670453492900438C83","","False","","134","False",".js","NOT_REQUIRED","","","NOT_CHECKED","NOT_REQUIRED","False",""
".runtime/n8n/.cache/n8n/public/assets/dist-legacy-Be-0Ll85.js","RUNTIME_TRANSIENT","IGNORE_POLICY_CANDIDATE","1924","0,002","C8083EAB5C5DDC6986C68945608885D6E1B5F55F974083E664E9A85B145EC197","","False","","134","False",".js","NOT_REQUIRED","","","NOT_CHECKED","NOT_REQUIRED","False",""
".runtime/n8n/.cache/n8n/public/assets/dist-legacy-CZEj6mpD.js","RUNTIME_TRANSIENT","IGNORE_POLICY_CANDIDATE","32664","0,031","66888196EA8FFBEA2CF49F5F70EF52AF1B6610F16CDE7E636741806141D95BE6","","False","","134","False",".js","NOT_REQUIRED","","","NOT_CHECKED","NOT_REQUIRED","False",""
".runtime/n8n/.cache/n8n/public/assets/dist-legacy-di_53_hV.js","RUNTIME_TRANSIENT","IGNORE_POLICY_CANDIDATE","1871","0,002","1A9EF246E5A80FD52230BE7A543DF7BBB7C59B5721E4EF592BC161A41C651413","","False","","134","False",".js","NOT_REQUIRED","","","NOT_CHECKED","NOT_REQUIRED","False",""
".runtime/n8n/.cache/n8n/public/assets/dist-rSmoHCw0.js","RUNTIME_TRANSIENT","IGNORE_POLICY_CANDIDATE","30684","0,029","8981D7114960925A0D2D5F1A9191B48B2862C0E838138EC2BD2A83A3545B7C91","","False","","127","False",".js","NOT_REQUIRED","","","NOT_CHECKED","NOT_REQUIRED","False",""
".runtime/n8n/.cache/n8n/public/assets/dropdown-legacy-Cpt0o4bj.js","RUNTIME_TRANSIENT","IGNORE_POLICY_CANDIDATE","18350","0,017","FFB496AE0685C40231196D971F9F7680B71105D66E9B74CF5D83969128381834","","False","","138","False",".js","NOT_REQUIRED","","","NOT_CHECKED","NOT_REQUIRED","False",""
".runtime/n8n/.cache/n8n/public/assets/dropdown-ohaifpEA.js","RUNTIME_TRANSIENT","IGNORE_POLICY_CANDIDATE","17407","0,017","9DF9A6C23930794FFBCFA8D52F0531E098A8C4E917DAC877EAAA398C89DACC40","","False","","131","False",".js","NOT_REQUIRED","","","NOT_CHECKED","NOT_REQUIRED","False",""
".runtime/n8n/.cache/n8n/public/assets/durations-DJjh0gjH.js","RUNTIME_TRANSIENT","IGNORE_POLICY_CANDIDATE","1035","0,001","308A0DB568A5CD31F090D3B0B8C5B24071AB5A01D2092859B49FB97BA498E718","","False","","132","False",".js","NOT_REQUIRED","","","NOT_CHECKED","NOT_REQUIRED","False",""
".runtime/n8n/.cache/n8n/public/assets/durations-legacy-B2fySHUC.js","RUNTIME_TRANSIENT","IGNORE_POLICY_CANDIDATE","1142","0,001","F4DD5A871FE232D4EDCB2DD8F8005010D217E3FFC37964EC3ACD343A0F6CA7CA","","False","","139","False",".js","NOT_REQUIRED","","","NOT_CHECKED","NOT_REQUIRED","False",""
".runtime/n8n/.cache/n8n/public/assets/emojiData-CpVLv-dj.js","RUNTIME_TRANSIENT","IGNORE_POLICY_CANDIDATE","196492","0,187","90DD0B49F7C7CC3C31A54B23DD7BE4F11FD4A91655E15C055BD8936784471676","","False","","132","False",".js","NOT_REQUIRED","","","NOT_CHECKED","NOT_REQUIRED","False",""
".runtime/n8n/.cache/n8n/public/assets/emojiData-legacy-8NL6uOJW.js","RUNTIME_TRANSIENT","IGNORE_POLICY_CANDIDATE","196618","0,188","56110F02209F81ACF80FBC7B89394711000A30D449586B8BDA2F5A9237D7C612","","False","","139","False",".js","NOT_REQUIRED","","","NOT_CHECKED","NOT_REQUIRED","False",""
".runtime/n8n/.cache/n8n/public/assets/en-B-IkVHjb.js","RUNTIME_TRANSIENT","IGNORE_POLICY_CANDIDATE","11034","0,011","217133490D6033FADB03CC808CAC5CC9464470FD4F23B29A70E4DAABAF54CBB7","","False","","125","False",".js","NOT_REQUIRED","","","NOT_CHECKED","NOT_REQUIRED","False",""
".runtime/n8n/.cache/n8n/public/assets/en-Duc-eXLi.js","RUNTIME_TRANSIENT","IGNORE_POLICY_CANDIDATE","579","0,001","AE67E38D55DDA4D863B176388A448C87F659DD28F3653684B4FA8D9FF49C4A43","","False","","125","False",".js","NOT_REQUIRED","","","NOT_CHECKED","NOT_REQUIRED","False",""
".runtime/n8n/.cache/n8n/public/assets/en-legacy-DbHncWVv.js","RUNTIME_TRANSIENT","IGNORE_POLICY_CANDIDATE","720","0,001","341E8B7B243A3B78742B763F01762F8A9AF713C072816DC689589BDEB384DB73","","False","","132","False",".js","NOT_REQUIRED","","","NOT_CHECKED","NOT_REQUIRED","False",""
".runtime/n8n/.cache/n8n/public/assets/en-legacy-lbQDC_n1.js","RUNTIME_TRANSIENT","IGNORE_POLICY_CANDIDATE","11162","0,011","23DD66EC0F844E887642143E145C489469AF5BE837B2A0AADE79DC92E07AEE15","","False","","132","False",".js","NOT_REQUIRED","","","NOT_CHECKED","NOT_REQUIRED","False",""
".runtime/n8n/.cache/n8n/public/assets/es-C8ZKOvHn.js","RUNTIME_TRANSIENT","IGNORE_POLICY_CANDIDATE","868506","0,828","6850B920A3964AD982B4B9DDEF957560DFB83C910C285E0EA28F9F201E2B1BC5","","False","","125","False",".js","NOT_REQUIRED","","","NOT_CHECKED","NOT_REQUIRED","False",""
".runtime/n8n/.cache/n8n/public/assets/es-legacy-CIUDS7RT.js","RUNTIME_TRANSIENT","IGNORE_POLICY_CANDIDATE","913536","0,871","BE833AFBB0DD4D6A420FD42AB6E0E218D5B781E4C209E0C01756206900F7325B","","False","","132","False",".js","NOT_REQUIRED","","","NOT_CHECKED","NOT_REQUIRED","False",""
".runtime/n8n/.cache/n8n/public/assets/evaluation.constants-gukRyhIf.js","RUNTIME_TRANSIENT","IGNORE_POLICY_CANDIDATE","5682","0,005","A78BFD21640A26BF4DFEFC8A4BA128F95D212255975845F00C7A77B7B13F0B58","","False","","143","False",".js","NOT_REQUIRED","","","NOT_CHECKED","NOT_REQUIRED","False",""
".runtime/n8n/.cache/n8n/public/assets/evaluation.constants-legacy-DidbhviS.js","RUNTIME_TRANSIENT","IGNORE_POLICY_CANDIDATE","5804","0,006","6BD2C8DFB386894E2D323FFA976049CCC22D625B45E120BEAB779F8C1A155C5D","","False","","150","False",".js","NOT_REQUIRED","","","NOT_CHECKED","NOT_REQUIRED","False",""
".runtime/n8n/.cache/n8n/public/assets/evaluation.store-Dg8zS9ep.js","RUNTIME_TRANSIENT","IGNORE_POLICY_CANDIDATE","5794","0,006","4D2F195D2BF28FF22F662A4F0D2E055A4C7DC9B67E0BC262E08BE89107DB62B0","","False","","139","False",".js","NOT_REQUIRED","","","NOT_CHECKED","NOT_REQUIRED","False",""
".runtime/n8n/.cache/n8n/public/assets/evaluation.store-legacy-Do90FbjL.js","RUNTIME_TRANSIENT","IGNORE_POLICY_CANDIDATE","6030","0,006","9381BE6C248E45920F2E19C64074802CB104262A0C0832CC499DEA9AE099632C","","False","","146","False",".js","NOT_REQUIRED","","","NOT_CHECKED","NOT_REQUIRED","False",""
".runtime/n8n/.cache/n8n/public/assets/evaluation.utils-C6Twnb3h.js","RUNTIME_TRANSIENT","IGNORE_POLICY_CANDIDATE","5023","0,005","63310ADF82BAC281D5C61E0EC05DBBA2674201E0336D25DC78353B7BC1F9E4EB","","False","","139","False",".js","NOT_REQUIRED","","","NOT_CHECKED","NOT_REQUIRED","False",""
".runtime/n8n/.cache/n8n/public/assets/evaluation.utils-legacy-COro-8wY.js","RUNTIME_TRANSIENT","IGNORE_POLICY_CANDIDATE","5142","0,005","7E46FDA4A087B2C5EF8F8E4E950804EFE0662C9183F4DB524AA78B7F931FC006","","False","","146","False",".js","NOT_REQUIRED","","","NOT_CHECKED","NOT_REQUIRED","False",""
".runtime/n8n/.cache/n8n/public/assets/event-bus-Bzl-7EsS.js","RUNTIME_TRANSIENT","IGNORE_POLICY_CANDIDATE","702","0,001","F8505CA905B9C260A851BBBAEFF15445F90C99C6F751FAE45D04AA96432FEB4C","","False","","132","False",".js","NOT_REQUIRED","","","NOT_CHECKED","NOT_REQUIRED","False",""
".runtime/n8n/.cache/n8n/public/assets/event-bus-DvFKev3H.js","RUNTIME_TRANSIENT","IGNORE_POLICY_CANDIDATE","840","0,001","BABD9132B624BED53A74011C2FEFA91D5489895699D07A45778D574219F398EF","","False","","132","False",".js","NOT_REQUIRED","","","NOT_CHECKED","NOT_REQUIRED","False",""
".runtime/n8n/.cache/n8n/public/assets/event-bus-legacy-Xfl98K2_.js","RUNTIME_TRANSIENT","IGNORE_POLICY_CANDIDATE","832","0,001","306BA44E7E4244982504BA3FDB573258AC27660342181E34AAA8DCB5623A3E19","","False","","139","False",".js","NOT_REQUIRED","","","NOT_CHECKED","NOT_REQUIRED","False",""
".runtime/n8n/.cache/n8n/public/assets/event-bus-legacy-ztjINdZE.js","RUNTIME_TRANSIENT","IGNORE_POLICY_CANDIDATE","986","0,001","BA259C0A65C109856B8A5096A502FBA97CA8E32398BBC8693B1995AD327F805A","","False","","139","False",".js","NOT_REQUIRED","","","NOT_CHECKED","NOT_REQUIRED","False",""
".runtime/n8n/.cache/n8n/public/assets/executions.store-DqfcHkBV.js","RUNTIME_TRANSIENT","IGNORE_POLICY_CANDIDATE","4281","0,004","4B772089978840B2E537EFC2B17313CF55989F2FB637F0960BBE6BC40A963642","","False","","139","False",".js","NOT_REQUIRED","","","NOT_CHECKED","NOT_REQUIRED","False",""
".runtime/n8n/.cache/n8n/public/assets/executions.store-legacy-D5mCs7Hg.js","RUNTIME_TRANSIENT","IGNORE_POLICY_CANDIDATE","4505","0,004","2C039199A7B878879AF19E66098BF2B6E1674186430DD775CC29FED927439DEA","","False","","146","False",".js","NOT_REQUIRED","","","NOT_CHECKED","NOT_REQUIRED","False",""
".runtime/n8n/.cache/n8n/public/assets/exports-CMpF2Two.js","RUNTIME_TRANSIENT","IGNORE_POLICY_CANDIDATE","43815","0,042","DAB2D689B2EEC4F82DC0DFC2D516682FDDC7E7DB7B640D4C2A4C94E02244F3ED","","False","","130","False",".js","NOT_REQUIRED","","","NOT_CHECKED","NOT_REQUIRED","False",""
".runtime/n8n/.cache/n8n/public/assets/exports-legacy-DkO39nB6.js","RUNTIME_TRANSIENT","IGNORE_POLICY_CANDIDATE","43792","0,042","E9F77157A3BABC9E8F1450D07CCC4EED7A33601F8C1D49362159DE95AD9E75CA","","False","","137","False",".js","NOT_REQUIRED","","","NOT_CHECKED","NOT_REQUIRED","False",""
".runtime/n8n/.cache/n8n/public/assets/exposeAllWorkflowsToMcp.store-Dj_ploYA.js","RUNTIME_TRANSIENT","IGNORE_POLICY_CANDIDATE","1338","0,001","FD91724B0D776A3C8D0D447991119853DFEE7B08CF8FC823FBABBC52CFC9B7C9","","False","","152","False",".js","NOT_REQUIRED","","","NOT_CHECKED","NOT_REQUIRED","False",""
".runtime/n8n/.cache/n8n/public/assets/exposeAllWorkflowsToMcp.store-legacy-5chiHymW.js","RUNTIME_TRANSIENT","IGNORE_POLICY_CANDIDATE","1528","0,001","FAE2668C2ABB935C7856D7F3738CF20AA3326FFA81BB9AC0CB5055030FA43DF1","","False","","159","False",".js","NOT_REQUIRED","","","NOT_CHECKED","NOT_REQUIRED","False",""
".runtime/n8n/.cache/n8n/public/assets/expression-runtime-stub-BzLw-8lw.js","RUNTIME_TRANSIENT","IGNORE_POLICY_CANDIDATE","636","0,001","035DF8FB67BF3699F3FC9EF3B7F5CA2546F3C52147EBBA5DFC3EE219184A6BD7","","False","","146","False",".js","NOT_REQUIRED","","","NOT_CHECKED","NOT_REQUIRED","False",""
".runtime/n8n/.cache/n8n/public/assets/expression-runtime-stub-CeJeUsGr.js","RUNTIME_TRANSIENT","IGNORE_POLICY_CANDIDATE","895","0,001","4AE59EC2F496C2AE06F73D7BF3D39FDFC39033DA05436A23C5B78B95EECDA8D3","","False","","146","False",".js","NOT_REQUIRED","","","NOT_CHECKED","NOT_REQUIRED","False",""
".runtime/n8n/.cache/n8n/public/assets/expression-runtime-stub-legacy-CwpA_zvb.js","RUNTIME_TRANSIENT","IGNORE_POLICY_CANDIDATE","1028","0,001","3D01F2FA0354ADEF0EF639AF07C191FA43765BA43A62A0953D28A0384FCC2049","","False","","153","False",".js","NOT_REQUIRED","","","NOT_CHECKED","NOT_REQUIRED","False",""
".runtime/n8n/.cache/n8n/public/assets/expression-runtime-stub-legacy-CzroFcgX.js","RUNTIME_TRANSIENT","IGNORE_POLICY_CANDIDATE","797","0,001","F945085D02616BD5E4728F9082265FACDE55FFFA75761E778947963B678F8A44","","False","","153","False",".js","NOT_REQUIRED","","","NOT_CHECKED","NOT_REQUIRED","False",""
".runtime/n8n/.cache/n8n/public/assets/expressions-e6e10iuK.js","RUNTIME_TRANSIENT","IGNORE_POLICY_CANDIDATE","461974","0,441","27AFC4A991654C64301E92092A879B0459DE75D7BA26369974E3809C0B3D25F4","","False","","134","False",".js","NOT_REQUIRED","","","NOT_CHECKED","NOT_REQUIRED","False",""
".runtime/n8n/.cache/n8n/public/assets/expressions-legacy-DYlxlohw.js","RUNTIME_TRANSIENT","IGNORE_POLICY_CANDIDATE","465422","0,444","4C855309A181D1BD974EEB51F91C9F799CF2FF5304C596F63BD329A356365674","","False","","141","False",".js","NOT_REQUIRED","","","NOT_CHECKED","NOT_REQUIRED","False",""
".runtime/n8n/.cache/n8n/public/assets/externalSecrets.ee.store-B7IGHs7g.js","RUNTIME_TRANSIENT","IGNORE_POLICY_CANDIDATE","3998","0,004","A496DF4BEE59A3FB733212D871E36C5790CBCCF33FB4D22829EA4D143406AE7A","","False","","147","False",".js","NOT_REQUIRED","","","NOT_CHECKED","NOT_REQUIRED","False",""
".runtime/n8n/.cache/n8n/public/assets/externalSecrets.ee.store-legacy-Cguz1K5k.js","RUNTIME_TRANSIENT","IGNORE_POLICY_CANDIDATE","4239","0,004","2E2BA2316C72AF874971D6C1A3D3295A85B65A1932F7FBF93E333D6C84E9FA90","","False","","154","False",".js","NOT_REQUIRED","","","NOT_CHECKED","NOT_REQUIRED","False",""
".runtime/n8n/.cache/n8n/public/assets/fileUtils-B_z1OH-o.js","RUNTIME_TRANSIENT","IGNORE_POLICY_CANDIDATE","935","0,001","1BD449F1ADCF39037CDF2C1050BA0AC5058C777B2FF535BA90D55E90F5B7567D","","False","","132","False",".js","NOT_REQUIRED","","","NOT_CHECKED","NOT_REQUIRED","False",""
".runtime/n8n/.cache/n8n/public/assets/fileUtils-legacy-BKnsBb3k.js","RUNTIME_TRANSIENT","IGNORE_POLICY_CANDIDATE","1079","0,001","54A7EEEBA738C48B5A9E4D5F6A71859CAC15EB21B6AC5F488EF8EA4211321311","","False","","139","False",".js","NOT_REQUIRED","","","NOT_CHECKED","NOT_REQUIRED","False",""
".runtime/n8n/.cache/n8n/public/assets/flatten-CY-fM21A.js","RUNTIME_TRANSIENT","IGNORE_POLICY_CANDIDATE","963","0,001","D0D48961D6BED82DA089655FF7176E132A453FAD2533B2258FB9A975E36A1C9E","","False","","130","False",".js","NOT_REQUIRED","","","NOT_CHECKED","NOT_REQUIRED","False",""
".runtime/n8n/.cache/n8n/public/assets/flatten-legacy-DI0NSHqQ.js","RUNTIME_TRANSIENT","IGNORE_POLICY_CANDIDATE","1122","0,001","BF23D1E9357DD2B89B20F190BF7CC3147A370D70A8E8F7E423EB3E45DCA7C6AF","","False","","137","False",".js","NOT_REQUIRED","","","NOT_CHECKED","NOT_REQUIRED","False",""
".runtime/n8n/.cache/n8n/public/assets/focusPanel.store-DW8w137v.js","RUNTIME_TRANSIENT","IGNORE_POLICY_CANDIDATE","6295","0,006","10EFD1E20D3E8B82BA267DA9B5E0A642138C3945F21617B483D15EEFFB86CFEB","","False","","139","False",".js","NOT_REQUIRED","","","NOT_CHECKED","NOT_REQUIRED","False",""
".runtime/n8n/.cache/n8n/public/assets/focusPanel.store-legacy-dyZ_a5rt.js","RUNTIME_TRANSIENT","IGNORE_POLICY_CANDIDATE","6559","0,006","1CA8E63C7C3900F253551C050A956951AC50131FDF91C50ADED58D8B337AE6F5","","False","","146","False",".js","NOT_REQUIRED","","","NOT_CHECKED","NOT_REQUIRED","False",""
".runtime/n8n/.cache/n8n/public/assets/folders.store-6i648Mdo.js","RUNTIME_TRANSIENT","IGNORE_POLICY_CANDIDATE","4712","0,004","CACAE0D9B05FC75EBBA07A5031B36E9E7792EE0187C8F8721B80745D42F32A2E","","False","","136","False",".js","NOT_REQUIRED","","","NOT_CHECKED","NOT_REQUIRED","False",""
".runtime/n8n/.cache/n8n/public/assets/folders.store-legacy-DW71IZHN.js","RUNTIME_TRANSIENT","IGNORE_POLICY_CANDIDATE","4891","0,005","1917757B5810BD14643959475C2182E542ED0A9DF9449536D2D6F215A6D445E6","","False","","143","False",".js","NOT_REQUIRED","","","NOT_CHECKED","NOT_REQUIRED","False",""
".runtime/n8n/.cache/n8n/public/assets/generate-nano-id-DVvbtzBK.js","RUNTIME_TRANSIENT","IGNORE_POLICY_CANDIDATE","1072","0,001","DFE2A650ECC3BE24E355911E1262FB52E9402CB6C8631DAB9033D5F880E9ABF6","","False","","139","False",".js","NOT_REQUIRED","","","NOT_CHECKED","NOT_REQUIRED","False",""
".runtime/n8n/.cache/n8n/public/assets/generate-nano-id-legacy-DYKpM8m4.js","RUNTIME_TRANSIENT","IGNORE_POLICY_CANDIDATE","1207","0,001","60B5BCC6E8BFFCEA70657EC5A0DDF05C4EE0DB328575B200A14D6A31E014FF0F","","False","","146","False",".js","NOT_REQUIRED","","","NOT_CHECKED","NOT_REQUIRED","False",""
".runtime/n8n/.cache/n8n/public/assets/get-DHOiWlcx.js","RUNTIME_TRANSIENT","IGNORE_POLICY_CANDIDATE","22199","0,021","7B9625C6B564FB22BC2D6964911449355566C8F0D1E5B895A4F1E1C8505DBC00","","False","","126","False",".js","NOT_REQUIRED","","","NOT_CHECKED","NOT_REQUIRED","False",""
".runtime/n8n/.cache/n8n/public/assets/get-legacy-D1_2ZO5r.js","RUNTIME_TRANSIENT","IGNORE_POLICY_CANDIDATE","21475","0,02","B69376C3349F12B723D094A0B3B06525F2F03776DEE1D677AF714CC2A2F30769","","False","","133","False",".js","NOT_REQUIRED","","","NOT_CHECKED","NOT_REQUIRED","False",""
".runtime/n8n/.cache/n8n/public/assets/htmlUtils-Dwy61bgG.js","RUNTIME_TRANSIENT","IGNORE_POLICY_CANDIDATE","59762","0,057","39BFF990A0B83C1004C85047D32BBDDA898EF2D3B19612250F6B2303B0FEFFE2","","False","","132","False",".js","NOT_REQUIRED","","","NOT_CHECKED","NOT_REQUIRED","False",""
".runtime/n8n/.cache/n8n/public/assets/htmlUtils-legacy-oJe09xYk.js","RUNTIME_TRANSIENT","IGNORE_POLICY_CANDIDATE","60637","0,058","F63158CD9A261B57A3331243B9D6E09FFD802B36D08FB7D2CA2C72DB1BA93F3C","","False","","139","False",".js","NOT_REQUIRED","","","NOT_CHECKED","NOT_REQUIRED","False",""
".runtime/n8n/.cache/n8n/public/assets/index-BNvEBUNY.js","RUNTIME_TRANSIENT","IGNORE_POLICY_CANDIDATE","700733","0,668","34064257DD81DB6EECD3DCF035E350FA80B8C84772288B3D5A962DE61AB77065","","False","","128","False",".js","NOT_REQUIRED","","","NOT_CHECKED","NOT_REQUIRED","False",""
".runtime/n8n/.cache/n8n/public/assets/index-C6fvdk4_.css","RUNTIME_TRANSIENT","IGNORE_POLICY_CANDIDATE","489602","0,467","251633639A17B4B0249ADC4375C85342C75E487FF117132731213F81FD272048","","False","","129","False",".css","NOT_REQUIRED","","","NOT_CHECKED","NOT_REQUIRED","False",""
".runtime/n8n/.cache/n8n/public/assets/index-legacy-DVBNWZfZ.js","RUNTIME_TRANSIENT","IGNORE_POLICY_CANDIDATE","1194145","1,139","AF2D3EB84C39DFEF71552C95F88804E1B5D42F4B064AADEBF8C71336B92ABC60","","False","","135","False",".js","NOT_REQUIRED","","","NOT_CHECKED","NOT_REQUIRED","False",""
".runtime/n8n/.cache/n8n/public/assets/injectionKeys-C3FAAd2t.js","RUNTIME_TRANSIENT","IGNORE_POLICY_CANDIDATE","616","0,001","BCA62A38019714245316CBDD9790AD16D6C6076632048E424C363784D42804FC","","False","","136","False",".js","NOT_REQUIRED","","","NOT_CHECKED","NOT_REQUIRED","False",""
".runtime/n8n/.cache/n8n/public/assets/injectionKeys-legacy-DqLMK6N9.js","RUNTIME_TRANSIENT","IGNORE_POLICY_CANDIDATE","744","0,001","8E6AB9EB28D9FCF2A86CF46CFB745F482A8EC9E1E74985D9684CBA0CA3097BED","","False","","143","False",".js","NOT_REQUIRED","","","NOT_CHECKED","NOT_REQUIRED","False",""
".runtime/n8n/.cache/n8n/public/assets/insights.constants-eZuNgAEx.js","RUNTIME_TRANSIENT","IGNORE_POLICY_CANDIDATE","1547","0,001","ECE445ECF4E18D53DCC55F742E92304B4B84F848E7418A55263A71C59D31860F","","False","","141","False",".js","NOT_REQUIRED","","","NOT_CHECKED","NOT_REQUIRED","False",""
".runtime/n8n/.cache/n8n/public/assets/insights.constants-legacy-ybfrJf66.js","RUNTIME_TRANSIENT","IGNORE_POLICY_CANDIDATE","1709","0,002","A4DA1AED9FB9B9FB955B74B95EDC23FD067B9F0D78F57BC8C81AB493FB4C653A","","False","","148","False",".js","NOT_REQUIRED","","","NOT_CHECKED","NOT_REQUIRED","False",""
".runtime/n8n/.cache/n8n/public/assets/insights.store-dPSFiSok.js","RUNTIME_TRANSIENT","IGNORE_POLICY_CANDIDATE","2190","0,002","985384FCA28CABBF4644D1A6017D8D42C32B34D06C9A7AC6E4CCB960814818DE","","False","","137","False",".js","NOT_REQUIRED","","","NOT_CHECKED","NOT_REQUIRED","False",""
".runtime/n8n/.cache/n8n/public/assets/insights.store-legacy-w_kpRLrW.js","RUNTIME_TRANSIENT","IGNORE_POLICY_CANDIDATE","2455","0,002","B651B07ADC40DDD9CE8C5927BAD58262869109F5B33369FD83C147BA2B4C50A2","","False","","144","False",".js","NOT_REQUIRED","","","NOT_CHECKED","NOT_REQUIRED","False",""
".runtime/n8n/.cache/n8n/public/assets/insights.utils-Bj0GRKtO.js","RUNTIME_TRANSIENT","IGNORE_POLICY_CANDIDATE","2825","0,003","7E491DDCDDFBE6CA13897B99B60FE186977DD5C4B1081AB2061952F91BDE12F9","","False","","137","False",".js","NOT_REQUIRED","","","NOT_CHECKED","NOT_REQUIRED","False",""
".runtime/n8n/.cache/n8n/public/assets/insights.utils-legacy-B1b5lp2D.js","RUNTIME_TRANSIENT","IGNORE_POLICY_CANDIDATE","3045","0,003","E94254CA0C9F604B68E091F6F077B2351A2A8A28551A334303C5FBD9885E6C44","","False","","144","False",".js","NOT_REQUIRED","","","NOT_CHECKED","NOT_REQUIRED","False",""
".runtime/n8n/.cache/n8n/public/assets/instanceAi.store-DOX7FHBP.js","RUNTIME_TRANSIENT","IGNORE_POLICY_CANDIDATE","35487","0,034","1C2DBD728D0E01AE4B4EE82AC51AA3D342F846F4999B258DC4F18EF6CCDE955B","","False","","139","False",".js","NOT_REQUIRED","","","NOT_CHECKED","NOT_REQUIRED","False",""
".runtime/n8n/.cache/n8n/public/assets/instanceAi.store-legacy-DTmw-wLK.js","RUNTIME_TRANSIENT","IGNORE_POLICY_CANDIDATE","36249","0,035","5F789D15825919E3AC8607A0FF4D55E3A3DA7CAE4EA1BC7D161B8A1669AE5CD3","","False","","146","False",".js","NOT_REQUIRED","","","NOT_CHECKED","NOT_REQUIRED","False",""
".runtime/n8n/.cache/n8n/public/assets/instanceAiBrowserUse-Bl1z9unY.js","RUNTIME_TRANSIENT","IGNORE_POLICY_CANDIDATE","1039","0,001","3F1A386AA541B504B29250561D410E857CE8574BC859BF26CEB0DCED50274F15","","False","","143","False",".js","NOT_REQUIRED","","","NOT_CHECKED","NOT_REQUIRED","False",""
".runtime/n8n/.cache/n8n/public/assets/instanceAiBrowserUse-legacy-B0JyHbyj.js","RUNTIME_TRANSIENT","IGNORE_POLICY_CANDIDATE","1207","0,001","08F563392C8E5821110DC7B92E0D3691B5C4548519C41E4E6C223CD74D0655E9","","False","","150","False",".js","NOT_REQUIRED","","","NOT_CHECKED","NOT_REQUIRED","False",""
".runtime/n8n/.cache/n8n/public/assets/instanceAiLayout-BaAJ0u36.js","RUNTIME_TRANSIENT","IGNORE_POLICY_CANDIDATE","793","0,001","8D26FA193C9486BD2E9B0DAFA0ACF93825B9316B8D121A9C5EA801C06F8EDEE0","","False","","139","False",".js","NOT_REQUIRED","","","NOT_CHECKED","NOT_REQUIRED","False",""
".runtime/n8n/.cache/n8n/public/assets/instanceAiLayout-legacy-JedK0aPp.js","RUNTIME_TRANSIENT","IGNORE_POLICY_CANDIDATE","955","0,001","97403C4BAEA46F64CB58368CC578BC7AF49FD0BBAEF7B66728387DBDBA4866F1","","False","","146","False",".js","NOT_REQUIRED","","","NOT_CHECKED","NOT_REQUIRED","False",""
".runtime/n8n/.cache/n8n/public/assets/instanceAiSettings.store-C0MFLgUs.js","RUNTIME_TRANSIENT","IGNORE_POLICY_CANDIDATE","11392","0,011","2204967438D49C695510713AF817369E0D5F3D4EC638971426280C8A8601BDCF","","False","","147","False",".js","NOT_REQUIRED","","","NOT_CHECKED","NOT_REQUIRED","False",""
".runtime/n8n/.cache/n8n/public/assets/instanceAiSettings.store-legacy-GlTiLT1e.js","RUNTIME_TRANSIENT","IGNORE_POLICY_CANDIDATE","11674","0,011","197749FE574D2DDFE46A3BB5BF1CD2AD6A804359CA111F070272D88F57897A6E","","False","","154","False",".js","NOT_REQUIRED","","","NOT_CHECKED","NOT_REQUIRED","False",""
".runtime/n8n/.cache/n8n/public/assets/instanceRoleScopes-C0Q8_Wx_.js","RUNTIME_TRANSIENT","IGNORE_POLICY_CANDIDATE","3546","0,003","E72D2C31B51722D767CB478DCFC01D8281FFD02F2F155D7B44C6DDE568DE8A72","","False","","141","False",".js","NOT_REQUIRED","","","NOT_CHECKED","NOT_REQUIRED","False",""
".runtime/n8n/.cache/n8n/public/assets/instanceRoleScopes-legacy-CmolO8AL.js","RUNTIME_TRANSIENT","IGNORE_POLICY_CANDIDATE","3723","0,004","C07BC4D0C1022DB7ADAB339832C69AD3B6297E2834C258EC106824093CFD756A","","False","","148","False",".js","NOT_REQUIRED","","","NOT_CHECKED","NOT_REQUIRED","False",""
".runtime/n8n/.cache/n8n/public/assets/invite-link.utils-DuApVVvw.js","RUNTIME_TRANSIENT","IGNORE_POLICY_CANDIDATE","688","0,001","17ED6CFA9032757FF90FA3AB2DDA327918A638961705313C927FB8C8A80EA41C","","False","","140","False",".js","NOT_REQUIRED","","","NOT_CHECKED","NOT_REQUIRED","False",""
".runtime/n8n/.cache/n8n/public/assets/invite-link.utils-legacy-DInsfiHd.js","RUNTIME_TRANSIENT","IGNORE_POLICY_CANDIDATE","828","0,001","34E464BA819F4432137FB53775BE568B99C109C91D3E2986E1EAA02F2D947D0C","","False","","147","False",".js","NOT_REQUIRED","","","NOT_CHECKED","NOT_REQUIRED","False",""
".runtime/n8n/.cache/n8n/public/assets/languageModules-DqZvlEnL.js","RUNTIME_TRANSIENT","IGNORE_POLICY_CANDIDATE","203869","0,194","A7CC5457B44B014B04732FA82DB7161F637CD962EE79300CF2BCFE195A326D70","","False","","138","False",".js","NOT_REQUIRED","","","NOT_CHECKED","NOT_REQUIRED","False",""
".runtime/n8n/.cache/n8n/public/assets/languageModules-legacy-CgTlL-fD.js","RUNTIME_TRANSIENT","IGNORE_POLICY_CANDIDATE","212634","0,203","73F74DB907DC4B533103AF433D4A554A79E8616D849905B655352767B108023F","","False","","145","False",".js","NOT_REQUIRED","","","NOT_CHECKED","NOT_REQUIRED","False",""
".runtime/n8n/.cache/n8n/public/assets/logStreaming.store-DjbWEApn.js","RUNTIME_TRANSIENT","IGNORE_POLICY_CANDIDATE","3598","0,003","8B7632DE637299787626D0A4581B3A83D874CD5FD85F088C9F5238E6FF0BBBAB","","False","","141","False",".js","NOT_REQUIRED","","","NOT_CHECKED","NOT_REQUIRED","False",""
".runtime/n8n/.cache/n8n/public/assets/logStreaming.store-legacy-GG0M0JON.js","RUNTIME_TRANSIENT","IGNORE_POLICY_CANDIDATE","3785","0,004","AABE5DFC756493FACDD5889FD2DED04FEA26C14FE1366C72FAD67439DD587E74","","False","","148","False",".js","NOT_REQUIRED","","","NOT_CHECKED","NOT_REQUIRED","False",""
".runtime/n8n/.cache/n8n/public/assets/lucide-icons-bucket-0-C76dGKkY.js","RUNTIME_TRANSIENT","IGNORE_POLICY_CANDIDATE","32677","0,031","23F5BDBAC8D46D5B3357EF8A3B0AFF2E3DA176C757BAFB8378976E2AF24238F1","","False","","144","False",".js","NOT_REQUIRED","","","NOT_CHECKED","NOT_REQUIRED","False",""
".runtime/n8n/.cache/n8n/public/assets/lucide-icons-bucket-0-legacy-BJCYVwHq.js","RUNTIME_TRANSIENT","IGNORE_POLICY_CANDIDATE","32798","0,031","56A4BA50A5111F600BF4804C9DDCB9997636A7200AAAE88730546B5545C5D1D5","","False","","151","False",".js","NOT_REQUIRED","","","NOT_CHECKED","NOT_REQUIRED","False",""
".runtime/n8n/.cache/n8n/public/assets/lucide-icons-bucket-1-CNFvOB1D.js","RUNTIME_TRANSIENT","IGNORE_POLICY_CANDIDATE","32853","0,031","F3C142E023BEB471A0F49959BD13D95E455F027B269D5634C79D8669AD5707A6","","False","","144","False",".js","NOT_REQUIRED","","","NOT_CHECKED","NOT_REQUIRED","False",""
".runtime/n8n/.cache/n8n/public/assets/lucide-icons-bucket-1-legacy-D85JhwL_.js","RUNTIME_TRANSIENT","IGNORE_POLICY_CANDIDATE","32974","0,031","58A5D0D8E56CD6A4AC96D858B0EA08D7D714E38CE24A3FAAB935D63B41AAD373","","False","","151","False",".js","NOT_REQUIRED","","","NOT_CHECKED","NOT_REQUIRED","False",""
".runtime/n8n/.cache/n8n/public/assets/lucide-icons-bucket-10-KnBEE9w0.js","RUNTIME_TRANSIENT","IGNORE_POLICY_CANDIDATE","35672","0,034","3AC3F5C4DBF28617393507D2FAC899F6962778ADAD31419799FA2897CA04F617","","False","","145","False",".js","NOT_REQUIRED","","","NOT_CHECKED","NOT_REQUIRED","False",""
".runtime/n8n/.cache/n8n/public/assets/lucide-icons-bucket-10-legacy-DR5a1Dmr.js","RUNTIME_TRANSIENT","IGNORE_POLICY_CANDIDATE","35793","0,034","8995090ECF21A23A1890E1915827CFA1F5FF4324AD0B70E1154781137197F2F6","","False","","152","False",".js","NOT_REQUIRED","","","NOT_CHECKED","NOT_REQUIRED","False",""
".runtime/n8n/.cache/n8n/public/assets/lucide-icons-bucket-11-De6urxQr.js","RUNTIME_TRANSIENT","IGNORE_POLICY_CANDIDATE","27243","0,026","135B72A48383542A25EF6ABF8CE86CD332872183494364FB127171745943D147","","False","","145","False",".js","NOT_REQUIRED","","","NOT_CHECKED","NOT_REQUIRED","False",""
".runtime/n8n/.cache/n8n/public/assets/lucide-icons-bucket-11-legacy-BFm306Vf.js","RUNTIME_TRANSIENT","IGNORE_POLICY_CANDIDATE","27364","0,026","A6F5E8091C73ED37CCE9B451127FDF2270655FF37BB9118E8D3D98105ED1EC24","","False","","152","False",".js","NOT_REQUIRED","","","NOT_CHECKED","NOT_REQUIRED","False",""
".runtime/n8n/.cache/n8n/public/assets/lucide-icons-bucket-12-CPaOPzX_.js","RUNTIME_TRANSIENT","IGNORE_POLICY_CANDIDATE","34829","0,033","41B46E8FDE793B842B756515885BA0BE6D48C5F6B67E6B557A51DC9613FF8077","","False","","145","False",".js","NOT_REQUIRED","","","NOT_CHECKED","NOT_REQUIRED","False",""
".runtime/n8n/.cache/n8n/public/assets/lucide-icons-bucket-12-legacy-DIsB2vPW.js","RUNTIME_TRANSIENT","IGNORE_POLICY_CANDIDATE","34950","0,033","B0B1C196819FD32E3F9A31EC162996727D787AD81269AE92F314034558F124BC","","False","","152","False",".js","NOT_REQUIRED","","","NOT_CHECKED","NOT_REQUIRED","False",""
".runtime/n8n/.cache/n8n/public/assets/lucide-icons-bucket-13-B2fFGPpY.js","RUNTIME_TRANSIENT","IGNORE_POLICY_CANDIDATE","24606","0,023","4B7AFA3BA5FE93B28DBEB418B31535DDB6866B7965E035557F388207C15D5277","","False","","145","False",".js","NOT_REQUIRED","","","NOT_CHECKED","NOT_REQUIRED","False",""
".runtime/n8n/.cache/n8n/public/assets/lucide-icons-bucket-13-legacy-6OoXNeRN.js","RUNTIME_TRANSIENT","IGNORE_POLICY_CANDIDATE","24727","0,024","DCC82087D427839036E2221A88EDAB0658E440C80476E6C7362CEEC94B17ED82","","False","","152","False",".js","NOT_REQUIRED","","","NOT_CHECKED","NOT_REQUIRED","False",""
".runtime/n8n/.cache/n8n/public/assets/lucide-icons-bucket-14-C2oBbGzu.js","RUNTIME_TRANSIENT","IGNORE_POLICY_CANDIDATE","24817","0,024","5B7753C6A1279E2D25EC32408485E3853C6A4190346D5BB3945153A119D25E48","","False","","145","False",".js","NOT_REQUIRED","","","NOT_CHECKED","NOT_REQUIRED","False",""
".runtime/n8n/.cache/n8n/public/assets/lucide-icons-bucket-14-legacy-BLi6LGiB.js","RUNTIME_TRANSIENT","IGNORE_POLICY_CANDIDATE","24938","0,024","955E61834145D21EFFFD29C6CAB0E1B3C7C80C96BA2541079FDED1FD12EC4680","","False","","152","False",".js","NOT_REQUIRED","","","NOT_CHECKED","NOT_REQUIRED","False",""
".runtime/n8n/.cache/n8n/public/assets/lucide-icons-bucket-15-DcRzB5Zc.js","RUNTIME_TRANSIENT","IGNORE_POLICY_CANDIDATE","30365","0,029","5EE43328E292166E9609DBCCAA7F2F17CCAB8260833BA86F04BBE4D284AFC3DD","","False","","145","False",".js","NOT_REQUIRED","","","NOT_CHECKED","NOT_REQUIRED","False",""
".runtime/n8n/.cache/n8n/public/assets/lucide-icons-bucket-15-legacy-BdryhNNO.js","RUNTIME_TRANSIENT","IGNORE_POLICY_CANDIDATE","30486","0,029","373F12F63B52D403AC886967B965504AC2141C906A495465FF5C86F7557F10D2","","False","","152","False",".js","NOT_REQUIRED","","","NOT_CHECKED","NOT_REQUIRED","False",""
".runtime/n8n/.cache/n8n/public/assets/lucide-icons-bucket-2-DgD6ewf6.js","RUNTIME_TRANSIENT","IGNORE_POLICY_CANDIDATE","32564","0,031","9DED91318D220199FB0B40FD84076B7185B5E96C1950A36AE4C4C79DF418CF2E","","False","","144","False",".js","NOT_REQUIRED","","","NOT_CHECKED","NOT_REQUIRED","False",""
".runtime/n8n/.cache/n8n/public/assets/lucide-icons-bucket-2-legacy-DB3_j1kj.js","RUNTIME_TRANSIENT","IGNORE_POLICY_CANDIDATE","32685","0,031","219B64A750262F9D66E9A3B2E5BF6AF0E9659B3D3C23D496B16976BEE50722F4","","False","","151","False",".js","NOT_REQUIRED","","","NOT_CHECKED","NOT_REQUIRED","False",""
".runtime/n8n/.cache/n8n/public/assets/lucide-icons-bucket-3-DRfpWeDW.js","RUNTIME_TRANSIENT","IGNORE_POLICY_CANDIDATE","33664","0,032","A6E95AD12DEE66E656C3B06B7D5D50A070351415EFF8D0BEF118565B637E6780","","False","","144","False",".js","NOT_REQUIRED","","","NOT_CHECKED","NOT_REQUIRED","False",""
".runtime/n8n/.cache/n8n/public/assets/lucide-icons-bucket-3-legacy-BfoeARL9.js","RUNTIME_TRANSIENT","IGNORE_POLICY_CANDIDATE","33785","0,032","3D71337C280CC0261E4F989074D538EC677FC00B08E4273EABB99BE7F4044A15","","False","","151","False",".js","NOT_REQUIRED","","","NOT_CHECKED","NOT_REQUIRED","False",""
".runtime/n8n/.cache/n8n/public/assets/lucide-icons-bucket-4-BqTtj_j0.js","RUNTIME_TRANSIENT","IGNORE_POLICY_CANDIDATE","31355","0,03","4517A78D10A1177AE939B2841F570DB42648344E2464740E45F810BF39D5D5F6","","False","","144","False",".js","NOT_REQUIRED","","","NOT_CHECKED","NOT_REQUIRED","False",""
".runtime/n8n/.cache/n8n/public/assets/lucide-icons-bucket-4-legacy-PCJx4dFJ.js","RUNTIME_TRANSIENT","IGNORE_POLICY_CANDIDATE","31476","0,03","4BCE77938177596A6558FFF821D018F8AA20E4462810ADA84346375AB8C0FA16","","False","","151","False",".js","NOT_REQUIRED","","","NOT_CHECKED","NOT_REQUIRED","False",""
".runtime/n8n/.cache/n8n/public/assets/lucide-icons-bucket-5-ChdN3Vtg.js","RUNTIME_TRANSIENT","IGNORE_POLICY_CANDIDATE","34741","0,033","216CB61CCE2F74A1D6035336FEE2B5426D512AFA292F34D56EB52E02FA35B6D6","","False","","144","False",".js","NOT_REQUIRED","","","NOT_CHECKED","NOT_REQUIRED","False",""
".runtime/n8n/.cache/n8n/public/assets/lucide-icons-bucket-5-legacy-Q9uLGkvN.js","RUNTIME_TRANSIENT","IGNORE_POLICY_CANDIDATE","34862","0,033","3A0B7CD81BD09B676A7BE7D80692B726F7B121546DC1AD0BA358AF06557EA235","","False","","151","False",".js","NOT_REQUIRED","","","NOT_CHECKED","NOT_REQUIRED","False",""
".runtime/n8n/.cache/n8n/public/assets/lucide-icons-bucket-6-CeikA-tu.js","RUNTIME_TRANSIENT","IGNORE_POLICY_CANDIDATE","27239","0,026","EBA4CD5B263CBF868F10D19EE7F189C0DD2388146AA2899C16B330B847F42E24","","False","","144","False",".js","NOT_REQUIRED","","","NOT_CHECKED","NOT_REQUIRED","False",""
".runtime/n8n/.cache/n8n/public/assets/lucide-icons-bucket-6-legacy-CKT5sCcT.js","RUNTIME_TRANSIENT","IGNORE_POLICY_CANDIDATE","27360","0,026","37D90DF9A86A88DDB568D839920F299F8B1535B98AC3AD37FA399D2D5114B0F8","","False","","151","False",".js","NOT_REQUIRED","","","NOT_CHECKED","NOT_REQUIRED","False",""
".runtime/n8n/.cache/n8n/public/assets/lucide-icons-bucket-7-DoIypvta.js","RUNTIME_TRANSIENT","IGNORE_POLICY_CANDIDATE","27883","0,027","503CF4B4C623251AAEC3AF5DE8909A49AF0418D5851B186206906A48137970A4","","False","","144","False",".js","NOT_REQUIRED","","","NOT_CHECKED","NOT_REQUIRED","False",""
".runtime/n8n/.cache/n8n/public/assets/lucide-icons-bucket-7-legacy-CgJ7QRJl.js","RUNTIME_TRANSIENT","IGNORE_POLICY_CANDIDATE","28004","0,027","C81A4BD20619B9956B8CCEC8C1369B7062D502BA464797E572D5C7CF31A7E462","","False","","151","False",".js","NOT_REQUIRED","","","NOT_CHECKED","NOT_REQUIRED","False",""
".runtime/n8n/.cache/n8n/public/assets/lucide-icons-bucket-8-BQZBrBTB.js","RUNTIME_TRANSIENT","IGNORE_POLICY_CANDIDATE","33820","0,032","FCA6687DD66F76AE67C1900096EF9620F7417510EE218E15EBBD9D0E0E6EE886","","False","","144","False",".js","NOT_REQUIRED","","","NOT_CHECKED","NOT_REQUIRED","False",""
".runtime/n8n/.cache/n8n/public/assets/lucide-icons-bucket-8-legacy-DRlr8cTi.js","RUNTIME_TRANSIENT","IGNORE_POLICY_CANDIDATE","33941","0,032","3C6224D721AFE90B9FB169B0321BCF42A2E4F1E3B41BB6F60B3FA6B6853A6525","","False","","151","False",".js","NOT_REQUIRED","","","NOT_CHECKED","NOT_REQUIRED","False",""
".runtime/n8n/.cache/n8n/public/assets/lucide-icons-bucket-9-DYqP8AYd.js","RUNTIME_TRANSIENT","IGNORE_POLICY_CANDIDATE","27862","0,027","487ADEDEDF6E828F5C7C6990A96513D74AD6F3B5473CA49E25676AFC7C2B405B","","False","","144","False",".js","NOT_REQUIRED","","","NOT_CHECKED","NOT_REQUIRED","False",""
".runtime/n8n/.cache/n8n/public/assets/lucide-icons-bucket-9-legacy-DyudjCbg.js","RUNTIME_TRANSIENT","IGNORE_POLICY_CANDIDATE","27983","0,027","9A6F1F6A3EB119DD7650D717DB21DA560E09109709B8BC6C85D5F8A0A1577237","","False","","151","False",".js","NOT_REQUIRED","","","NOT_CHECKED","NOT_REQUIRED","False",""
".runtime/n8n/.cache/n8n/public/assets/lucideIconData-legacy-Dwp53CjD.js","RUNTIME_TRANSIENT","IGNORE_POLICY_CANDIDATE","231260","0,221","F2BD8A53D50ADF407959683FAF38E35B2C3602FD4AC2CBADCBDAB48FB292FA2F","","False","","144","False",".js","NOT_REQUIRED","","","NOT_CHECKED","NOT_REQUIRED","False",""
".runtime/n8n/.cache/n8n/public/assets/lucideIconData-mEmWzopv.js","RUNTIME_TRANSIENT","IGNORE_POLICY_CANDIDATE","228491","0,218","F71244546C6797E61D5AC15BCBBF8FDA73AF379D5D1F6561D6E4E8B28660EFAC","","False","","137","False",".js","NOT_REQUIRED","","","NOT_CHECKED","NOT_REQUIRED","False",""
".runtime/n8n/.cache/n8n/public/assets/mcp.constants-legacy-iyBvT06Q.js","RUNTIME_TRANSIENT","IGNORE_POLICY_CANDIDATE","1181","0,001","BC132FCC6086836C41D161C20B6D481B6677F7D2924BA59E5A2B729542746935","","False","","143","False",".js","NOT_REQUIRED","","","NOT_CHECKED","NOT_REQUIRED","False",""
".runtime/n8n/.cache/n8n/public/assets/mcp.constants-oca2_CsO.js","RUNTIME_TRANSIENT","IGNORE_POLICY_CANDIDATE","1067","0,001","901919F427CB8F7032561A03FCA8E6B0D5DDAAD39743891FD923EDA7D01D8A2A","","False","","136","False",".js","NOT_REQUIRED","","","NOT_CHECKED","NOT_REQUIRED","False",""
".runtime/n8n/.cache/n8n/public/assets/mcp.store-BatWYmPy.js","RUNTIME_TRANSIENT","IGNORE_POLICY_CANDIDATE","5615","0,005","8B6CBE399C5A0DBE3C0A7B00C4FCDF29E24343683E3163A70CC525817ECD59F0","","False","","132","False",".js","NOT_REQUIRED","","","NOT_CHECKED","NOT_REQUIRED","False",""
".runtime/n8n/.cache/n8n/public/assets/mcp.store-legacy-DKWq5_jM.js","RUNTIME_TRANSIENT","IGNORE_POLICY_CANDIDATE","5819","0,006","C09FA4D04FF3024A5CBBE6CC94C5BE9684C2D819CF19DF2F11E05EE796F61C97","","False","","139","False",".js","NOT_REQUIRED","","","NOT_CHECKED","NOT_REQUIRED","False",""
".runtime/n8n/.cache/n8n/public/assets/menuItemId-CJJmnkik.js","RUNTIME_TRANSIENT","IGNORE_POLICY_CANDIDATE","2584","0,002","CAA43D52020E446D0C2D3EEE0F1A0921C8C145815753FB6A2848024EF2892069","","False","","133","False",".js","NOT_REQUIRED","","","NOT_CHECKED","NOT_REQUIRED","False",""
".runtime/n8n/.cache/n8n/public/assets/menuItemId-legacy-_xs8-jTP.js","RUNTIME_TRANSIENT","IGNORE_POLICY_CANDIDATE","2733","0,003","4DA085D8FA1A92EB4C7BBBF1C6FC768E7ABC9D0797A91251987D4C2BEAB52201","","False","","140","False",".js","NOT_REQUIRED","","","NOT_CHECKED","NOT_REQUIRED","False",""
".runtime/n8n/.cache/n8n/public/assets/merge-BjZKAr3r.js","RUNTIME_TRANSIENT","IGNORE_POLICY_CANDIDATE","9902","0,009","587DDA00BEC235A2B6DFD90694852EBA2760325B0DDFB267F46139DC0DB8F9FF","","False","","128","False",".js","NOT_REQUIRED","","","NOT_CHECKED","NOT_REQUIRED","False",""
".runtime/n8n/.cache/n8n/public/assets/merge-legacy-BS4qnMIO.js","RUNTIME_TRANSIENT","IGNORE_POLICY_CANDIDATE","10020","0,01","27987A4CA31F863533C2F6B5EF6AAFFC69855F5979FD868D6C3B19D5A6963962","","False","","135","False",".js","NOT_REQUIRED","","","NOT_CHECKED","NOT_REQUIRED","False",""
".runtime/n8n/.cache/n8n/public/assets/node-icons-BKqqwJIv.js","RUNTIME_TRANSIENT","IGNORE_POLICY_CANDIDATE","44200","0,042","FA5B822A7003F836E05DBF695DF967C6F1FB9DD94CFEF27FFA3D1EE9649E996B","","False","","133","False",".js","NOT_REQUIRED","","","NOT_CHECKED","NOT_REQUIRED","False",""
".runtime/n8n/.cache/n8n/public/assets/node-icons-legacy-hf0gapT0.js","RUNTIME_TRANSIENT","IGNORE_POLICY_CANDIDATE","44217","0,042","977FF2DAF22358169F6FF462DCFEF88698A61194C3B0213FF1B58D94F71F60F4","","False","","140","False",".js","NOT_REQUIRED","","","NOT_CHECKED","NOT_REQUIRED","False",""
".runtime/n8n/.cache/n8n/public/assets/nodeIcon-DuqCpXrB.js","RUNTIME_TRANSIENT","IGNORE_POLICY_CANDIDATE","2680","0,003","A0534B56369495CB78219958AF9573B7299DAB0A1F6BF38AA61890F637F9791E","","False","","131","False",".js","NOT_REQUIRED","","","NOT_CHECKED","NOT_REQUIRED","False",""
".runtime/n8n/.cache/n8n/public/assets/nodeIcon-legacy-DptPJzOZ.js","RUNTIME_TRANSIENT","IGNORE_POLICY_CANDIDATE","2901","0,003","0A884A323CD5B5D48A3548685E9018E55CCA12312153D95606489E8D6449D717","","False","","138","False",".js","NOT_REQUIRED","","","NOT_CHECKED","NOT_REQUIRED","False",""
".runtime/n8n/.cache/n8n/public/assets/omit-GR1oL9Fg.js","RUNTIME_TRANSIENT","IGNORE_POLICY_CANDIDATE","1172","0,001","8EE74EF00FC2969F4CC507491BA1D8F79AAB7DD89E8B981AE475D1781BE7AC45","","False","","127","False",".js","NOT_REQUIRED","","","NOT_CHECKED","NOT_REQUIRED","False",""
".runtime/n8n/.cache/n8n/public/assets/omit-legacy-DRENG6xB.js","RUNTIME_TRANSIENT","IGNORE_POLICY_CANDIDATE","1350","0,001","C642FF17126F97A96906C16596D29D1A729B97436876DED06D5F699D6E15FCC4","","False","","134","False",".js","NOT_REQUIRED","","","NOT_CHECKED","NOT_REQUIRED","False",""
".runtime/n8n/.cache/n8n/public/assets/one-password-COzVIAtV.js","RUNTIME_TRANSIENT","IGNORE_POLICY_CANDIDATE","11366","0,011","A404560C0D6E161CA5F28BEECFEC5769B34C829BB35F1E76D9F428A2A4B3B2F2","","False","","135","False",".js","NOT_REQUIRED","","","NOT_CHECKED","NOT_REQUIRED","False",""
".runtime/n8n/.cache/n8n/public/assets/one-password-legacy-COf-rPTC.js","RUNTIME_TRANSIENT","IGNORE_POLICY_CANDIDATE","11513","0,011","768B5A4728C83870298211F3DCF6008763F66E7C7E3BE4BF7E86A9692FB2DC6C","","False","","142","False",".js","NOT_REQUIRED","","","NOT_CHECKED","NOT_REQUIRED","False",""
".runtime/n8n/.cache/n8n/public/assets/orderBy-Bvq9kyVQ.js","RUNTIME_TRANSIENT","IGNORE_POLICY_CANDIDATE","872","0,001","2B9C639DD38144DE45A64BAF8B68E0BCC55648D9C81CB50C0B6A8952E9F5C373","","False","","130","False",".js","NOT_REQUIRED","","","NOT_CHECKED","NOT_REQUIRED","False",""
".runtime/n8n/.cache/n8n/public/assets/orderBy-legacy-CINVUiVq.js","RUNTIME_TRANSIENT","IGNORE_POLICY_CANDIDATE","1027","0,001","FDCEDFBA4139B1FBE907C58D6F9CBDD0083C59A9F0A7F5BC6F433ACE5590E4D9","","False","","137","False",".js","NOT_REQUIRED","","","NOT_CHECKED","NOT_REQUIRED","False",""
".runtime/n8n/.cache/n8n/public/assets/permissions-legacy-DUS1U3CO.js","RUNTIME_TRANSIENT","IGNORE_POLICY_CANDIDATE","1975","0,002","37D73A8DDA952CE0A3D6DDF5FCC6B7720990E3178EE1175B42E18C9ED288FAC8","","False","","141","False",".js","NOT_REQUIRED","","","NOT_CHECKED","NOT_REQUIRED","False",""
".runtime/n8n/.cache/n8n/public/assets/permissions-z855g1Tc.js","RUNTIME_TRANSIENT","IGNORE_POLICY_CANDIDATE","1745","0,002","02A30431AA7F6EF7290AC7E347311C15DD1D3F5B71CDA0851BD805EECAC423D9","","False","","134","False",".js","NOT_REQUIRED","","","NOT_CHECKED","NOT_REQUIRED","False",""
".runtime/n8n/.cache/n8n/public/assets/personalizedTemplatesV3.store-CFWUJYWR.js","RUNTIME_TRANSIENT","IGNORE_POLICY_CANDIDATE","9107","0,009","72FDA54D04A59511F7D1B6D2CCC9745FE8815D887BC888468E67251379F790E6","","False","","152","False",".js","NOT_REQUIRED","","","NOT_CHECKED","NOT_REQUIRED","False",""
".runtime/n8n/.cache/n8n/public/assets/personalizedTemplatesV3.store-legacy-ROfru0El.js","RUNTIME_TRANSIENT","IGNORE_POLICY_CANDIDATE","9325","0,009","5A21E27826C649F41FE64CB180826416C6978CF70A27476C4E2B554788BDBEA7","","False","","159","False",".js","NOT_REQUIRED","","","NOT_CHECKED","NOT_REQUIRED","False",""
".runtime/n8n/.cache/n8n/public/assets/pickBy-C2tjGwYX.js","RUNTIME_TRANSIENT","IGNORE_POLICY_CANDIDATE","899","0,001","7A147DE60C8B70D5808DC7395733F10E1E63B4B128AD77A860D99ECFF526A241","","False","","129","False",".js","NOT_REQUIRED","","","NOT_CHECKED","NOT_REQUIRED","False",""
".runtime/n8n/.cache/n8n/public/assets/pickBy-legacy-Cu3Po0KA.js","RUNTIME_TRANSIENT","IGNORE_POLICY_CANDIDATE","1062","0,001","EBBAF61C4BA1DCB320FE50C1187AEA24B1B02A82176C476CAA43369675C06D32","","False","","136","False",".js","NOT_REQUIRED","","","NOT_CHECKED","NOT_REQUIRED","False",""
".runtime/n8n/.cache/n8n/public/assets/polyfills-legacy-DilABYab.js","RUNTIME_TRANSIENT","IGNORE_POLICY_CANDIDATE","69861","0,067","7DE66B10285F62A9314B2DC7D895069FC7CC07FC0209A4727C2747EA450C1DE0","","False","","139","False",".js","NOT_REQUIRED","","","NOT_CHECKED","NOT_REQUIRED","False",""
".runtime/n8n/.cache/n8n/public/assets/posthog.store-BqvJh2k8.js","RUNTIME_TRANSIENT","IGNORE_POLICY_CANDIDATE","32309","0,031","62EF35906D5A1853FC038F30A8380D1277E83C348AD39F08EE5C474143261A9B","","False","","136","False",".js","NOT_REQUIRED","","","NOT_CHECKED","NOT_REQUIRED","False",""
".runtime/n8n/.cache/n8n/public/assets/posthog.store-legacy-BKavr-ZI.js","RUNTIME_TRANSIENT","IGNORE_POLICY_CANDIDATE","32495","0,031","6D4BA3D61EF40D365DA0225106BA0273855B1E167FC232468ACAD90D67CE7877","","False","","143","False",".js","NOT_REQUIRED","","","NOT_CHECKED","NOT_REQUIRED","False",""
".runtime/n8n/.cache/n8n/public/assets/projectRoleScopes-elbEQiPQ.js","RUNTIME_TRANSIENT","IGNORE_POLICY_CANDIDATE","1111","0,001","86DEB1B3B25628BD0D0C1D573E07D114D81DF5AC74CB2540BF6B0DF070F3B74D","","False","","140","False",".js","NOT_REQUIRED","","","NOT_CHECKED","NOT_REQUIRED","False",""
".runtime/n8n/.cache/n8n/public/assets/projectRoleScopes-legacy-dgVqrm1a.js","RUNTIME_TRANSIENT","IGNORE_POLICY_CANDIDATE","1272","0,001","311A872A1D7D2F30D74C8BFEF0607930C8B1A1E492412B21899194957FA69459","","False","","147","False",".js","NOT_REQUIRED","","","NOT_CHECKED","NOT_REQUIRED","False",""
".runtime/n8n/.cache/n8n/public/assets/pushConnection.store-DAAtV6_P.js","RUNTIME_TRANSIENT","IGNORE_POLICY_CANDIDATE","612","0,001","EE756674F7B5109278B1ED86171B179C732E2CE66A046B022EF634154DDE591F","","False","","143","False",".js","NOT_REQUIRED","","","NOT_CHECKED","NOT_REQUIRED","False",""
".runtime/n8n/.cache/n8n/public/assets/pushConnection.store-O9yafog7.js","RUNTIME_TRANSIENT","IGNORE_POLICY_CANDIDATE","4593","0,004","7A53D554B48C062813877024979A323F4A4B4EDA926076C5B0CFAB1F6CA99DFC","","False","","143","False",".js","NOT_REQUIRED","","","NOT_CHECKED","NOT_REQUIRED","False",""
".runtime/n8n/.cache/n8n/public/assets/pushConnection.store-legacy-BczrsC6m.js","RUNTIME_TRANSIENT","IGNORE_POLICY_CANDIDATE","753","0,001","108FB2F520972E98CFF2D18E6E73501A6DB18CC4FECF41700E5B6A74A979E3B4","","False","","150","False",".js","NOT_REQUIRED","","","NOT_CHECKED","NOT_REQUIRED","False",""
".runtime/n8n/.cache/n8n/public/assets/pushConnection.store-legacy-DZjQTvH8.js","RUNTIME_TRANSIENT","IGNORE_POLICY_CANDIDATE","4888","0,005","F26D454275D3C69FB5074A0DBA9BEC3B82238714BA6C87DC088BC26D37F824D2","","False","","150","False",".js","NOT_REQUIRED","","","NOT_CHECKED","NOT_REQUIRED","False",""
".runtime/n8n/.cache/n8n/public/assets/radio-kTT0m-Ow.js","RUNTIME_TRANSIENT","IGNORE_POLICY_CANDIDATE","5081","0,005","2AC8A8F7FDD7F8E5025466131095C32A9CFBAC5772A1EB776D6E882127A02553","","False","","128","False",".js","NOT_REQUIRED","","","NOT_CHECKED","NOT_REQUIRED","False",""
".runtime/n8n/.cache/n8n/public/assets/radio-legacy-rkYr-umn.js","RUNTIME_TRANSIENT","IGNORE_POLICY_CANDIDATE","5570","0,005","5FC4438D93BEAAA1735029C394DFB2E0995888C09267C78EEAAD505136681DD9","","False","","135","False",".js","NOT_REQUIRED","","","NOT_CHECKED","NOT_REQUIRED","False",""
".runtime/n8n/.cache/n8n/public/assets/rbac.store-CJxJbsHZ.js","RUNTIME_TRANSIENT","IGNORE_POLICY_CANDIDATE","2257","0,002","F99805381E483608340A86EADB2E75FDBF39E0D27136FCAB186BD14572035FCE","","False","","133","False",".js","NOT_REQUIRED","","","NOT_CHECKED","NOT_REQUIRED","False",""
".runtime/n8n/.cache/n8n/public/assets/rbac.store-legacy-CoE0DVEO.js","RUNTIME_TRANSIENT","IGNORE_POLICY_CANDIDATE","2403","0,002","A14B8816EC64855CC6CABBC141361987EE07EB3E951A3FE8032DB3B7BAF2E63F","","False","","140","False",".js","NOT_REQUIRED","","","NOT_CHECKED","NOT_REQUIRED","False",""
".runtime/n8n/.cache/n8n/public/assets/readyToRun.store-RBoKZAZa.js","RUNTIME_TRANSIENT","IGNORE_POLICY_CANDIDATE","17042","0,016","9EBAAC6CBD2264AB9FA05E47BCEF800E9EA7ED045AE9E671AEE2A5690B911447","","False","","139","False",".js","NOT_REQUIRED","","","NOT_CHECKED","NOT_REQUIRED","False",""
".runtime/n8n/.cache/n8n/public/assets/readyToRun.store-legacy-eKCwe0B-.js","RUNTIME_TRANSIENT","IGNORE_POLICY_CANDIDATE","17506","0,017","38172C73762265475B2AB0956915EBF56A334A41F3FD9C4DE29513BB592D617A","","False","","146","False",".js","NOT_REQUIRED","","","NOT_CHECKED","NOT_REQUIRED","False",""
".runtime/n8n/.cache/n8n/public/assets/readyToRunWorkflows.store-C262-iU4.js","RUNTIME_TRANSIENT","IGNORE_POLICY_CANDIDATE","32285","0,031","0B695EB067FD59A601F972A3E01FF1F593C487FA0F7179D12393CECE4B95CD01","","False","","148","False",".js","NOT_REQUIRED","","","NOT_CHECKED","NOT_REQUIRED","False",""
".runtime/n8n/.cache/n8n/public/assets/readyToRunWorkflows.store-legacy-g-2K1-tM.js","RUNTIME_TRANSIENT","IGNORE_POLICY_CANDIDATE","32733","0,031","449F4BA2A375FC8F0FDE8D8B821F7DE2E98927C81BE2EFEC657593118F64E5F5","","False","","155","False",".js","NOT_REQUIRED","","","NOT_CHECKED","NOT_REQUIRED","False",""
".runtime/n8n/.cache/n8n/public/assets/refs-CKLVXxZS.js","RUNTIME_TRANSIENT","IGNORE_POLICY_CANDIDATE","704","0,001","040A2C264F884C0AADDE1EE738BB2262757350F6D6CBC5782778AB988BC139D3","","False","","127","False",".js","NOT_REQUIRED","","","NOT_CHECKED","NOT_REQUIRED","False",""
".runtime/n8n/.cache/n8n/public/assets/refs-legacy-D347uQTL.js","RUNTIME_TRANSIENT","IGNORE_POLICY_CANDIDATE","849","0,001","114BCA9EB561CEAFD61124BD905DF8E0C9F7AC9EFABC74ADE4B367704C79CB46","","False","","134","False",".js","NOT_REQUIRED","","","NOT_CHECKED","NOT_REQUIRED","False",""
".runtime/n8n/.cache/n8n/public/assets/resourceCenter.store-BV4vLlwp.js","RUNTIME_TRANSIENT","IGNORE_POLICY_CANDIDATE","3023","0,003","6AA7631088CC44B165D51395275352C72CD7D22E74DC6D489C2066AFECBE9930","","False","","143","False",".js","NOT_REQUIRED","","","NOT_CHECKED","NOT_REQUIRED","False",""
".runtime/n8n/.cache/n8n/public/assets/resourceCenter.store-legacy-zCF_OD_o.js","RUNTIME_TRANSIENT","IGNORE_POLICY_CANDIDATE","3277","0,003","5BDAADAE50FBFB9889A3EA719571A8406E6A6719AF2B6BE9F2D49E3D301B106A","","False","","150","False",".js","NOT_REQUIRED","","","NOT_CHECKED","NOT_REQUIRED","False",""
".runtime/n8n/.cache/n8n/public/assets/retry-BdOUHZL-.js","RUNTIME_TRANSIENT","IGNORE_POLICY_CANDIDATE","860","0,001","6948B7D23EC0922B20F64405B2FC1367C20C06BBE19EDFC8ACEE21FE92B08E04","","False","","128","False",".js","NOT_REQUIRED","","","NOT_CHECKED","NOT_REQUIRED","False",""
".runtime/n8n/.cache/n8n/public/assets/retry-legacy-DqtVs2ct.js","RUNTIME_TRANSIENT","IGNORE_POLICY_CANDIDATE","1005","0,001","E994F295F5E03C3B51302AD454C72C5AA036B61E1ABAA4F68A20449067F540D4","","False","","135","False",".js","NOT_REQUIRED","","","NOT_CHECKED","NOT_REQUIRED","False",""
".runtime/n8n/.cache/n8n/public/assets/roles.store-D-tcfv5-.js","RUNTIME_TRANSIENT","IGNORE_POLICY_CANDIDATE","2380","0,002","4F2EB9F2CA0D70748CB272DFC49FC5A177635EFDE9A4B4EB06F617F1ADA84C64","","False","","134","False",".js","NOT_REQUIRED","","","NOT_CHECKED","NOT_REQUIRED","False",""
".runtime/n8n/.cache/n8n/public/assets/roles.store-legacy-BYV1jGHz.js","RUNTIME_TRANSIENT","IGNORE_POLICY_CANDIDATE","2671","0,003","56A779CD9D0A95E054DAA75974F1E490B07CDDA241E42CF2B765A67361062905","","False","","141","False",".js","NOT_REQUIRED","","","NOT_CHECKED","NOT_REQUIRED","False",""
".runtime/n8n/.cache/n8n/public/assets/router-BcjlJEMT.js","RUNTIME_TRANSIENT","IGNORE_POLICY_CANDIDATE","120169","0,115","1010777589FF8DDBF105030B513CCAA601C94B8280295F9677E05321A4325FDD","","False","","129","False",".js","NOT_REQUIRED","","","NOT_CHECKED","NOT_REQUIRED","False",""
".runtime/n8n/.cache/n8n/public/assets/router-legacy-DP-XzrGo.js","RUNTIME_TRANSIENT","IGNORE_POLICY_CANDIDATE","75795","0,072","435F54DC131C7DE5EF790219B0FB75A9F7FE32E52C289FC01854EC55CDE8FE8C","","False","","136","False",".js","NOT_REQUIRED","","","NOT_CHECKED","NOT_REQUIRED","False",""
".runtime/n8n/.cache/n8n/public/assets/safeRegex.worker-B6lk1hPH.js","RUNTIME_TRANSIENT","IGNORE_POLICY_CANDIDATE","608","0,001","AC69AE07FDD1D94CF9A9C55F6207B68C05CB32128275E219351E10C32F9E8FB8","","False","","139","False",".js","NOT_REQUIRED","","","NOT_CHECKED","NOT_REQUIRED","False",""
".runtime/n8n/.cache/n8n/public/assets/sanitize-html-CvzjS1G-.js","RUNTIME_TRANSIENT","IGNORE_POLICY_CANDIDATE","230418","0,22","37B4C9FF9F41C62725A19711C83513FE71FC6FB6C287BF43DAC2F41BF57767A6","","False","","136","False",".js","NOT_REQUIRED","","","NOT_CHECKED","NOT_REQUIRED","False",""
".runtime/n8n/.cache/n8n/public/assets/sanitize-html-legacy-CsGc2pol.js","RUNTIME_TRANSIENT","IGNORE_POLICY_CANDIDATE","232905","0,222","E7CA9E5AAB9BE5FAD04C7E7061556010B2CC7428F20F03245724F8E071727C3B","","False","","143","False",".js","NOT_REQUIRED","","","NOT_CHECKED","NOT_REQUIRED","False",""
".runtime/n8n/.cache/n8n/public/assets/security-settings-CLq337zD.js","RUNTIME_TRANSIENT","IGNORE_POLICY_CANDIDATE","556","0,001","C4C7C2D7C62CC1060D8E282A92B364FDB6B875438F39BC5DC22CCF5A2180921C","","False","","140","False",".js","NOT_REQUIRED","","","NOT_CHECKED","NOT_REQUIRED","False",""
".runtime/n8n/.cache/n8n/public/assets/security-settings-legacy-fe3_duAS.js","RUNTIME_TRANSIENT","IGNORE_POLICY_CANDIDATE","704","0,001","8F266F9D42470EC42B17DCC446FD4BC66C42896ABD3533E40EAA7D8BDF0C38B9","","False","","147","False",".js","NOT_REQUIRED","","","NOT_CHECKED","NOT_REQUIRED","False",""
".runtime/n8n/.cache/n8n/public/assets/semver-Do-XYWFW.js","RUNTIME_TRANSIENT","IGNORE_POLICY_CANDIDATE","24492","0,023","4E8499444BC2B1AD304ED8AD03E93DF5ABC4A738AC5CC44636A27FF1EEB33A18","","False","","129","False",".js","NOT_REQUIRED","","","NOT_CHECKED","NOT_REQUIRED","False",""
".runtime/n8n/.cache/n8n/public/assets/semver-legacy-C6nJRBX-.js","RUNTIME_TRANSIENT","IGNORE_POLICY_CANDIDATE","25256","0,024","1AB2E063C5D8D7F43F4D98B6758DA717F49EF0537292DCD2017CD2FEC28AB32F","","False","","136","False",".js","NOT_REQUIRED","","","NOT_CHECKED","NOT_REQUIRED","False",""
".runtime/n8n/.cache/n8n/public/assets/settings.store-C42Ngs1n.js","RUNTIME_TRANSIENT","IGNORE_POLICY_CANDIDATE","558","0,001","4EB819FC41DE5107850102FB591EDD7E796861D3396A08D853D06F73FEFEC970","","False","","137","False",".js","NOT_REQUIRED","","","NOT_CHECKED","NOT_REQUIRED","False",""
".runtime/n8n/.cache/n8n/public/assets/settings.store-COhB69H-.js","RUNTIME_TRANSIENT","IGNORE_POLICY_CANDIDATE","34878","0,033","32CB624868EB86ED3E4423D674020E865AD57C7B1CE60B48B6CC85B2F1544397","","False","","137","False",".js","NOT_REQUIRED","","","NOT_CHECKED","NOT_REQUIRED","False",""
".runtime/n8n/.cache/n8n/public/assets/settings.store-legacy-CUsJQr-X.js","RUNTIME_TRANSIENT","IGNORE_POLICY_CANDIDATE","35270","0,034","C9B94C8634CA9326399EA04792357DAD09AC7C7721CD34870631535C94B1C9CE","","False","","144","False",".js","NOT_REQUIRED","","","NOT_CHECKED","NOT_REQUIRED","False",""
".runtime/n8n/.cache/n8n/public/assets/settings.store-legacy-Cg32gjVn.js","RUNTIME_TRANSIENT","IGNORE_POLICY_CANDIDATE","706","0,001","70B82FE7B8A503C2891F1B548D5CF9659A39FE59EDB59A19727108FCEC3CF38D","","False","","144","False",".js","NOT_REQUIRED","","","NOT_CHECKED","NOT_REQUIRED","False",""
".runtime/n8n/.cache/n8n/public/assets/setupPanel.store-G6XQjR6Q.js","RUNTIME_TRANSIENT","IGNORE_POLICY_CANDIDATE","1256","0,001","CB265BA46BD51DB8474B1BA502A49F61CF1E4DDAD4E6C424A240139C9290B8D9","","False","","139","False",".js","NOT_REQUIRED","","","NOT_CHECKED","NOT_REQUIRED","False",""
".runtime/n8n/.cache/n8n/public/assets/setupPanel.store-legacy-CRBizQe_.js","RUNTIME_TRANSIENT","IGNORE_POLICY_CANDIDATE","1447","0,001","9B65E8ED0ECDADF6B8D3E292F5E1AAF23B58198CCE3A2D8644E911073163CF89","","False","","146","False",".js","NOT_REQUIRED","","","NOT_CHECKED","NOT_REQUIRED","False",""
".runtime/n8n/.cache/n8n/public/assets/shield-alt-fIiJnX2Y.js","RUNTIME_TRANSIENT","IGNORE_POLICY_CANDIDATE","1124","0,001","9B4E67EE45C028452C11048110716AB8D50C59AC59D345423010DEADC3D77BBA","","False","","133","False",".js","NOT_REQUIRED","","","NOT_CHECKED","NOT_REQUIRED","False",""
".runtime/n8n/.cache/n8n/public/assets/shield-alt-legacy-CMbuOa3a.js","RUNTIME_TRANSIENT","IGNORE_POLICY_CANDIDATE","1271","0,001","A17FB57BA46F6CBB19412F5A5B5B33662FE86106930E3C06BA6DAD8F33133AA5","","False","","140","False",".js","NOT_REQUIRED","","","NOT_CHECKED","NOT_REQUIRED","False",""
".runtime/n8n/.cache/n8n/public/assets/smart-decimal-BFSn1S9h.js","RUNTIME_TRANSIENT","IGNORE_POLICY_CANDIDATE","683","0,001","F79F04E53B33CEB6E27E1B22DF1AFFE5420144C201CC7B5E2C6BC62BA06F642C","","False","","136","False",".js","NOT_REQUIRED","","","NOT_CHECKED","NOT_REQUIRED","False",""
".runtime/n8n/.cache/n8n/public/assets/smart-decimal-legacy-CbgeFzvN.js","RUNTIME_TRANSIENT","IGNORE_POLICY_CANDIDATE","813","0,001","41C1F94C7D675A323EFDF9E1660D4682D9DD7897327382D6C2E5902BDFECBB07","","False","","143","False",".js","NOT_REQUIRED","","","NOT_CHECKED","NOT_REQUIRED","False",""
".runtime/n8n/.cache/n8n/public/assets/sort-by-property-BPp_Ydho.js","RUNTIME_TRANSIENT","IGNORE_POLICY_CANDIDATE","736","0,001","235C7A4734BED3E8E1D3422D21D583E851A65A795A411CBA28A661B961781F66","","False","","139","False",".js","NOT_REQUIRED","","","NOT_CHECKED","NOT_REQUIRED","False",""
".runtime/n8n/.cache/n8n/public/assets/sort-by-property-legacy-D7h1591p.js","RUNTIME_TRANSIENT","IGNORE_POLICY_CANDIDATE","869","0,001","BD1DAC447F36661470CDF2E168BC2E282892BF8D9EC62C510D37F561538F83E7","","False","","146","False",".js","NOT_REQUIRED","","","NOT_CHECKED","NOT_REQUIRED","False",""
".runtime/n8n/.cache/n8n/public/assets/sortBy-CuPEtPjE.js","RUNTIME_TRANSIENT","IGNORE_POLICY_CANDIDATE","936","0,001","EC27C15397799C676BF6E2E2ED644E88FDC9231956F90FBFBBAF1E942FDF8E92","","False","","129","False",".js","NOT_REQUIRED","","","NOT_CHECKED","NOT_REQUIRED","False",""
".runtime/n8n/.cache/n8n/public/assets/sortBy-legacy-DKqI-JWl.js","RUNTIME_TRANSIENT","IGNORE_POLICY_CANDIDATE","1123","0,001","0F724B15E2CA1FF30DC76E60740D160F8EEA8678BD8844E2AE62A6FC7CBA6AF9","","False","","136","False",".js","NOT_REQUIRED","","","NOT_CHECKED","NOT_REQUIRED","False",""
".runtime/n8n/.cache/n8n/public/assets/sourceControl.eventBus-j72e06z1.js","RUNTIME_TRANSIENT","IGNORE_POLICY_CANDIDATE","645","0,001","DFB4DE52679B7DF47CB21A480769E1F1B23D0F2CBA8A03A0DBF82EBDC7A47B1E","","False","","145","False",".js","NOT_REQUIRED","","","NOT_CHECKED","NOT_REQUIRED","False",""
".runtime/n8n/.cache/n8n/public/assets/sourceControl.eventBus-legacy-D8RHgcks.js","RUNTIME_TRANSIENT","IGNORE_POLICY_CANDIDATE","790","0,001","D308F3E59CEFA444566A1BEC87AB8FA478E266485757D5526EDAD6258C17BD54","","False","","152","False",".js","NOT_REQUIRED","","","NOT_CHECKED","NOT_REQUIRED","False",""
".runtime/n8n/.cache/n8n/public/assets/src-CQ7VeuY9.js","RUNTIME_TRANSIENT","IGNORE_POLICY_CANDIDATE","1769956","1,688","AC61D31B30A136BCE2DFC01324E1EBC5B159086F28A9270104D04E4A0ECAE78E","","False","","126","False",".js","NOT_REQUIRED","","","NOT_CHECKED","NOT_REQUIRED","False",""
".runtime/n8n/.cache/n8n/public/assets/src-ZRfauTiU.css","RUNTIME_TRANSIENT","IGNORE_POLICY_CANDIDATE","290385","0,277","5AE2D9DC47FC9D82BACB799BAF628792A9E11FA95FA7637BAAC58DA741E6D3E6","","False","","127","False",".css","NOT_REQUIRED","","","NOT_CHECKED","NOT_REQUIRED","False",""
".runtime/n8n/.cache/n8n/public/assets/src-gc9CU62-.js","RUNTIME_TRANSIENT","IGNORE_POLICY_CANDIDATE","1707856","1,629","247478A8A37CB7CEEC5224BD89A0E8A716A6FE99C76E45B2EEA7E045B4BE78B5","","False","","126","False",".js","NOT_REQUIRED","","","NOT_CHECKED","NOT_REQUIRED","False",""
".runtime/n8n/.cache/n8n/public/assets/src-legacy-BuUXNKZX.js","RUNTIME_TRANSIENT","IGNORE_POLICY_CANDIDATE","1745643","1,665","ACF33E4EFD2C70007DC70A5E5DC9B62DD12AB8A532E8D9D2F4AB3FA445A39663","","False","","133","False",".js","NOT_REQUIRED","","","NOT_CHECKED","NOT_REQUIRED","False",""
".runtime/n8n/.cache/n8n/public/assets/src-legacy-Cp-Omif2.js","RUNTIME_TRANSIENT","IGNORE_POLICY_CANDIDATE","2093101","1,996","D5AD10A99DD628FFD6203951994C88BB170F9BCFCEB1A1A7F891996278BF4B00","","False","","133","False",".js","NOT_REQUIRED","","","NOT_CHECKED","NOT_REQUIRED","False",""
".runtime/n8n/.cache/n8n/public/assets/sso.store-dq-VZbjj.js","RUNTIME_TRANSIENT","IGNORE_POLICY_CANDIDATE","3264","0,003","4864250276E466DE00FA07AE11C1FB26D9C5552BB31396D485A2DAEC41A3869A","","False","","132","False",".js","NOT_REQUIRED","","","NOT_CHECKED","NOT_REQUIRED","False",""
".runtime/n8n/.cache/n8n/public/assets/sso.store-legacy-EOinhFfF.js","RUNTIME_TRANSIENT","IGNORE_POLICY_CANDIDATE","3546","0,003","0C3362B6AC9A91DE2367F36E4836D16AB0D307E76BEC8016EBD025448E43B4C5","","False","","139","False",".js","NOT_REQUIRED","","","NOT_CHECKED","NOT_REQUIRED","False",""
".runtime/n8n/.cache/n8n/public/assets/surfaceMcpToNewCloudUsers.store-D4iO4yvN.js","RUNTIME_TRANSIENT","IGNORE_POLICY_CANDIDATE","3038","0,003","E584AE0A7A9960067FFA5CBFB6DAEA2B3D3FE966BC14E1D6EDF32866D3DBBEAD","","False","","154","False",".js","NOT_REQUIRED","","","NOT_CHECKED","NOT_REQUIRED","False",""
".runtime/n8n/.cache/n8n/public/assets/surfaceMcpToNewCloudUsers.store-legacy-BVbkGAO5.js","RUNTIME_TRANSIENT","IGNORE_POLICY_CANDIDATE","3211","0,003","DADF31941DDBEB654694147D5B10844BEE0B60531D4CB7D11B31F9330CDDCC0F","","False","","161","False",".js","NOT_REQUIRED","","","NOT_CHECKED","NOT_REQUIRED","False",""
".runtime/n8n/.cache/n8n/public/assets/table-CPb3FxU_.js","RUNTIME_TRANSIENT","IGNORE_POLICY_CANDIDATE","77244","0,074","931CA91AB3958396B98F87A8D6AEB196AF211B80E69951E5CF443A269ACFBFB8","","False","","128","False",".js","NOT_REQUIRED","","","NOT_CHECKED","NOT_REQUIRED","False",""
".runtime/n8n/.cache/n8n/public/assets/table-legacy-C_pYwLWR.js","RUNTIME_TRANSIENT","IGNORE_POLICY_CANDIDATE","80434","0,077","E174B364423FD28A900055867BC3E1F268192AAEF9250E3EAA4C653746FA961D","","False","","135","False",".js","NOT_REQUIRED","","","NOT_CHECKED","NOT_REQUIRED","False",""
".runtime/n8n/.cache/n8n/public/assets/templateActions-C-qVb8vr.js","RUNTIME_TRANSIENT","IGNORE_POLICY_CANDIDATE","2278","0,002","D2C9D54F9B255CC81B6124A1823855C7C9D78841465C3270E498F555A38F1DE6","","False","","138","False",".js","NOT_REQUIRED","","","NOT_CHECKED","NOT_REQUIRED","False",""
".runtime/n8n/.cache/n8n/public/assets/templateActions-legacy-YN6WQEUM.js","RUNTIME_TRANSIENT","IGNORE_POLICY_CANDIDATE","2513","0,002","EAF7E2A50AF0C77440AB969953E41192152910DB698031610DA4C7048FA1B94B","","False","","145","False",".js","NOT_REQUIRED","","","NOT_CHECKED","NOT_REQUIRED","False",""
".runtime/n8n/.cache/n8n/public/assets/templateTransforms-DiSJHcMk.js","RUNTIME_TRANSIENT","IGNORE_POLICY_CANDIDATE","1375","0,001","7DF218BFF370CB1A83899BBBA96539430D11D820ACB225CDDC7A334246AD84D6","","False","","141","False",".js","NOT_REQUIRED","","","NOT_CHECKED","NOT_REQUIRED","False",""
".runtime/n8n/.cache/n8n/public/assets/templateTransforms-legacy-CAjkk5rq.js","RUNTIME_TRANSIENT","IGNORE_POLICY_CANDIDATE","1569","0,001","0D2470814AD76F11727666FA9353CEBD6D11D77AC1129ACF237907C2137A9A63","","False","","148","False",".js","NOT_REQUIRED","","","NOT_CHECKED","NOT_REQUIRED","False",""
".runtime/n8n/.cache/n8n/public/assets/templates.store-legacy-CaRo__Q2.js","RUNTIME_TRANSIENT","IGNORE_POLICY_CANDIDATE","6109","0,006","B8CCB28B1F9BE16EAB2351A2BD1C59592047B1BD4657F88F13E0E52CDB9D790E","","False","","145","False",".js","NOT_REQUIRED","","","NOT_CHECKED","NOT_REQUIRED","False",""
".runtime/n8n/.cache/n8n/public/assets/templates.store-qXvrPdLL.js","RUNTIME_TRANSIENT","IGNORE_POLICY_CANDIDATE","5784","0,006","4156C9C4E476725196CA10F9B0D61F3B0ADC7878325A10B51942310BADFD4782","","False","","138","False",".js","NOT_REQUIRED","","","NOT_CHECKED","NOT_REQUIRED","False",""
".runtime/n8n/.cache/n8n/public/assets/thread-title-Cc_cEdDh.js","RUNTIME_TRANSIENT","IGNORE_POLICY_CANDIDATE","2970","0,003","D2CDBC27C032FD040409F80D0E4B4259FCC965D09676A37162DC3A43483B4D3C","","False","","135","False",".js","NOT_REQUIRED","","","NOT_CHECKED","NOT_REQUIRED","False",""
".runtime/n8n/.cache/n8n/public/assets/thread-title-legacy-B4aQBoW4.js","RUNTIME_TRANSIENT","IGNORE_POLICY_CANDIDATE","3153","0,003","0EF74B8DC74631B4720F3A5932439C0B9CD23FE36ABBACB60B748F0356126622","","False","","142","False",".js","NOT_REQUIRED","","","NOT_CHECKED","NOT_REQUIRED","False",""
".runtime/n8n/.cache/n8n/public/assets/toolDisplayName-CwkhGkea.js","RUNTIME_TRANSIENT","IGNORE_POLICY_CANDIDATE","2441","0,002","F16F86DC4AFDBAF63384DBE0CC5352C46ED3A2E48C075172A64B1A81A2084871","","False","","138","False",".js","NOT_REQUIRED","","","NOT_CHECKED","NOT_REQUIRED","False",""
".runtime/n8n/.cache/n8n/public/assets/toolDisplayName-legacy-iz-_VOs1.js","RUNTIME_TRANSIENT","IGNORE_POLICY_CANDIDATE","2595","0,002","262896E6D4A0C8FABED90AC63B343C6D16C086AB38A1D7B5085BFC1C82EA8738","","False","","145","False",".js","NOT_REQUIRED","","","NOT_CHECKED","NOT_REQUIRED","False",""
".runtime/n8n/.cache/n8n/public/assets/toolIcons-B14lUOlu.js","RUNTIME_TRANSIENT","IGNORE_POLICY_CANDIDATE","4161","0,004","E96007E9C6979ADBB55D231B3C64F478D4F1CBEE279CE88B32A03835764AF1E2","","False","","132","False",".js","NOT_REQUIRED","","","NOT_CHECKED","NOT_REQUIRED","False",""
".runtime/n8n/.cache/n8n/public/assets/toolIcons-legacy-BbLwK_Hh.js","RUNTIME_TRANSIENT","IGNORE_POLICY_CANDIDATE","4348","0,004","A3FED3A3C395014F17F8690BAC4B390AFAD3CE83CB5F6E441596EB21AF155E80","","False","","139","False",".js","NOT_REQUIRED","","","NOT_CHECKED","NOT_REQUIRED","False",""
".runtime/n8n/.cache/n8n/public/assets/types-BWeTfTS1.js","RUNTIME_TRANSIENT","IGNORE_POLICY_CANDIDATE","712","0,001","252F335C63828FED2B3B6C54FC8E642992670B266FF5F49505599FB9DA15D362","","False","","128","False",".js","NOT_REQUIRED","","","NOT_CHECKED","NOT_REQUIRED","False",""
".runtime/n8n/.cache/n8n/public/assets/types-legacy-S641dRZ3.js","RUNTIME_TRANSIENT","IGNORE_POLICY_CANDIDATE","852","0,001","452B0C76B76716CAB03ACEC3B75A5422798D5374DE59828F6FDBCAC78678E9FF","","False","","135","False",".js","NOT_REQUIRED","","","NOT_CHECKED","NOT_REQUIRED","False",""
".runtime/n8n/.cache/n8n/public/assets/typesUtils-C5l-hnQ2.js","RUNTIME_TRANSIENT","IGNORE_POLICY_CANDIDATE","3585","0,003","F2823CFACC70233C77EF62649EA39EB34C2C794776C69DD8466AB7BF54BF4582","","False","","133","False",".js","NOT_REQUIRED","","","NOT_CHECKED","NOT_REQUIRED","False",""
".runtime/n8n/.cache/n8n/public/assets/typesUtils-legacy-B7qNiNvB.js","RUNTIME_TRANSIENT","IGNORE_POLICY_CANDIDATE","3688","0,004","473407352FB285D77FA818C503618EF39A1620114D3A8E1E1F7950A29C957A91","","False","","140","False",".js","NOT_REQUIRED","","","NOT_CHECKED","NOT_REQUIRED","False",""
".runtime/n8n/.cache/n8n/public/assets/typescript.worker-O3O3hqNa.js","RUNTIME_TRANSIENT","IGNORE_POLICY_CANDIDATE","5038141","4,805","1E952C84BD8AE472DB9AE96E8A0283F241B0EECD74DCFE6A0ACD9C9874F0C03D","","False","","140","False",".js","NOT_REQUIRED","","","NOT_CHECKED","NOT_REQUIRED","False",""
".runtime/n8n/.cache/n8n/public/assets/uniqBy-BFcrfqzA.js","RUNTIME_TRANSIENT","IGNORE_POLICY_CANDIDATE","765","0,001","AC5F042B1A4A512B6E2E9E345A6896858A945DDBB8860DF833BD699647AB091E","","False","","129","False",".js","NOT_REQUIRED","","","NOT_CHECKED","NOT_REQUIRED","False",""
".runtime/n8n/.cache/n8n/public/assets/uniqBy-legacy-B50D62iL.js","RUNTIME_TRANSIENT","IGNORE_POLICY_CANDIDATE","913","0,001","0C422AF7E8E6A9D0DAA81ADA24E481E8175C1BE5DDA245E598DCE91B09BFD1C5","","False","","136","False",".js","NOT_REQUIRED","","","NOT_CHECKED","NOT_REQUIRED","False",""
".runtime/n8n/.cache/n8n/public/assets/upload-0_VlHf9E.js","RUNTIME_TRANSIENT","IGNORE_POLICY_CANDIDATE","21275","0,02","37BFB942693715993271FCD6771EAD1849361C6D6D10F7A114A7DEC748D0E239","","False","","129","False",".js","NOT_REQUIRED","","","NOT_CHECKED","NOT_REQUIRED","False",""
".runtime/n8n/.cache/n8n/public/assets/upload-legacy-BZGRUb6E.js","RUNTIME_TRANSIENT","IGNORE_POLICY_CANDIDATE","21867","0,021","C6527DDE30ED59125E4094F331BDC580C5682DC30CB1E4D477D35D3780BE78CB","","False","","136","False",".js","NOT_REQUIRED","","","NOT_CHECKED","NOT_REQUIRED","False",""
".runtime/n8n/.cache/n8n/public/assets/usage.store-C7Qg0gSj.js","RUNTIME_TRANSIENT","IGNORE_POLICY_CANDIDATE","2820","0,003","4FF4C1BE4C56A81E4C564EDB9C64054CF9E81A24F615134D0F2646AF1BA30738","","False","","134","False",".js","NOT_REQUIRED","","","NOT_CHECKED","NOT_REQUIRED","False",""
".runtime/n8n/.cache/n8n/public/assets/usage.store-legacy-CMXPU2pZ.js","RUNTIME_TRANSIENT","IGNORE_POLICY_CANDIDATE","3052","0,003","ACD713BA7AA6E5D509D5B2181B3612D94EF94BEFA7BB9CCB262E74054D153376","","False","","141","False",".js","NOT_REQUIRED","","","NOT_CHECKED","NOT_REQUIRED","False",""
".runtime/n8n/.cache/n8n/public/assets/useActions-D0wBS4Ne.js","RUNTIME_TRANSIENT","IGNORE_POLICY_CANDIDATE","5291","0,005","769BD971D8032AA1E153169095AE218AFD5CE5448C4EBB400E3BA79318F04D04","","False","","133","False",".js","NOT_REQUIRED","","","NOT_CHECKED","NOT_REQUIRED","False",""
".runtime/n8n/.cache/n8n/public/assets/useActions-legacy-DwwyzWmb.js","RUNTIME_TRANSIENT","IGNORE_POLICY_CANDIDATE","5551","0,005","82F3D0E62C84FF9AE8A39BF98E0CC93CD759F116C8149843378B4C9E2EE87F93","","False","","140","False",".js","NOT_REQUIRED","","","NOT_CHECKED","NOT_REQUIRED","False",""
".runtime/n8n/.cache/n8n/public/assets/useActivationError-DxSXdSQ2.js","RUNTIME_TRANSIENT","IGNORE_POLICY_CANDIDATE","962","0,001","4E39FB185EB9917B230503191190F69F26C02B03610CD9E574D4B2A0BD92F18D","","False","","141","False",".js","NOT_REQUIRED","","","NOT_CHECKED","NOT_REQUIRED","False",""
".runtime/n8n/.cache/n8n/public/assets/useActivationError-legacy-CTow5HRc.js","RUNTIME_TRANSIENT","IGNORE_POLICY_CANDIDATE","1143","0,001","574BD115D118B666264186AF00F1350134398AFC06F9E34383A47AF3D087B29C","","False","","148","False",".js","NOT_REQUIRED","","","NOT_CHECKED","NOT_REQUIRED","False",""
".runtime/n8n/.cache/n8n/public/assets/useAgentApi-BZRWRQTx.js","RUNTIME_TRANSIENT","IGNORE_POLICY_CANDIDATE","4214","0,004","208EA69B6550A7C4BBF3B251C0BA29822CEB6C4EF2B952C2343A1C69F276FE9E","","False","","134","False",".js","NOT_REQUIRED","","","NOT_CHECKED","NOT_REQUIRED","False",""
".runtime/n8n/.cache/n8n/public/assets/useAgentApi-legacy-BMbyz8Kb.js","RUNTIME_TRANSIENT","IGNORE_POLICY_CANDIDATE","4372","0,004","7CC794EAE5D72252C45B656F84067DDE4A5C4147CF4F04335F4546A74E4B73C0","","False","","141","False",".js","NOT_REQUIRED","","","NOT_CHECKED","NOT_REQUIRED","False",""
".runtime/n8n/.cache/n8n/public/assets/useAgentConfig-BzkOODFd.css","RUNTIME_TRANSIENT","IGNORE_POLICY_CANDIDATE","1986","0,002","F153161DC5B768DD641C639BEBD8588F64404D4F860B7112A7F76F2E7B62ED9A","","False","","138","False",".css","NOT_REQUIRED","","","NOT_CHECKED","NOT_REQUIRED","False",""
".runtime/n8n/.cache/n8n/public/assets/useAgentConfig-Nlto_-PF.js","RUNTIME_TRANSIENT","IGNORE_POLICY_CANDIDATE","29108","0,028","E5E09A781EE35DC84B558B22DC19CF3D989535DFEBC3ABBBC622FFDD06DADE10","","False","","137","False",".js","NOT_REQUIRED","","","NOT_CHECKED","NOT_REQUIRED","False",""
".runtime/n8n/.cache/n8n/public/assets/useAgentConfig-legacy-BPjzBQMo.js","RUNTIME_TRANSIENT","IGNORE_POLICY_CANDIDATE","31990","0,031","6D78630277ADDB27377F31077F35AB734F3D8EC1328FB47AF5BC24BA9AE47D67","","False","","144","False",".js","NOT_REQUIRED","","","NOT_CHECKED","NOT_REQUIRED","False",""
".runtime/n8n/.cache/n8n/public/assets/useAgentConfirmationModal-DQBY_oi9.js","RUNTIME_TRANSIENT","IGNORE_POLICY_CANDIDATE","929","0,001","7E98AD77BA70FB09ADB6308241DBD6E96D03F6825DDE400CC9F0106440B1E621","","False","","148","False",".js","NOT_REQUIRED","","","NOT_CHECKED","NOT_REQUIRED","False",""
".runtime/n8n/.cache/n8n/public/assets/useAgentConfirmationModal-legacy-BhqTO9Jq.js","RUNTIME_TRANSIENT","IGNORE_POLICY_CANDIDATE","1091","0,001","BFCA1BF758529A8842AAC10FA138E08BCCC715852F6D3B31D5844032C928F71A","","False","","155","False",".js","NOT_REQUIRED","","","NOT_CHECKED","NOT_REQUIRED","False",""
".runtime/n8n/.cache/n8n/public/assets/useAgentPermissions-T8rDy6QS.js","RUNTIME_TRANSIENT","IGNORE_POLICY_CANDIDATE","1159","0,001","AC0F6AD9F13771547906DA6AA28464C9F9BAE27C28FAC4884E5C369E27A8BFA1","","False","","142","False",".js","NOT_REQUIRED","","","NOT_CHECKED","NOT_REQUIRED","False",""
".runtime/n8n/.cache/n8n/public/assets/useAgentPermissions-legacy-D8kWbX1U.js","RUNTIME_TRANSIENT","IGNORE_POLICY_CANDIDATE","1356","0,001","6D95E046554BFA03E6460510A1AD41C03CA4261AD1657493E08A76E42FF57F52","","False","","149","False",".js","NOT_REQUIRED","","","NOT_CHECKED","NOT_REQUIRED","False",""
".runtime/n8n/.cache/n8n/public/assets/useAgentPublish-B7fI5tic.js","RUNTIME_TRANSIENT","IGNORE_POLICY_CANDIDATE","3874","0,004","71E62151418B823D431B7639216DCC22778769C86210715DA27CD590008FCBFF","","False","","138","False",".js","NOT_REQUIRED","","","NOT_CHECKED","NOT_REQUIRED","False",""
".runtime/n8n/.cache/n8n/public/assets/useAgentPublish-legacy-Da68c220.js","RUNTIME_TRANSIENT","IGNORE_POLICY_CANDIDATE","4133","0,004","2C4465D7ECF004FF9C70570A53FE98A82582817AFEEE3D1263E9F0F15202477A","","False","","145","False",".js","NOT_REQUIRED","","","NOT_CHECKED","NOT_REQUIRED","False",""
".runtime/n8n/.cache/n8n/public/assets/useAgentScopeProjectId-CtKAjJF1.js","RUNTIME_TRANSIENT","IGNORE_POLICY_CANDIDATE","5842","0,006","0D2DCA7E58847EFE4E494E7E5A7D481F8DFC48E30268659D7BD0A101F03C2E9A","","False","","145","False",".js","NOT_REQUIRED","","","NOT_CHECKED","NOT_REQUIRED","False",""
".runtime/n8n/.cache/n8n/public/assets/useAgentScopeProjectId-legacy-SYChxg-f.js","RUNTIME_TRANSIENT","IGNORE_POLICY_CANDIDATE","6211","0,006","B9EC2C571E2145773C4EEF8BAEB984AF4E339D8E895B1A93B5F943B11629E70D","","False","","152","False",".js","NOT_REQUIRED","","","NOT_CHECKED","NOT_REQUIRED","False",""
".runtime/n8n/.cache/n8n/public/assets/useAgentTelemetry-iYrdM3J1.js","RUNTIME_TRANSIENT","IGNORE_POLICY_CANDIDATE","2971","0,003","832E31FBF7B89191F2C63DDE021E177ED68D2425713BC9095F9A4D2B1B4D9E03","","False","","140","False",".js","NOT_REQUIRED","","","NOT_CHECKED","NOT_REQUIRED","False",""
".runtime/n8n/.cache/n8n/public/assets/useAgentTelemetry-legacy-CZMk0lhw.js","RUNTIME_TRANSIENT","IGNORE_POLICY_CANDIDATE","3095","0,003","2989BB7EFA63EBD95F447D0C3C853F25F8FB6E5BC8B7AEFF5CE3DF6C65B76DFF","","False","","147","False",".js","NOT_REQUIRED","","","NOT_CHECKED","NOT_REQUIRED","False",""
".runtime/n8n/.cache/n8n/public/assets/useAgentToolTelemetry-BVPQZxGV.js","RUNTIME_TRANSIENT","IGNORE_POLICY_CANDIDATE","1677","0,002","51DBE0871024736DD1A4CA8DFFA4EC1A042F6CBEAE68B0B71485CD14D367DE93","","False","","144","False",".js","NOT_REQUIRED","","","NOT_CHECKED","NOT_REQUIRED","False",""
".runtime/n8n/.cache/n8n/public/assets/useAgentToolTelemetry-legacy-CObmChE_.js","RUNTIME_TRANSIENT","IGNORE_POLICY_CANDIDATE","1826","0,002","EC9B92B6EE276D22C245C6477F3879EC3CE98D795207B68DB0BA388855D399EE","","False","","151","False",".js","NOT_REQUIRED","","","NOT_CHECKED","NOT_REQUIRED","False",""
".runtime/n8n/.cache/n8n/public/assets/useAiGateway-BVNIgQHT.js","RUNTIME_TRANSIENT","IGNORE_POLICY_CANDIDATE","1593","0,002","EA4BE09CA1CFDC9A24461F886305F5309071A9480BAFA56E39DAD6CB2C5E82D3","","False","","135","False",".js","NOT_REQUIRED","","","NOT_CHECKED","NOT_REQUIRED","False",""
".runtime/n8n/.cache/n8n/public/assets/useAiGateway-legacy-CzvjDvbe.js","RUNTIME_TRANSIENT","IGNORE_POLICY_CANDIDATE","1773","0,002","2658590084EDC2D3D5F29B10D33B85270C60E27E42F97E69410891271C8C2FEF","","False","","142","False",".js","NOT_REQUIRED","","","NOT_CHECKED","NOT_REQUIRED","False",""
".runtime/n8n/.cache/n8n/public/assets/useBugReporting-ZRSujJb5.js","RUNTIME_TRANSIENT","IGNORE_POLICY_CANDIDATE","4630","0,004","2D541C622C538B9421EE1A063CD0DF898BB251875D9E9CEB21EA780DE35AF668","","False","","138","False",".js","NOT_REQUIRED","","","NOT_CHECKED","NOT_REQUIRED","False",""
".runtime/n8n/.cache/n8n/public/assets/useBugReporting-legacy-DQIRagAb.js","RUNTIME_TRANSIENT","IGNORE_POLICY_CANDIDATE","4859","0,005","5DB9449B418DE57DF01379584ACD14948B7D7D7EAF21CC52FE60835666286133","","False","","145","False",".js","NOT_REQUIRED","","","NOT_CHECKED","NOT_REQUIRED","False",""
".runtime/n8n/.cache/n8n/public/assets/useCalloutHelpers-D-W7gZks.js","RUNTIME_TRANSIENT","IGNORE_POLICY_CANDIDATE","2278","0,002","AB8C8252C249F405B9ECF13772516FBA53A28B261477FA3C49D189F413BC74B6","","False","","140","False",".js","NOT_REQUIRED","","","NOT_CHECKED","NOT_REQUIRED","False",""
".runtime/n8n/.cache/n8n/public/assets/useCalloutHelpers-legacy-CrsWiKvS.js","RUNTIME_TRANSIENT","IGNORE_POLICY_CANDIDATE","2553","0,002","A8C7987E8733CD9174BD44CA59851FFB4DCF4F7887C7C2DCC959404E4FABC110","","False","","147","False",".js","NOT_REQUIRED","","","NOT_CHECKED","NOT_REQUIRED","False",""
".runtime/n8n/.cache/n8n/public/assets/useCanvasMapping.groups-C01Q-trW.js","RUNTIME_TRANSIENT","IGNORE_POLICY_CANDIDATE","3566","0,003","22F3D6ADD7CC551D575188A7A0D17C03128C7930C9B788EE9940EEF5BCF38070","","False","","146","False",".js","NOT_REQUIRED","","","NOT_CHECKED","NOT_REQUIRED","False",""
".runtime/n8n/.cache/n8n/public/assets/useCanvasMapping.groups-legacy-Dt37trFt.js","RUNTIME_TRANSIENT","IGNORE_POLICY_CANDIDATE","3719","0,004","CB71BDBC017AF0AEEC3FFFF526E5F0E398042711706F506524782D4CC0BE746D","","False","","153","False",".js","NOT_REQUIRED","","","NOT_CHECKED","NOT_REQUIRED","False",""
".runtime/n8n/.cache/n8n/public/assets/useCanvasOperations-CCjgcrri.css","RUNTIME_TRANSIENT","IGNORE_POLICY_CANDIDATE","2350","0,002","6EC352CF5DCE2E35421EE777DC0866392023C888BE034DD995A5169192F7B4D8","","False","","143","False",".css","NOT_REQUIRED","","","NOT_CHECKED","NOT_REQUIRED","False",""
".runtime/n8n/.cache/n8n/public/assets/useCanvasOperations-CT3LF4pL.js","RUNTIME_TRANSIENT","IGNORE_POLICY_CANDIDATE","58681","0,056","9DCF06222430F9B9000FC62992540F704A98414E3996C504AB9A5226ABA3783D","","False","","142","False",".js","NOT_REQUIRED","","","NOT_CHECKED","NOT_REQUIRED","False",""
".runtime/n8n/.cache/n8n/public/assets/useCanvasOperations-legacy-C0wdcO3d.js","RUNTIME_TRANSIENT","IGNORE_POLICY_CANDIDATE","62338","0,059","B7E6A63C134721E67CF121E8596015AF4CA15422FCC990054C5231500E0E317B","","False","","149","False",".js","NOT_REQUIRED","","","NOT_CHECKED","NOT_REQUIRED","False",""
".runtime/n8n/.cache/n8n/public/assets/useClipboard-DR__d3bR.js","RUNTIME_TRANSIENT","IGNORE_POLICY_CANDIDATE","1499","0,001","84299BCAAF7B0FFD18F65BBB306DAF28879A840E329229A5ABFF0D00BD337F48","","False","","135","False",".js","NOT_REQUIRED","","","NOT_CHECKED","NOT_REQUIRED","False",""
".runtime/n8n/.cache/n8n/public/assets/useClipboard-legacy-fjGWKngu.js","RUNTIME_TRANSIENT","IGNORE_POLICY_CANDIDATE","1694","0,002","DACE55BB311283B29A991618550DD9416B34292124FDAD851E34B20FA053D7B2","","False","","142","False",".js","NOT_REQUIRED","","","NOT_CHECKED","NOT_REQUIRED","False",""
".runtime/n8n/.cache/n8n/public/assets/useCodeDiff-VIxc_Iaf.js","RUNTIME_TRANSIENT","IGNORE_POLICY_CANDIDATE","3527","0,003","54C232E49A208C85F45923B9E50582FB5BE5B195F2F3496E7CAE76EF7426718E","","False","","134","False",".js","NOT_REQUIRED","","","NOT_CHECKED","NOT_REQUIRED","False",""
".runtime/n8n/.cache/n8n/public/assets/useCodeDiff-legacy-yIbextTB.js","RUNTIME_TRANSIENT","IGNORE_POLICY_CANDIDATE","3832","0,004","32B382F5324EDD1AFE157A35EE32957165095D1424D7E824284439C3A2288FE3","","False","","141","False",".js","NOT_REQUIRED","","","NOT_CHECKED","NOT_REQUIRED","False",""
".runtime/n8n/.cache/n8n/public/assets/useCredentialOAuth-Lr__itTD.js","RUNTIME_TRANSIENT","IGNORE_POLICY_CANDIDATE","5315","0,005","AEF62FC162CE9C272593845C6ABE83BB633E3918EA3D0CAD3E5B88A9F022C214","","False","","141","False",".js","NOT_REQUIRED","","","NOT_CHECKED","NOT_REQUIRED","False",""
".runtime/n8n/.cache/n8n/public/assets/useCredentialOAuth-legacy-DgKLwnop.js","RUNTIME_TRANSIENT","IGNORE_POLICY_CANDIDATE","5574","0,005","1B6090507C641CC8585365679889B89BB5B58342E16B563B1DBE173FF5582E6B","","False","","148","False",".js","NOT_REQUIRED","","","NOT_CHECKED","NOT_REQUIRED","False",""
".runtime/n8n/.cache/n8n/public/assets/useCredentialResolvers-CA1O2PID.css","RUNTIME_TRANSIENT","IGNORE_POLICY_CANDIDATE","222","0","AD9CB8F8DCB9FC7168590F709CC83FE6E42941DFE8F5F04F8E579A50F29A6920","","False","","146","False",".css","NOT_REQUIRED","","","NOT_CHECKED","NOT_REQUIRED","False",""
".runtime/n8n/.cache/n8n/public/assets/useCredentialResolvers-DdVi4QYc.js","RUNTIME_TRANSIENT","IGNORE_POLICY_CANDIDATE","4104","0,004","131736B433F642D29C0B675FFE4A78A236E9E6D57BBB387B60FE842570DEB353","","False","","145","False",".js","NOT_REQUIRED","","","NOT_CHECKED","NOT_REQUIRED","False",""
".runtime/n8n/.cache/n8n/public/assets/useCredentialResolvers-legacy-CrE0EMmT.js","RUNTIME_TRANSIENT","IGNORE_POLICY_CANDIDATE","4712","0,004","CDF7EBF325DC28B91B77CFE99AE0DC4B1F41DAF36B765EAD21AB5EC6ECEA75ED","","False","","152","False",".js","NOT_REQUIRED","","","NOT_CHECKED","NOT_REQUIRED","False",""
".runtime/n8n/.cache/n8n/public/assets/useCredentialTestInBackground-CgFwejYx.js","RUNTIME_TRANSIENT","IGNORE_POLICY_CANDIDATE","1500","0,001","C596A738251E020BED8F42BCC5A00C888708669DC22E23421FBF59B1A19F726A","","False","","152","False",".js","NOT_REQUIRED","","","NOT_CHECKED","NOT_REQUIRED","False",""
".runtime/n8n/.cache/n8n/public/assets/useCredentialTestInBackground-legacy-COCi4Kkg.js","RUNTIME_TRANSIENT","IGNORE_POLICY_CANDIDATE","1668","0,002","C1A6034C736A9885668678A43111ACF4BB31D4B20E35FD5CCEE3A91C3735E568","","False","","159","False",".js","NOT_REQUIRED","","","NOT_CHECKED","NOT_REQUIRED","False",""
".runtime/n8n/.cache/n8n/public/assets/useCustomAgent-9w2zN-dj.js","RUNTIME_TRANSIENT","IGNORE_POLICY_CANDIDATE","8267","0,008","FDE13D580DB51EF3F037958FF0534FF31BB0F6A95E106EE66BAFEB38771FA185","","False","","137","False",".js","NOT_REQUIRED","","","NOT_CHECKED","NOT_REQUIRED","False",""
".runtime/n8n/.cache/n8n/public/assets/useCustomAgent-legacy-CelNOwEg.js","RUNTIME_TRANSIENT","IGNORE_POLICY_CANDIDATE","8617","0,008","C9CA0A0E9E96B6E48BC4D39D134BA4B3620D565B0B4C763DA72F5301186EE1FC","","False","","144","False",".js","NOT_REQUIRED","","","NOT_CHECKED","NOT_REQUIRED","False",""
".runtime/n8n/.cache/n8n/public/assets/useDebounce-CC4qF4Ba.js","RUNTIME_TRANSIENT","IGNORE_POLICY_CANDIDATE","2837","0,003","4107659A9AE6FF746A7ECD2152A42CEF731561628A97AA51043719C3E7ED53D9","","False","","134","False",".js","NOT_REQUIRED","","","NOT_CHECKED","NOT_REQUIRED","False",""
".runtime/n8n/.cache/n8n/public/assets/useDebounce-legacy-C734n_B4.js","RUNTIME_TRANSIENT","IGNORE_POLICY_CANDIDATE","3005","0,003","8ED3038229D3E6957FFC8FF53DF53F5CE2C7E54DEB43B650BC9D306EF31FA2B6","","False","","141","False",".js","NOT_REQUIRED","","","NOT_CHECKED","NOT_REQUIRED","False",""
".runtime/n8n/.cache/n8n/public/assets/useDocumentTitle-DCAIAaKP.js","RUNTIME_TRANSIENT","IGNORE_POLICY_CANDIDATE","1292","0,001","678D89F19BB42961F8C09E20D26C83B518A04A27BC78E0B75852848ADBCCCBBB","","False","","139","False",".js","NOT_REQUIRED","","","NOT_CHECKED","NOT_REQUIRED","False",""
".runtime/n8n/.cache/n8n/public/assets/useDocumentTitle-legacy-DFxgpz8h.js","RUNTIME_TRANSIENT","IGNORE_POLICY_CANDIDATE","1472","0,001","147CA0FDAA463C97FD86F3A468EEFAE3D276F0ACA5938DDDA97A46136B19EE9C","","False","","146","False",".js","NOT_REQUIRED","","","NOT_CHECKED","NOT_REQUIRED","False",""
".runtime/n8n/.cache/n8n/public/assets/useDocumentVisibility-DtlxOnDS.js","RUNTIME_TRANSIENT","IGNORE_POLICY_CANDIDATE","1051","0,001","B17A63786EB07BA3852955119D93D5C4C680923ADCE5EDBC3091BA2A6368693A","","False","","144","False",".js","NOT_REQUIRED","","","NOT_CHECKED","NOT_REQUIRED","False",""
".runtime/n8n/.cache/n8n/public/assets/useDocumentVisibility-legacy-CpBRhGpr.js","RUNTIME_TRANSIENT","IGNORE_POLICY_CANDIDATE","1213","0,001","4DA2E0621DDC8BA3A04BEF6B37C48194C6E5FCD49F48451447E188228E41C4CA","","False","","151","False",".js","NOT_REQUIRED","","","NOT_CHECKED","NOT_REQUIRED","False",""
".runtime/n8n/.cache/n8n/public/assets/useEditorContext-Dr_WHc9z.js","RUNTIME_TRANSIENT","IGNORE_POLICY_CANDIDATE","1616","0,002","59CC5F9E3012D09AF675270216D431D806333C5C314BE6DF371145D7DD69CD02","","False","","139","False",".js","NOT_REQUIRED","","","NOT_CHECKED","NOT_REQUIRED","False",""
".runtime/n8n/.cache/n8n/public/assets/useEditorContext-legacy-BjZBX2q5.js","RUNTIME_TRANSIENT","IGNORE_POLICY_CANDIDATE","1817","0,002","440B6B749A1D53E17EEBCB59F170A1545B3E8EDEA05236D56E842971FC4742ED","","False","","146","False",".js","NOT_REQUIRED","","","NOT_CHECKED","NOT_REQUIRED","False",""
".runtime/n8n/.cache/n8n/public/assets/useEnvFeatureFlag-B3qIKoGQ.js","RUNTIME_TRANSIENT","IGNORE_POLICY_CANDIDATE","1012","0,001","F3B28E760FBC2FECA2EE292BF9594BD3B86CF936E159C159AA9B948C35A04EC7","","False","","140","False",".js","NOT_REQUIRED","","","NOT_CHECKED","NOT_REQUIRED","False",""
".runtime/n8n/.cache/n8n/public/assets/useEnvFeatureFlag-legacy-C39fi8l8.js","RUNTIME_TRANSIENT","IGNORE_POLICY_CANDIDATE","1189","0,001","4EF33E33B8A83241F30C9B6857AE6DF1D59DB632C7554647CF71237992946243","","False","","147","False",".js","NOT_REQUIRED","","","NOT_CHECKED","NOT_REQUIRED","False",""
".runtime/n8n/.cache/n8n/public/assets/useEvalCollectionsFlag-C1lvP1_1.js","RUNTIME_TRANSIENT","IGNORE_POLICY_CANDIDATE","947","0,001","6FE96C7B0D45CC8048565491BA708E514CCB928B40ABD34C8C6128A48F8DD456","","False","","145","False",".js","NOT_REQUIRED","","","NOT_CHECKED","NOT_REQUIRED","False",""
".runtime/n8n/.cache/n8n/public/assets/useEvalCollectionsFlag-legacy-D3jUy1Mc.js","RUNTIME_TRANSIENT","IGNORE_POLICY_CANDIDATE","1151","0,001","7AC6018A1FC3659CED2B25A7204A263696CA921B384E3DCD22DF67C4B7AC2C31","","False","","152","False",".js","NOT_REQUIRED","","","NOT_CHECKED","NOT_REQUIRED","False",""
".runtime/n8n/.cache/n8n/public/assets/useEvaluationsLicense-DLlQoq0X.js","RUNTIME_TRANSIENT","IGNORE_POLICY_CANDIDATE","927","0,001","A5D308EA41E2435DBA4849D77BBBB5B7C1DF42E93E72E77CBD2C73B22B52D4FF","","False","","144","False",".js","NOT_REQUIRED","","","NOT_CHECKED","NOT_REQUIRED","False",""
".runtime/n8n/.cache/n8n/public/assets/useEvaluationsLicense-legacy-Dc6DgD3v.js","RUNTIME_TRANSIENT","IGNORE_POLICY_CANDIDATE","1088","0,001","DBBFC24BB6917137561E0BAA7DDEC7D60EF1A0DC494ABFBB53667112C5321E0D","","False","","151","False",".js","NOT_REQUIRED","","","NOT_CHECKED","NOT_REQUIRED","False",""
".runtime/n8n/.cache/n8n/public/assets/useExecutionData-DHjg9m0g.js","RUNTIME_TRANSIENT","IGNORE_POLICY_CANDIDATE","948","0,001","94E7A5B0350575A9C41BBB23C2E27F9C02D02A4DBF19EDC80F13F8DF656B12CF","","False","","139","False",".js","NOT_REQUIRED","","","NOT_CHECKED","NOT_REQUIRED","False",""
".runtime/n8n/.cache/n8n/public/assets/useExecutionData-legacy-CS1ENPlm.js","RUNTIME_TRANSIENT","IGNORE_POLICY_CANDIDATE","1119","0,001","167CE2B8F2A67C4CB70EBD35FFE0C865ADB4E1531BBB0230ABB17D746D36007B","","False","","146","False",".js","NOT_REQUIRED","","","NOT_CHECKED","NOT_REQUIRED","False",""
".runtime/n8n/.cache/n8n/public/assets/useExecutionDebugging-B-B9OWHM.js","RUNTIME_TRANSIENT","IGNORE_POLICY_CANDIDATE","66770","0,064","C275EC6C83ABC04CFF5ED3D69345CBDE334D552732CDC3D96FEA89501EAFA4D4","","False","","144","False",".js","NOT_REQUIRED","","","NOT_CHECKED","NOT_REQUIRED","False",""
".runtime/n8n/.cache/n8n/public/assets/useExecutionDebugging-legacy-CJRwajiU.js","RUNTIME_TRANSIENT","IGNORE_POLICY_CANDIDATE","92504","0,088","769A2A584D49BC219A070D7A735EDBBA8520CC423CE9D95A3F35168E006F91F1","","False","","151","False",".js","NOT_REQUIRED","","","NOT_CHECKED","NOT_REQUIRED","False",""
".runtime/n8n/.cache/n8n/public/assets/useExecutionDebugging-vLEQ5ygA.css","RUNTIME_TRANSIENT","IGNORE_POLICY_CANDIDATE","23773","0,023","2AF53B3CC339E74770B56489321E8E83B2E3FFACC299421644FC43B8A1F9B965","","False","","145","False",".css","NOT_REQUIRED","","","NOT_CHECKED","NOT_REQUIRED","False",""
".runtime/n8n/.cache/n8n/public/assets/useExecutionHelpers-JaaN8NBR.js","RUNTIME_TRANSIENT","IGNORE_POLICY_CANDIDATE","2618","0,002","E36C9122D5BC6C4CDE0748EFA3E320046C07558F440C87BB169A5B3FF50891F2","","False","","142","False",".js","NOT_REQUIRED","","","NOT_CHECKED","NOT_REQUIRED","False",""
".runtime/n8n/.cache/n8n/public/assets/useExecutionHelpers-legacy-D-QtCEke.js","RUNTIME_TRANSIENT","IGNORE_POLICY_CANDIDATE","2828","0,003","FE023D41FCB77CA5642CCCDF860F0AFF42AAB8CAD7C56998BA680134E45689F2","","False","","149","False",".js","NOT_REQUIRED","","","NOT_CHECKED","NOT_REQUIRED","False",""
".runtime/n8n/.cache/n8n/public/assets/useExternalHooks-BG38Z6nn.js","RUNTIME_TRANSIENT","IGNORE_POLICY_CANDIDATE","1502","0,001","5951EB886ED1AC88284357AF69CD9F9905C4D4A7E4133C13EEE632692638C9C7","","False","","139","False",".js","NOT_REQUIRED","","","NOT_CHECKED","NOT_REQUIRED","False",""
".runtime/n8n/.cache/n8n/public/assets/useExternalHooks-D-TQwYsO.js","RUNTIME_TRANSIENT","IGNORE_POLICY_CANDIDATE","776","0,001","06E6A4F78650F04DCF38A469EA3C8617D9EF5C67CDD369800AED4F88438FA531","","False","","139","False",".js","NOT_REQUIRED","","","NOT_CHECKED","NOT_REQUIRED","False",""
".runtime/n8n/.cache/n8n/public/assets/useExternalHooks-legacy-CjEzETHA.js","RUNTIME_TRANSIENT","IGNORE_POLICY_CANDIDATE","1761","0,002","3D3556E91995B12DA1B91C84D91A6B886B526B2C60400A84DE02155A18016EEA","","False","","146","False",".js","NOT_REQUIRED","","","NOT_CHECKED","NOT_REQUIRED","False",""
".runtime/n8n/.cache/n8n/public/assets/useExternalHooks-legacy-CxLW2wGm.js","RUNTIME_TRANSIENT","IGNORE_POLICY_CANDIDATE","917","0,001","68603B85809CF6F9C40BC62824802D0F7B84CE0D52D353C3C9D4826D42FE94E0","","False","","146","False",".js","NOT_REQUIRED","","","NOT_CHECKED","NOT_REQUIRED","False",""
".runtime/n8n/.cache/n8n/public/assets/useFreeAiCredits-CRInL3P_.js","RUNTIME_TRANSIENT","IGNORE_POLICY_CANDIDATE","2024","0,002","831BC934D8B199B758257257D2537A9BA05523788A5EC2A446485A98D4531164","","False","","139","False",".js","NOT_REQUIRED","","","NOT_CHECKED","NOT_REQUIRED","False",""
".runtime/n8n/.cache/n8n/public/assets/useFreeAiCredits-legacy-C3-XFmuh.js","RUNTIME_TRANSIENT","IGNORE_POLICY_CANDIDATE","2271","0,002","53067A708FC452F98FEC5BBCE978C9219B0963F26C2ED6330E5D8D53AEB1DAFF","","False","","146","False",".js","NOT_REQUIRED","","","NOT_CHECKED","NOT_REQUIRED","False",""
".runtime/n8n/.cache/n8n/public/assets/useGlobalEntityCreation-DvFx6g8h.js","RUNTIME_TRANSIENT","IGNORE_POLICY_CANDIDATE","8567","0,008","CE95DDE34F591A4ED8F83DF0E8732317250CEB8F6214FEBB8DD821C9149AA8AF","","False","","146","False",".js","NOT_REQUIRED","","","NOT_CHECKED","NOT_REQUIRED","False",""
".runtime/n8n/.cache/n8n/public/assets/useGlobalEntityCreation-legacy-BFq21BBI.js","RUNTIME_TRANSIENT","IGNORE_POLICY_CANDIDATE","8939","0,009","4CAB3584F47E600CFBEF1C7EFC8112041728B0A13D670A7D387E4F0066295DFB","","False","","153","False",".js","NOT_REQUIRED","","","NOT_CHECKED","NOT_REQUIRED","False",""
".runtime/n8n/.cache/n8n/public/assets/useImportCurlCommand-Dkm6luNK.js","RUNTIME_TRANSIENT","IGNORE_POLICY_CANDIDATE","198180","0,189","5A6C7CDA1561E924BEA47E527B0356F432A1A14D3560D3BBA4695DCFC6276FAB","","False","","143","False",".js","NOT_REQUIRED","","","NOT_CHECKED","NOT_REQUIRED","False",""
".runtime/n8n/.cache/n8n/public/assets/useImportCurlCommand-legacy-0Ye5qbHT.js","RUNTIME_TRANSIENT","IGNORE_POLICY_CANDIDATE","202088","0,193","C69D5180E476455CA44D07435151F254F0AE7762F98ACAD30EA17BE4C6349A8A","","False","","150","False",".js","NOT_REQUIRED","","","NOT_CHECKED","NOT_REQUIRED","False",""
".runtime/n8n/.cache/n8n/public/assets/useInjectWorkflowId-CkW_uv1E.js","RUNTIME_TRANSIENT","IGNORE_POLICY_CANDIDATE","714","0,001","1D711A6A026540A38625A8E43BC8EE60883A92643A60FF24AD69776C27DA3AF3","","False","","142","False",".js","NOT_REQUIRED","","","NOT_CHECKED","NOT_REQUIRED","False",""
".runtime/n8n/.cache/n8n/public/assets/useInjectWorkflowId-legacy-DSAfPxTs.js","RUNTIME_TRANSIENT","IGNORE_POLICY_CANDIDATE","872","0,001","81CFAA52265BE2A6BE10FE9C1264EB23A78C38DAB38D8585ACF70D5064DB83BC","","False","","149","False",".js","NOT_REQUIRED","","","NOT_CHECKED","NOT_REQUIRED","False",""
".runtime/n8n/.cache/n8n/public/assets/useInstallNode-DjJmSbTs.js","RUNTIME_TRANSIENT","IGNORE_POLICY_CANDIDATE","2273","0,002","C8F0A7237FE0B04B8E21574A7EB4FE16FD1D05965ED15E3FD688F1D817BC21A9","","False","","137","False",".js","NOT_REQUIRED","","","NOT_CHECKED","NOT_REQUIRED","False",""
".runtime/n8n/.cache/n8n/public/assets/useInstallNode-legacy-Dma6YlUD.js","RUNTIME_TRANSIENT","IGNORE_POLICY_CANDIDATE","2532","0,002","3DD94DF0BEDCC2DEE0D244AC09F038B11466C9448C61C65A1CF912B61730EE4B","","False","","144","False",".js","NOT_REQUIRED","","","NOT_CHECKED","NOT_REQUIRED","False",""
".runtime/n8n/.cache/n8n/public/assets/useInstanceAiAvailability-D2_OfHHm.js","RUNTIME_TRANSIENT","IGNORE_POLICY_CANDIDATE","980","0,001","2DA7A144A74297EFCEA62FD8AD1FF2278E808BD92B82AF58706420716D612C75","","False","","148","False",".js","NOT_REQUIRED","","","NOT_CHECKED","NOT_REQUIRED","False",""
".runtime/n8n/.cache/n8n/public/assets/useInstanceAiAvailability-legacy-GkRSKsc5.js","RUNTIME_TRANSIENT","IGNORE_POLICY_CANDIDATE","1167","0,001","BFAE2D4B0048465287D6F3B74120352D04CE978B7B40E893ACE4D2C8D1B429C7","","False","","155","False",".js","NOT_REQUIRED","","","NOT_CHECKED","NOT_REQUIRED","False",""
".runtime/n8n/.cache/n8n/public/assets/useInstanceAiCredentialHelp-CgVsqWo3.js","RUNTIME_TRANSIENT","IGNORE_POLICY_CANDIDATE","1030","0,001","75A77D57C4A5A5FC74093E4F84FC297011DA58AEAC323504ADBBD1F42C62312E","","False","","150","False",".js","NOT_REQUIRED","","","NOT_CHECKED","NOT_REQUIRED","False",""
".runtime/n8n/.cache/n8n/public/assets/useInstanceAiCredentialHelp-legacy-Dgl0bx5o.js","RUNTIME_TRANSIENT","IGNORE_POLICY_CANDIDATE","1212","0,001","CE07BD03C712B79687F63A9FF9EDBD84E54BBE4292D7CC3AF563181BA18460FE","","False","","157","False",".js","NOT_REQUIRED","","","NOT_CHECKED","NOT_REQUIRED","False",""
".runtime/n8n/.cache/n8n/public/assets/useInstanceAiEditorCapability-CRy7Vunn.js","RUNTIME_TRANSIENT","IGNORE_POLICY_CANDIDATE","738","0,001","5F838453454EEC46E2846057D063E5FD2BC8A7609ADC41576DED164109B43E14","","False","","152","False",".js","NOT_REQUIRED","","","NOT_CHECKED","NOT_REQUIRED","False",""
".runtime/n8n/.cache/n8n/public/assets/useInstanceAiEditorCapability-legacy-CJEVkLQO.js","RUNTIME_TRANSIENT","IGNORE_POLICY_CANDIDATE","891","0,001","6DBEF92CDBC68A0DC140F16BA19BCDCFC9EC8A3100182491AD48DE37E588C90D","","False","","159","False",".js","NOT_REQUIRED","","","NOT_CHECKED","NOT_REQUIRED","False",""
".runtime/n8n/.cache/n8n/public/assets/useInstanceAiHandoff-legacy-CweL-8Ex.js","RUNTIME_TRANSIENT","IGNORE_POLICY_CANDIDATE","4711","0,004","B6EDDE78ED2B9E04436368D486A5F794520A684C82AAF3C1348D4E8D003A212F","","False","","150","False",".js","NOT_REQUIRED","","","NOT_CHECKED","NOT_REQUIRED","False",""
".runtime/n8n/.cache/n8n/public/assets/useInstanceAiHandoff-mrbpe4Bu.js","RUNTIME_TRANSIENT","IGNORE_POLICY_CANDIDATE","4510","0,004","9E1D8649719DF324CC46EB1BF73D54BD95DCFA55488F72B2CD3ACC79291A182A","","False","","143","False",".js","NOT_REQUIRED","","","NOT_CHECKED","NOT_REQUIRED","False",""
".runtime/n8n/.cache/n8n/public/assets/useIntersectionObserver-CCBxe63A.js","RUNTIME_TRANSIENT","IGNORE_POLICY_CANDIDATE","967","0,001","7F03D11800F17EA315A8C427D6E9402D3196343D76230E37C6029696A1508F6E","","False","","146","False",".js","NOT_REQUIRED","","","NOT_CHECKED","NOT_REQUIRED","False",""
".runtime/n8n/.cache/n8n/public/assets/useIntersectionObserver-legacy-GM0VmGg_.js","RUNTIME_TRANSIENT","IGNORE_POLICY_CANDIDATE","1129","0,001","DDBB74CE3315C574522FC3BAD0E0B24FE50AAC8FC6A7C035363E886C571C5C76","","False","","153","False",".js","NOT_REQUIRED","","","NOT_CHECKED","NOT_REQUIRED","False",""
".runtime/n8n/.cache/n8n/public/assets/useKeybindings-CzAwxD1Q.js","RUNTIME_TRANSIENT","IGNORE_POLICY_CANDIDATE","2492","0,002","B57A74522DA7113BA5204177CBCDF9DA8F567814428D0FD61CCE2E7100D1F0B1","","False","","137","False",".js","NOT_REQUIRED","","","NOT_CHECKED","NOT_REQUIRED","False",""
".runtime/n8n/.cache/n8n/public/assets/useKeybindings-legacy-B_aDbclO.js","RUNTIME_TRANSIENT","IGNORE_POLICY_CANDIDATE","2709","0,003","536A1CEDEC7BFE69F61645160EF4CF02882F4BAFBDB784C5F39E768FAE94279D","","False","","144","False",".js","NOT_REQUIRED","","","NOT_CHECKED","NOT_REQUIRED","False",""
".runtime/n8n/.cache/n8n/public/assets/useLatestFetch-BKPWa6St.js","RUNTIME_TRANSIENT","IGNORE_POLICY_CANDIDATE","663","0,001","9A57EC1915C8B5BCC5648BED206667E3A72176C1010F4F8E98F7CCAE4E376208","","False","","137","False",".js","NOT_REQUIRED","","","NOT_CHECKED","NOT_REQUIRED","False",""
".runtime/n8n/.cache/n8n/public/assets/useLatestFetch-legacy-CtyhNQOR.js","RUNTIME_TRANSIENT","IGNORE_POLICY_CANDIDATE","798","0,001","03273382F9C046E9E66B3A3DD8E1D53F47C4EC7AF30BEB09F6532C63CC09587C","","False","","144","False",".js","NOT_REQUIRED","","","NOT_CHECKED","NOT_REQUIRED","False",""
".runtime/n8n/.cache/n8n/public/assets/useLoadingService-CBqhiuQ4.js","RUNTIME_TRANSIENT","IGNORE_POLICY_CANDIDATE","5498","0,005","F5DC7F05B5FF8501B53C13661D56DE6D5BF15A314CA5478F216AB9A03BC96B52","","False","","140","False",".js","NOT_REQUIRED","","","NOT_CHECKED","NOT_REQUIRED","False",""
".runtime/n8n/.cache/n8n/public/assets/useLoadingService-legacy-C2q2Hipq.js","RUNTIME_TRANSIENT","IGNORE_POLICY_CANDIDATE","5888","0,006","0B56620F5DDBDF2BEA14FAB8A02BCF75E4C7ED3632B54C6AF71105EF9DBF1381","","False","","147","False",".js","NOT_REQUIRED","","","NOT_CHECKED","NOT_REQUIRED","False",""
".runtime/n8n/.cache/n8n/public/assets/useLogsTreeExpand-DHVWezLy.js","RUNTIME_TRANSIENT","IGNORE_POLICY_CANDIDATE","5824","0,006","05AAC0E6574882043C094FBB6F95F89F94D8F2A68CA69F039068F2929330D5B6","","False","","140","False",".js","NOT_REQUIRED","","","NOT_CHECKED","NOT_REQUIRED","False",""
".runtime/n8n/.cache/n8n/public/assets/useLogsTreeExpand-DlCDVDZM.css","RUNTIME_TRANSIENT","IGNORE_POLICY_CANDIDATE","865","0,001","AA56B5F0AF4FA05913383FCF5F206FDAEE7CECEF4BA1FE866C4275F46ABCFB7A","","False","","141","False",".css","NOT_REQUIRED","","","NOT_CHECKED","NOT_REQUIRED","False",""
".runtime/n8n/.cache/n8n/public/assets/useLogsTreeExpand-legacy-BGcJljys.js","RUNTIME_TRANSIENT","IGNORE_POLICY_CANDIDATE","7129","0,007","82B78476840B9B6C6B442A6878EE80A44F8AEE63D77FC1882A0B52350F47D11D","","False","","147","False",".js","NOT_REQUIRED","","","NOT_CHECKED","NOT_REQUIRED","False",""
".runtime/n8n/.cache/n8n/public/assets/useMcp-I4Waqj2P.js","RUNTIME_TRANSIENT","IGNORE_POLICY_CANDIDATE","828","0,001","BD26F36D664EC82BDB05A8BD5AB13C133D716ACC6EDEB3213A971FD6D8D0F23D","","False","","129","False",".js","NOT_REQUIRED","","","NOT_CHECKED","NOT_REQUIRED","False",""
".runtime/n8n/.cache/n8n/public/assets/useMcp-legacy-bcwu-cc-.js","RUNTIME_TRANSIENT","IGNORE_POLICY_CANDIDATE","983","0,001","C0CED8B517FFAF56A0A039C5EBCC295B1322AAAA02798E4FB064D260504078EA","","False","","136","False",".js","NOT_REQUIRED","","","NOT_CHECKED","NOT_REQUIRED","False",""
".runtime/n8n/.cache/n8n/public/assets/useMcpServerAdapter-ByjwSe2a.js","RUNTIME_TRANSIENT","IGNORE_POLICY_CANDIDATE","5127","0,005","D31BF59B9C6A99F945C637625E10E6DA04874B88D1A4189E7CCECDFEE3046242","","False","","142","False",".js","NOT_REQUIRED","","","NOT_CHECKED","NOT_REQUIRED","False",""
".runtime/n8n/.cache/n8n/public/assets/useMcpServerAdapter-legacy-DK1xoLfC.js","RUNTIME_TRANSIENT","IGNORE_POLICY_CANDIDATE","5217","0,005","A9962144BFB962A95226BA60D875CA3F997AD3898C1BB99B94786647BE8D4B99","","False","","149","False",".js","NOT_REQUIRED","","","NOT_CHECKED","NOT_REQUIRED","False",""
".runtime/n8n/.cache/n8n/public/assets/useMessage-BplE3Jc8.js","RUNTIME_TRANSIENT","IGNORE_POLICY_CANDIDATE","547","0,001","A7CB66C56E0A07F031A2B03BFB56591DB49AD03B15194492DB09D361ED781BA2","","False","","133","False",".js","NOT_REQUIRED","","","NOT_CHECKED","NOT_REQUIRED","False",""
".runtime/n8n/.cache/n8n/public/assets/useMessage-legacy-2vdiQrK1.js","RUNTIME_TRANSIENT","IGNORE_POLICY_CANDIDATE","695","0,001","D688694C4682417CBED8D4A9CF18FA9616F145D751CF22CDA44E077D52DADFAC","","False","","140","False",".js","NOT_REQUIRED","","","NOT_CHECKED","NOT_REQUIRED","False",""
".runtime/n8n/.cache/n8n/public/assets/useMoveResourceToProjectToast-DhGkkIAu.js","RUNTIME_TRANSIENT","IGNORE_POLICY_CANDIDATE","2914","0,003","674B76518A3BAA68403E5877D14C2F88EA9D631941A1B44BBC8C3B61A1435564","","False","","152","False",".js","NOT_REQUIRED","","","NOT_CHECKED","NOT_REQUIRED","False",""
".runtime/n8n/.cache/n8n/public/assets/useMoveResourceToProjectToast-legacy-CdrQZBoG.js","RUNTIME_TRANSIENT","IGNORE_POLICY_CANDIDATE","3174","0,003","1CB79394A020F56DE56A647D6E29059D06FCED653B2B6726E55E190469C05001","","False","","159","False",".js","NOT_REQUIRED","","","NOT_CHECKED","NOT_REQUIRED","False",""
".runtime/n8n/.cache/n8n/public/assets/useNodeCreatorShortcutCoachmark-BCU5VQKt.js","RUNTIME_TRANSIENT","IGNORE_POLICY_CANDIDATE","1146","0,001","83467EA98E97917403D1582141839F11317EC28909BAAEEBD247EBE77CEC79F6","","False","","154","False",".js","NOT_REQUIRED","","","NOT_CHECKED","NOT_REQUIRED","False",""
".runtime/n8n/.cache/n8n/public/assets/useNodeCreatorShortcutCoachmark-legacy-pbn0TkZ5.js","RUNTIME_TRANSIENT","IGNORE_POLICY_CANDIDATE","1318","0,001","D390741D37BB725396879F1D923EEA2CA7B2E63CB9F41EA2478257B5D180E187","","False","","161","False",".js","NOT_REQUIRED","","","NOT_CHECKED","NOT_REQUIRED","False",""
".runtime/n8n/.cache/n8n/public/assets/useNodeHelpers-ZXUiSEHI.js","RUNTIME_TRANSIENT","IGNORE_POLICY_CANDIDATE","18529","0,018","185E6FE7637EB7DC75BAEE8538B1F113402E07CEE4993C05A0B3AE5E7E50338F","","False","","137","False",".js","NOT_REQUIRED","","","NOT_CHECKED","NOT_REQUIRED","False",""
".runtime/n8n/.cache/n8n/public/assets/useNodeHelpers-legacy-CFdMqjXX.js","RUNTIME_TRANSIENT","IGNORE_POLICY_CANDIDATE","19047","0,018","6D42DF71D8F5CED12B1DC56370A19A29A7D79BA0696B3F6636556E3E781BD0E4","","False","","144","False",".js","NOT_REQUIRED","","","NOT_CHECKED","NOT_REQUIRED","False",""
".runtime/n8n/.cache/n8n/public/assets/usePageRedirectionHelper-cMSKh7XZ.js","RUNTIME_TRANSIENT","IGNORE_POLICY_CANDIDATE","2664","0,003","EB9C7CE870B4D0F0CCF0EC66321913D3B0CAFA37F80C69AD8B13E962E32D2990","","False","","147","False",".js","NOT_REQUIRED","","","NOT_CHECKED","NOT_REQUIRED","False",""
".runtime/n8n/.cache/n8n/public/assets/usePageRedirectionHelper-legacy-2VsJbNfS.js","RUNTIME_TRANSIENT","IGNORE_POLICY_CANDIDATE","2914","0,003","003FE705D05A4ACF07D830C8C2DA56084D2A490B6BA99363B97B35311B31C949","","False","","154","False",".js","NOT_REQUIRED","","","NOT_CHECKED","NOT_REQUIRED","False",""
".runtime/n8n/.cache/n8n/public/assets/usePinnedData-CWBUl4Ru.js","RUNTIME_TRANSIENT","IGNORE_POLICY_CANDIDATE","5101","0,005","78F76F4F1EE00315EE19DBE737FF4D14F3344DBA5B44DC09D131621F16D7ED0C","","False","","136","False",".js","NOT_REQUIRED","","","NOT_CHECKED","NOT_REQUIRED","False",""
".runtime/n8n/.cache/n8n/public/assets/usePinnedData-legacy-CL9FCkrL.js","RUNTIME_TRANSIENT","IGNORE_POLICY_CANDIDATE","5416","0,005","34B05E60859012D1EDF2943C1AE53232C82BDDF074BA7D99598A3D4D5BFAEEBE","","False","","143","False",".js","NOT_REQUIRED","","","NOT_CHECKED","NOT_REQUIRED","False",""
".runtime/n8n/.cache/n8n/public/assets/usePostMessageHandler-Dm0FIqEE.js","RUNTIME_TRANSIENT","IGNORE_POLICY_CANDIDATE","6190","0,006","9662F1EC161B43E87A722A9C34C3BA3763F33CD076DFF3CF0235309D45CB21A6","","False","","144","False",".js","NOT_REQUIRED","","","NOT_CHECKED","NOT_REQUIRED","False",""
".runtime/n8n/.cache/n8n/public/assets/usePostMessageHandler-legacy-Bq3mcEpp.js","RUNTIME_TRANSIENT","IGNORE_POLICY_CANDIDATE","5740","0,005","7404C5D4E66C5DE1FB839ED69B888FE56D60FBF1D25EBDC4560B3AC2E85EFDBD","","False","","151","False",".js","NOT_REQUIRED","","","NOT_CHECKED","NOT_REQUIRED","False",""
".runtime/n8n/.cache/n8n/public/assets/usePrivateCredentials-B-PqVGhp.js","RUNTIME_TRANSIENT","IGNORE_POLICY_CANDIDATE","821","0,001","202E0233BEEF263BEA87FE0B33BD9ACC1E55CDF9937B4C921699F7194FF5226B","","False","","144","False",".js","NOT_REQUIRED","","","NOT_CHECKED","NOT_REQUIRED","False",""
".runtime/n8n/.cache/n8n/public/assets/usePrivateCredentials-legacy-DcuT-5oR.js","RUNTIME_TRANSIENT","IGNORE_POLICY_CANDIDATE","997","0,001","0E4104D40723E9D9FA46723C3964DDED7025A0EE3F14784FF8F0B031F0F97352","","False","","151","False",".js","NOT_REQUIRED","","","NOT_CHECKED","NOT_REQUIRED","False",""
".runtime/n8n/.cache/n8n/public/assets/useProjectAgentsList-OPWrb6kp.js","RUNTIME_TRANSIENT","IGNORE_POLICY_CANDIDATE","1567","0,001","3325D048CC482F3A7CB0E7ACCD2E31053B687AC048C91CE2BEBB778F4F4B9F9E","","False","","143","False",".js","NOT_REQUIRED","","","NOT_CHECKED","NOT_REQUIRED","False",""
".runtime/n8n/.cache/n8n/public/assets/useProjectAgentsList-legacy-BMkXheS5.js","RUNTIME_TRANSIENT","IGNORE_POLICY_CANDIDATE","1722","0,002","BAE8513E62B4561B4D65ABDFB09B690E0D42AA90831AD1021D6A315258F0BCE8","","False","","150","False",".js","NOT_REQUIRED","","","NOT_CHECKED","NOT_REQUIRED","False",""
".runtime/n8n/.cache/n8n/public/assets/usePushConnection-B9DEfYOo.js","RUNTIME_TRANSIENT","IGNORE_POLICY_CANDIDATE","16857","0,016","2BE942A46D7D6C8D861BDE88CC3E3B70862F6AF992544B631815F747D3BBDD20","","False","","140","False",".js","NOT_REQUIRED","","","NOT_CHECKED","NOT_REQUIRED","False",""
".runtime/n8n/.cache/n8n/public/assets/usePushConnection-legacy-KCKXW_H5.js","RUNTIME_TRANSIENT","IGNORE_POLICY_CANDIDATE","709","0,001","CAABFE786BF111373261ECD4BB0EB9F01BB2CD60402BFD16B869298FF9D5630B","","False","","147","False",".js","NOT_REQUIRED","","","NOT_CHECKED","NOT_REQUIRED","False",""
".runtime/n8n/.cache/n8n/public/assets/usePushConnection-legacy-aIk1vlm7.js","RUNTIME_TRANSIENT","IGNORE_POLICY_CANDIDATE","17412","0,017","265FA1682BD15FCFA57FF6156D21E2FD0E8BE8349F738A8E36F0A4223FCE133C","","False","","147","False",".js","NOT_REQUIRED","","","NOT_CHECKED","NOT_REQUIRED","False",""
".runtime/n8n/.cache/n8n/public/assets/usePushConnection-znyfnm7N.js","RUNTIME_TRANSIENT","IGNORE_POLICY_CANDIDATE","561","0,001","ECF9F715C13EC9839B62689F81E285CDC1763BF3E054D4E01E47A73AA8C4A7D1","","False","","140","False",".js","NOT_REQUIRED","","","NOT_CHECKED","NOT_REQUIRED","False",""
".runtime/n8n/.cache/n8n/public/assets/useResizablePanel-DToH7rLg.js","RUNTIME_TRANSIENT","IGNORE_POLICY_CANDIDATE","1990","0,002","224B87B0CE86D60F971CD197BD2A006A00DFF4173ABF60EB8F6CBC4063A7C177","","False","","140","False",".js","NOT_REQUIRED","","","NOT_CHECKED","NOT_REQUIRED","False",""
".runtime/n8n/.cache/n8n/public/assets/useResizablePanel-legacy-BUoCmTcU.js","RUNTIME_TRANSIENT","IGNORE_POLICY_CANDIDATE","2160","0,002","0A2739D35AD7286F4517281A85E679811B23BC8BF09BEA6931BA2CC7E4D4493A","","False","","147","False",".js","NOT_REQUIRED","","","NOT_CHECKED","NOT_REQUIRED","False",""
".runtime/n8n/.cache/n8n/public/assets/useRoleEditorForm-CoHuuJFP.css","RUNTIME_TRANSIENT","IGNORE_POLICY_CANDIDATE","494","0","ABD6C6033796F144041046BEDDFB631C3B4BAF8D911EC1653E72139361CDA7E6","","False","","141","False",".css","NOT_REQUIRED","","","NOT_CHECKED","NOT_REQUIRED","False",""
".runtime/n8n/.cache/n8n/public/assets/useRoleEditorForm-QXEHIaZq.js","RUNTIME_TRANSIENT","IGNORE_POLICY_CANDIDATE","6602","0,006","910A346383512D2D092ABA46D5B4A7BDD5827A0FC202D690B2F0E94A90030BA7","","False","","140","False",".js","NOT_REQUIRED","","","NOT_CHECKED","NOT_REQUIRED","False",""
".runtime/n8n/.cache/n8n/public/assets/useRoleEditorForm-legacy-Bb_iT9Xy.js","RUNTIME_TRANSIENT","IGNORE_POLICY_CANDIDATE","7590","0,007","F641D81A45F81816CF89735139C5C4C7B331968EB6A694841C386AE8B4261476","","False","","147","False",".js","NOT_REQUIRED","","","NOT_CHECKED","NOT_REQUIRED","False",""
".runtime/n8n/.cache/n8n/public/assets/useRootStore-Wpp-WlU-.js","RUNTIME_TRANSIENT","IGNORE_POLICY_CANDIDATE","65914","0,063","5F5DAB48F37AF82042400EE54B05F259D4C9DCE3ED079224B1D3EDE39F383420","","False","","135","False",".js","NOT_REQUIRED","","","NOT_CHECKED","NOT_REQUIRED","False",""
".runtime/n8n/.cache/n8n/public/assets/useRootStore-legacy-DxYBK9W6.js","RUNTIME_TRANSIENT","IGNORE_POLICY_CANDIDATE","66940","0,064","EEBD4E5281435EF224E89A48B57A599FF06ED664D0C54DA7B1E1782F7CB2C095","","False","","142","False",".js","NOT_REQUIRED","","","NOT_CHECKED","NOT_REQUIRED","False",""
".runtime/n8n/.cache/n8n/public/assets/useRunWorkflow-Yr0Kca5p.js","RUNTIME_TRANSIENT","IGNORE_POLICY_CANDIDATE","14691","0,014","6420798FC5FCA5936C18E83992401D52633DF9EB9CA0B7816E7A7A12E5CA42EB","","False","","137","False",".js","NOT_REQUIRED","","","NOT_CHECKED","NOT_REQUIRED","False",""
".runtime/n8n/.cache/n8n/public/assets/useRunWorkflow-legacy-Bm08VwFG.js","RUNTIME_TRANSIENT","IGNORE_POLICY_CANDIDATE","15296","0,015","3E0B15B08D22BD9177DE841685CE75FB5783424A862466BBB61AB96E7BE1AFEE","","False","","144","False",".js","NOT_REQUIRED","","","NOT_CHECKED","NOT_REQUIRED","False",""
".runtime/n8n/.cache/n8n/public/assets/useSecretsProviderConnection.ee-DUUMH6KN.js","RUNTIME_TRANSIENT","IGNORE_POLICY_CANDIDATE","1846","0,002","0A94AF0CF533FFCFC63260BE868324F5C75BCCEB763DD39BFAFF5C5DB55017D6","","False","","154","False",".js","NOT_REQUIRED","","","NOT_CHECKED","NOT_REQUIRED","False",""
".runtime/n8n/.cache/n8n/public/assets/useSecretsProviderConnection.ee-legacy-mC4lC8v2.js","RUNTIME_TRANSIENT","IGNORE_POLICY_CANDIDATE","1997","0,002","A26068184F2BF44B2F764B5F3817BED11B7287C61D0DC3B4E8C4047640016BBE","","False","","161","False",".js","NOT_REQUIRED","","","NOT_CHECKED","NOT_REQUIRED","False",""
".runtime/n8n/.cache/n8n/public/assets/useSecretsProvidersList.ee-CtUXWqnz.js","RUNTIME_TRANSIENT","IGNORE_POLICY_CANDIDATE","1815","0,002","B74B1C51495D6C73FAD8DBE56116F7285E5C3FCB6C1C909D25294D7CC5EC2A9C","","False","","149","False",".js","NOT_REQUIRED","","","NOT_CHECKED","NOT_REQUIRED","False",""
".runtime/n8n/.cache/n8n/public/assets/useSecretsProvidersList.ee-legacy-CWPUDn9D.js","RUNTIME_TRANSIENT","IGNORE_POLICY_CANDIDATE","2031","0,002","10838C6E7303D246C7436CFC1162DA31CCE696E80B8C8F034D1B70215A74747A","","False","","156","False",".js","NOT_REQUIRED","","","NOT_CHECKED","NOT_REQUIRED","False",""
".runtime/n8n/.cache/n8n/public/assets/useSettingsItems-BnZfv3e5.js","RUNTIME_TRANSIENT","IGNORE_POLICY_CANDIDATE","4924","0,005","ABFCF50086168E65736D7B019D99A6561348D75406433F33C44ACABB616DE598","","False","","139","False",".js","NOT_REQUIRED","","","NOT_CHECKED","NOT_REQUIRED","False",""
".runtime/n8n/.cache/n8n/public/assets/useSettingsItems-legacy-D5RqQcBt.js","RUNTIME_TRANSIENT","IGNORE_POLICY_CANDIDATE","5208","0,005","240F53EE678C306401523049F000F6124B58E31A666D7AC43D714D5A4CFDBDB7","","False","","146","False",".js","NOT_REQUIRED","","","NOT_CHECKED","NOT_REQUIRED","False",""
".runtime/n8n/.cache/n8n/public/assets/useSidebarLayout-CKtkIRSM.js","RUNTIME_TRANSIENT","IGNORE_POLICY_CANDIDATE","1198","0,001","2AC68B00F8D66AABC629FA0630E7637A3B71B34D3B2D521896B6AEC8204F1534","","False","","139","False",".js","NOT_REQUIRED","","","NOT_CHECKED","NOT_REQUIRED","False",""
".runtime/n8n/.cache/n8n/public/assets/useSidebarLayout-legacy-CF7JH68N.js","RUNTIME_TRANSIENT","IGNORE_POLICY_CANDIDATE","1329","0,001","EE7D902E058897542647250B1C08BCE981FD8CB96582384D129DAE462BCA0412","","False","","146","False",".js","NOT_REQUIRED","","","NOT_CHECKED","NOT_REQUIRED","False",""
".runtime/n8n/.cache/n8n/public/assets/useStyles-BdmG0eEV.js","RUNTIME_TRANSIENT","IGNORE_POLICY_CANDIDATE","823","0,001","64167E5B4CD2AEE7657BAEBC9FD7AAABC70A9F6688A550E9195E75799686D717","","False","","132","False",".js","NOT_REQUIRED","","","NOT_CHECKED","NOT_REQUIRED","False",""
".runtime/n8n/.cache/n8n/public/assets/useStyles-legacy-BJAXdtjy.js","RUNTIME_TRANSIENT","IGNORE_POLICY_CANDIDATE","971","0,001","E094DABAFC374D9AC9B2E1377CA78CD41C5F297D31776DDCB491C0EF50BA8842","","False","","139","False",".js","NOT_REQUIRED","","","NOT_CHECKED","NOT_REQUIRED","False",""
".runtime/n8n/.cache/n8n/public/assets/useTagPermissions-4fmkjbAn.js","RUNTIME_TRANSIENT","IGNORE_POLICY_CANDIDATE","1281","0,001","163E998480A048A4F7C558FC5DB8FA52A1212891216E68B131735D2E212761AB","","False","","140","False",".js","NOT_REQUIRED","","","NOT_CHECKED","NOT_REQUIRED","False",""
".runtime/n8n/.cache/n8n/public/assets/useTagPermissions-legacy-QDYCSXxS.js","RUNTIME_TRANSIENT","IGNORE_POLICY_CANDIDATE","1463","0,001","3CE8634594CF4BABF48D8283240419FCEA066F75A3100F677B977F1656B9E4A0","","False","","147","False",".js","NOT_REQUIRED","","","NOT_CHECKED","NOT_REQUIRED","False",""
".runtime/n8n/.cache/n8n/public/assets/useTelemetry-legacy-mX2EJsmB.js","RUNTIME_TRANSIENT","IGNORE_POLICY_CANDIDATE","1056","0,001","D6CCF14752346C42124A7B131099278848FEE1AE1ABEBB7029301270B1E77ECE","","False","","142","False",".js","NOT_REQUIRED","","","NOT_CHECKED","NOT_REQUIRED","False",""
".runtime/n8n/.cache/n8n/public/assets/useTelemetry-madv5f-q.js","RUNTIME_TRANSIENT","IGNORE_POLICY_CANDIDATE","906","0,001","9C49C8951234D7E0435F6DAEC25C712773F1F3153C6C73905861A9887798C3A1","","False","","135","False",".js","NOT_REQUIRED","","","NOT_CHECKED","NOT_REQUIRED","False",""
".runtime/n8n/.cache/n8n/public/assets/useTelemetryContext-CWjs36qh.js","RUNTIME_TRANSIENT","IGNORE_POLICY_CANDIDATE","1272","0,001","56BBC5041C7642B13250E87317353F32191827900CEE1852F3E570051C5A60AE","","False","","142","False",".js","NOT_REQUIRED","","","NOT_CHECKED","NOT_REQUIRED","False",""
".runtime/n8n/.cache/n8n/public/assets/useTelemetryContext-DP1IjWBS.css","RUNTIME_TRANSIENT","IGNORE_POLICY_CANDIDATE","788","0,001","C5974E919B879FF5818FADE15BEC896925372E0178215F6FFFF3B4A4142AAC91","","False","","143","False",".css","NOT_REQUIRED","","","NOT_CHECKED","NOT_REQUIRED","False",""
".runtime/n8n/.cache/n8n/public/assets/useTelemetryContext-legacy-D_bAN9Gl.js","RUNTIME_TRANSIENT","IGNORE_POLICY_CANDIDATE","2327","0,002","28CF98F44A05EF013A7245DE20B707B9DFF27BAA86FD94D5CEB3BB3EDB92FCCB","","False","","149","False",".js","NOT_REQUIRED","","","NOT_CHECKED","NOT_REQUIRED","False",""
".runtime/n8n/.cache/n8n/public/assets/useToast-legacy-CXoWrDXB.js","RUNTIME_TRANSIENT","IGNORE_POLICY_CANDIDATE","8708","0,008","B0EF7362E7AE7CA88C3FFD9E3AD13BA480211363251C13ABF8FE12E0DCC9DA62","","False","","138","False",".js","NOT_REQUIRED","","","NOT_CHECKED","NOT_REQUIRED","False",""
".runtime/n8n/.cache/n8n/public/assets/useToast-s_kUM56z.js","RUNTIME_TRANSIENT","IGNORE_POLICY_CANDIDATE","8137","0,008","02A05A24DF7654E7A0225A14009CC04E45F05D70BB49FAB29299564A128BF231","","False","","131","False",".js","NOT_REQUIRED","","","NOT_CHECKED","NOT_REQUIRED","False",""
".runtime/n8n/.cache/n8n/public/assets/useWorkflowActivate-C0cb1rQ2.js","RUNTIME_TRANSIENT","IGNORE_POLICY_CANDIDATE","3850","0,004","23FEC944EF290EA3C23084C20E901F42B4CF79CA81B67054A7520CCC7AC78403","","False","","142","False",".js","NOT_REQUIRED","","","NOT_CHECKED","NOT_REQUIRED","False",""
".runtime/n8n/.cache/n8n/public/assets/useWorkflowActivate-legacy-D31ZwHiz.js","RUNTIME_TRANSIENT","IGNORE_POLICY_CANDIDATE","4150","0,004","34D33A8E4022B1D191FD5B04735D6AC582A7237AA3B1520B0C20DF419BE5B4DA","","False","","149","False",".js","NOT_REQUIRED","","","NOT_CHECKED","NOT_REQUIRED","False",""
".runtime/n8n/.cache/n8n/public/assets/useWorkflowDocumentRenderData--tn5b95r.css","RUNTIME_TRANSIENT","IGNORE_POLICY_CANDIDATE","39855","0,038","4DB8330A022C6D477893F05B4C70C00F053E00C59331359A3F9A1741310E9E0A","","False","","153","False",".css","NOT_REQUIRED","","","NOT_CHECKED","NOT_REQUIRED","False",""
".runtime/n8n/.cache/n8n/public/assets/useWorkflowDocumentRenderData-BwwNoyZr.js","RUNTIME_TRANSIENT","IGNORE_POLICY_CANDIDATE","282223","0,269","B81808AF4401E6DACBD1029A3C32646F65943CAFD94904E37D30DBF4AAAC3BFE","","False","","152","False",".js","NOT_REQUIRED","","","NOT_CHECKED","NOT_REQUIRED","False",""
".runtime/n8n/.cache/n8n/public/assets/useWorkflowDocumentRenderData-legacy-lEKtIRGx.js","RUNTIME_TRANSIENT","IGNORE_POLICY_CANDIDATE","326826","0,312","DCFC21D8AB4AE11DE05484702CE4F732A62157117A1C698352E490134BB36FEE","","False","","159","False",".js","NOT_REQUIRED","","","NOT_CHECKED","NOT_REQUIRED","False",""
".runtime/n8n/.cache/n8n/public/assets/useWorkflowEvaluationState-OKIb3wDN.js","RUNTIME_TRANSIENT","IGNORE_POLICY_CANDIDATE","2058","0,002","D3902A3EEA1C6FB9F9023736A0A889C9887182DDDE5A619E9C2C4ECE02C70006","","False","","149","False",".js","NOT_REQUIRED","","","NOT_CHECKED","NOT_REQUIRED","False",""
".runtime/n8n/.cache/n8n/public/assets/useWorkflowEvaluationState-legacy-C0W8mdaH.js","RUNTIME_TRANSIENT","IGNORE_POLICY_CANDIDATE","2272","0,002","55DE757C7EDC62F9C7E045FF20CDCBF6F0475064C7488E19253C105541BDC09C","","False","","156","False",".js","NOT_REQUIRED","","","NOT_CHECKED","NOT_REQUIRED","False",""
".runtime/n8n/.cache/n8n/public/assets/useWorkflowInitialization-DeEKXhft.js","RUNTIME_TRANSIENT","IGNORE_POLICY_CANDIDATE","7929","0,008","FFABBFC5E46FFFAF55495F52B71218AEBDA6EA817AD123041C8FF53326E9721C","","False","","148","False",".js","NOT_REQUIRED","","","NOT_CHECKED","NOT_REQUIRED","False",""
".runtime/n8n/.cache/n8n/public/assets/useWorkflowInitialization-legacy-BZHj6UWX.js","RUNTIME_TRANSIENT","IGNORE_POLICY_CANDIDATE","8447","0,008","0F23213F12D8091E80D11C946CF4BBABC92C55B260351F439746260FBF6A94D2","","False","","155","False",".js","NOT_REQUIRED","","","NOT_CHECKED","NOT_REQUIRED","False",""
".runtime/n8n/.cache/n8n/public/assets/useWorkflowReviewsFeature-CY2rk8lv.js","RUNTIME_TRANSIENT","IGNORE_POLICY_CANDIDATE","1082","0,001","2BBDDEF223C5C2F40087CE3F15FFFAEE4BA26D059D30FEC44CAF600FD1BF6242","","False","","148","False",".js","NOT_REQUIRED","","","NOT_CHECKED","NOT_REQUIRED","False",""
".runtime/n8n/.cache/n8n/public/assets/useWorkflowReviewsFeature-legacy-DSpyIUxv.js","RUNTIME_TRANSIENT","IGNORE_POLICY_CANDIDATE","1280","0,001","8B748239721F2D2E548E5546117283E38F0DF91AB131F1CFFB855AF8D4377F7D","","False","","155","False",".js","NOT_REQUIRED","","","NOT_CHECKED","NOT_REQUIRED","False",""
".runtime/n8n/.cache/n8n/public/assets/useWorkflowsEmptyState-C5Y9eOlz.css","RUNTIME_TRANSIENT","IGNORE_POLICY_CANDIDATE","162","0","B61BC8EEA8CBB865D662EE2E9BF9AC1A07BE96015921F2F8FD2051A3C9DE3179","","False","","146","False",".css","NOT_REQUIRED","","","NOT_CHECKED","NOT_REQUIRED","False",""
".runtime/n8n/.cache/n8n/public/assets/useWorkflowsEmptyState-DSEhtSP6.js","RUNTIME_TRANSIENT","IGNORE_POLICY_CANDIDATE","2786","0,003","B757350016A6B3FA1FD8AEEF8DAED56DDBC3B151CF97E8835FFE31587455E251","","False","","145","False",".js","NOT_REQUIRED","","","NOT_CHECKED","NOT_REQUIRED","False",""
".runtime/n8n/.cache/n8n/public/assets/useWorkflowsEmptyState-legacy-CeU0etxF.js","RUNTIME_TRANSIENT","IGNORE_POLICY_CANDIDATE","3309","0,003","72D05617020921CF8CA0BBDB7B4CD8C4DB5DAF71EDE4A566BA3D7718E648ACDE","","False","","152","False",".js","NOT_REQUIRED","","","NOT_CHECKED","NOT_REQUIRED","False",""
".runtime/n8n/.cache/n8n/public/assets/userRoleProvisioning.store-CXJGSQLf.js","RUNTIME_TRANSIENT","IGNORE_POLICY_CANDIDATE","1186","0,001","9A57587B8430B9E54A6FF93993E0D92FC96F6DEF29B0A244E5C4CE67C1088AFC","","False","","149","False",".js","NOT_REQUIRED","","","NOT_CHECKED","NOT_REQUIRED","False",""
".runtime/n8n/.cache/n8n/public/assets/userRoleProvisioning.store-legacy-8_2PAlrf.js","RUNTIME_TRANSIENT","IGNORE_POLICY_CANDIDATE","1357","0,001","7B32C6FC06031B00A341FDEFC928A6270E020F1D6185B76B04237C289207967D","","False","","156","False",".js","NOT_REQUIRED","","","NOT_CHECKED","NOT_REQUIRED","False",""
".runtime/n8n/.cache/n8n/public/assets/users.store-DMVgJBNH.js","RUNTIME_TRANSIENT","IGNORE_POLICY_CANDIDATE","6351","0,006","246A03903E9169DE676DAD32DA7DC610394627BB934C808A01020EB1CA6C21FE","","False","","134","False",".js","NOT_REQUIRED","","","NOT_CHECKED","NOT_REQUIRED","False",""
".runtime/n8n/.cache/n8n/public/assets/users.store-legacy-DuBMP7Sl.js","RUNTIME_TRANSIENT","IGNORE_POLICY_CANDIDATE","6513","0,006","9A133B1605817EF091243D4C77012B1140EA5217C1BDC4A6BA2FD2684FC844C2","","False","","141","False",".js","NOT_REQUIRED","","","NOT_CHECKED","NOT_REQUIRED","False",""
".runtime/n8n/.cache/n8n/public/assets/utils--NnCWD7y.js","RUNTIME_TRANSIENT","IGNORE_POLICY_CANDIDATE","1636","0,002","C67BC4BFBD7DF9F26453894D85E557CABBD9E1C186EE4F0DFD5472B33E40930F","","False","","128","False",".js","NOT_REQUIRED","","","NOT_CHECKED","NOT_REQUIRED","False",""
".runtime/n8n/.cache/n8n/public/assets/utils-CUxEvE-4.js","RUNTIME_TRANSIENT","IGNORE_POLICY_CANDIDATE","1548","0,001","7213EA6D2735CC1D0EFC43914F4D7248A362D650F5548AC4782E1BAA141ECB7E","","False","","128","False",".js","NOT_REQUIRED","","","NOT_CHECKED","NOT_REQUIRED","False",""
".runtime/n8n/.cache/n8n/public/assets/utils-legacy-C9Vn5zWc.js","RUNTIME_TRANSIENT","IGNORE_POLICY_CANDIDATE","1807","0,002","4E80C8E368375452755E2CF1A46ACC8D1E512D612AA124C5EC85A2FC29F4F6AF","","False","","135","False",".js","NOT_REQUIRED","","","NOT_CHECKED","NOT_REQUIRED","False",""
".runtime/n8n/.cache/n8n/public/assets/utils-legacy-DOElhp0Y.js","RUNTIME_TRANSIENT","IGNORE_POLICY_CANDIDATE","1741","0,002","0C77523BD81DC1A119008DA50C9B666D71FE6170FA336FF14373AA19CC80F178","","False","","135","False",".js","NOT_REQUIRED","","","NOT_CHECKED","NOT_REQUIRED","False",""
".runtime/n8n/.cache/n8n/public/assets/verified-BubwEaxk.js","RUNTIME_TRANSIENT","IGNORE_POLICY_CANDIDATE","1079","0,001","59382D070F2959143618F1B8BB2A2A1F11AA9CCF9E91EE4FAC1530B2AA5C0347","","False","","131","False",".js","NOT_REQUIRED","","","NOT_CHECKED","NOT_REQUIRED","False",""
".runtime/n8n/.cache/n8n/public/assets/verified-legacy-DIG83TJB.js","RUNTIME_TRANSIENT","IGNORE_POLICY_CANDIDATE","1226","0,001","586FD9C1E0949DB833E6B5888EC404B75B7E4C8733EBE4E7DA33558FEF2CD1C7","","False","","138","False",".js","NOT_REQUIRED","","","NOT_CHECKED","NOT_REQUIRED","False",""
".runtime/n8n/.cache/n8n/public/assets/versions.store-CKcGKfzP.js","RUNTIME_TRANSIENT","IGNORE_POLICY_CANDIDATE","4481","0,004","10774507C048549A1D4C3D58F7A3221CE4E0A4DFB66E3D1323EFCA5D1C6279DA","","False","","137","False",".js","NOT_REQUIRED","","","NOT_CHECKED","NOT_REQUIRED","False",""
".runtime/n8n/.cache/n8n/public/assets/versions.store-legacy-DPcZFoHt.js","RUNTIME_TRANSIENT","IGNORE_POLICY_CANDIDATE","4753","0,005","462C7A2235EA7FB1A0E44637A16471C422B010DF7D8D1CDD04DBBA478D9DF9BD","","False","","144","False",".js","NOT_REQUIRED","","","NOT_CHECKED","NOT_REQUIRED","False",""
".runtime/n8n/.cache/n8n/public/assets/views-legacy-MfIeKcIS.js","RUNTIME_TRANSIENT","IGNORE_POLICY_CANDIDATE","3581","0,003","C57F70827AB040C06D081AC3B7DBE397813E2941F2519AD02A191111F3C1AEF6","","False","","135","False",".js","NOT_REQUIRED","","","NOT_CHECKED","NOT_REQUIRED","False",""
".runtime/n8n/.cache/n8n/public/assets/views-tGKtzo-t.js","RUNTIME_TRANSIENT","IGNORE_POLICY_CANDIDATE","3453","0,003","A79C3E73A8D0D6B82D2325DCAD76961654D606AA21106E21C9F7F39412D5BBFD","","False","","128","False",".js","NOT_REQUIRED","","","NOT_CHECKED","NOT_REQUIRED","False",""
".runtime/n8n/.cache/n8n/public/assets/vue-json-pretty-hZLG2qpU.js","RUNTIME_TRANSIENT","IGNORE_POLICY_CANDIDATE","26183","0,025","AA66C0A3DDC20177FF5DA391FF0AD57DD9C8EB863E4B46ACEF9BC8436F13E77A","","False","","138","False",".js","NOT_REQUIRED","","","NOT_CHECKED","NOT_REQUIRED","False",""
".runtime/n8n/.cache/n8n/public/assets/vue-json-pretty-legacy-BOTmhbPD.js","RUNTIME_TRANSIENT","IGNORE_POLICY_CANDIDATE","26865","0,026","99B577B5C839A98C23045A4E48FE4491D6490051797288D7CA0DAE438F878BBD","","False","","145","False",".js","NOT_REQUIRED","","","NOT_CHECKED","NOT_REQUIRED","False",""
".runtime/n8n/.cache/n8n/public/assets/vue.runtime.esm-bundler-BvR2Xsuz.js","RUNTIME_TRANSIENT","IGNORE_POLICY_CANDIDATE","123319","0,118","0F1019CCBD235BFB8D8D0D03F505526A257622E37AC8F89313390189D0E99AA0","","False","","146","False",".js","NOT_REQUIRED","","","NOT_CHECKED","NOT_REQUIRED","False",""
".runtime/n8n/.cache/n8n/public/assets/vue.runtime.esm-bundler-legacy-CqwurYfy.js","RUNTIME_TRANSIENT","IGNORE_POLICY_CANDIDATE","125263","0,119","7357DA21C73C8C50C4FE72A84022ED5928A98CFA7DFB9D5C26ABF247F15C5305","","False","","153","False",".js","NOT_REQUIRED","","","NOT_CHECKED","NOT_REQUIRED","False",""
".runtime/n8n/.cache/n8n/public/assets/vuedraggable-Crqdk2H9.js","RUNTIME_TRANSIENT","IGNORE_POLICY_CANDIDATE","43299","0,041","DDABC6243AF9E668FDF1CE307F6FA35391D3E61B87C8A419FB72EC1A726F8933","","False","","135","False",".js","NOT_REQUIRED","","","NOT_CHECKED","NOT_REQUIRED","False",""
".runtime/n8n/.cache/n8n/public/assets/vuedraggable-legacy-B0hQT9Dt.js","RUNTIME_TRANSIENT","IGNORE_POLICY_CANDIDATE","43928","0,042","A9CCDE93C42D21523149ED80B307205A1E0D17F7236C1D98DF6A0DC733B23496","","False","","142","False",".js","NOT_REQUIRED","","","NOT_CHECKED","NOT_REQUIRED","False",""
".runtime/n8n/.cache/n8n/public/assets/worker-BPZC1mFD.js","RUNTIME_TRANSIENT","IGNORE_POLICY_CANDIDATE","1629674","1,554","430F679303CCD9AEF01FA88802A2AE487A90E4A3E2C206F0A8BB7744EA8AAD9A","","False","","129","False",".js","NOT_REQUIRED","","","NOT_CHECKED","NOT_REQUIRED","False",""
".runtime/n8n/.cache/n8n/public/assets/worker-wMKV1C9s.js","RUNTIME_TRANSIENT","IGNORE_POLICY_CANDIDATE","7188","0,007","8A75EDEAF1865803FF1E698A17EAF07593BB310A81A283EE050AAA22D3EC262D","","False","","129","False",".js","NOT_REQUIRED","","","NOT_CHECKED","NOT_REQUIRED","False",""
".runtime/n8n/.cache/n8n/public/assets/workers-DstGCw1s.js","RUNTIME_TRANSIENT","IGNORE_POLICY_CANDIDATE","2592","0,002","29B1D37A3788BC85A5E7AD210AD05B8F7E4A1E715B36D48CEAE032E93E89FAAD","","False","","130","False",".js","NOT_REQUIRED","","","NOT_CHECKED","NOT_REQUIRED","False",""
".runtime/n8n/.cache/n8n/public/assets/workers-legacy-CrPzannx.js","RUNTIME_TRANSIENT","IGNORE_POLICY_CANDIDATE","2672","0,003","9AC502BD900C36B2DDB23BCABAEE77828A78E11566936079BECE1C6E9EC99A97","","False","","137","False",".js","NOT_REQUIRED","","","NOT_CHECKED","NOT_REQUIRED","False",""
".runtime/n8n/.cache/n8n/public/assets/workflowReviews.api-CojyvRxP.js","RUNTIME_TRANSIENT","IGNORE_POLICY_CANDIDATE","1200","0,001","739F3E3692965CD40592431F0893D0AF077102A26182F5006CAE06BF45AEB50C","","False","","142","False",".js","NOT_REQUIRED","","","NOT_CHECKED","NOT_REQUIRED","False",""
".runtime/n8n/.cache/n8n/public/assets/workflowReviews.api-legacy-CZnr0wHK.js","RUNTIME_TRANSIENT","IGNORE_POLICY_CANDIDATE","1321","0,001","C5C84D70E442992EFD63B92AB60BDC6F9981BC370D6AE31625044EE25CFB8A3E","","False","","149","False",".js","NOT_REQUIRED","","","NOT_CHECKED","NOT_REQUIRED","False",""
".runtime/n8n/.cache/n8n/public/assets/workflows.store-Dv_TnDXN.js","RUNTIME_TRANSIENT","IGNORE_POLICY_CANDIDATE","405645","0,387","ABE8AAB1797848F8A95C0362577A679D5A83AC409036544AC3BF15C7330BFA23","","False","","138","False",".js","NOT_REQUIRED","","","NOT_CHECKED","NOT_REQUIRED","False",""
".runtime/n8n/.cache/n8n/public/assets/workflows.store-legacy-B1JNHqwi.js","RUNTIME_TRANSIENT","IGNORE_POLICY_CANDIDATE","412498","0,393","9A86037BF2FCBB8C6C0ED32BDD95C1A93155EC2D9DE98E475AFF26728106EF3C","","False","","145","False",".js","NOT_REQUIRED","","","NOT_CHECKED","NOT_REQUIRED","False",""
".runtime/n8n/.cache/n8n/public/assets/workflowsList.store-YLRLENko.js","RUNTIME_TRANSIENT","IGNORE_POLICY_CANDIDATE","6930","0,007","C49E34440E50FA467EFCD5BDD62BC5ED308AF43BFE94A8F6EDA8529C5D17E532","","False","","142","False",".js","NOT_REQUIRED","","","NOT_CHECKED","NOT_REQUIRED","False",""
".runtime/n8n/.cache/n8n/public/assets/workflowsList.store-legacy-CLWq_U6a.js","RUNTIME_TRANSIENT","IGNORE_POLICY_CANDIDATE","7153","0,007","87F22ABBFEF6CEB2AB4C9F63FABED47C42678FCEBB825B0BB61A23A6CF69A5F0","","False","","149","False",".js","NOT_REQUIRED","","","NOT_CHECKED","NOT_REQUIRED","False",""
".runtime/n8n/.cache/n8n/public/assets/xml-BX39pQ9r.js","RUNTIME_TRANSIENT","IGNORE_POLICY_CANDIDATE","21997","0,021","160F630BBDE637A1270D23107D933A0460E9063752A1B279D9B5D53642FB9857","","False","","126","False",".js","NOT_REQUIRED","","","NOT_CHECKED","NOT_REQUIRED","False",""
".runtime/n8n/.cache/n8n/public/assets/xml-legacy-C7SzIaBI.js","RUNTIME_TRANSIENT","IGNORE_POLICY_CANDIDATE","22713","0,022","F1FA9335975EC85AEE9DF73719BB29A3B96E5791972EBE9048BAC28EFBE63E38","","False","","133","False",".js","NOT_REQUIRED","","","NOT_CHECKED","NOT_REQUIRED","False",""
".runtime/n8n/.cache/n8n/public/assets/z-indexes-legacy-BRtJl9AL.js","RUNTIME_TRANSIENT","IGNORE_POLICY_CANDIDATE","1150","0,001","DA8B77153072EAD9BDB5056E00955ED6CAFBF3CEE4404882D91902FE999D9A58","","False","","139","False",".js","NOT_REQUIRED","","","NOT_CHECKED","NOT_REQUIRED","False",""
".runtime/n8n/.cache/n8n/public/assets/z-indexes-xzj0I3vi.js","RUNTIME_TRANSIENT","IGNORE_POLICY_CANDIDATE","1022","0,001","627B20999B8226819D82C8321CAA94D62D3E72F9B31446477E8DD3F0CD68A57E","","False","","132","False",".js","NOT_REQUIRED","","","NOT_CHECKED","NOT_REQUIRED","False",""
".runtime/n8n/.cache/n8n/public/index.html","RUNTIME_TRANSIENT","IGNORE_POLICY_CANDIDATE","24183","0,023","26F2731B6FA4DD1F2F743ED8F272FE3F6D40D708913A5AD5E1DE75A2E9B7382F","","False","","114","False",".html","NOT_REQUIRED","","","NOT_CHECKED","NOT_REQUIRED","False",""
".runtime/n8n/.cache/n8n/public/static/base-path.js","RUNTIME_TRANSIENT","IGNORE_POLICY_CANDIDATE","24","0","03E406CA4DE5A759500E6A09C5D989BC6AE8D43CB1D8451430CA8321A3E0F1B8","","False","","123","False",".js","NOT_REQUIRED","","","NOT_CHECKED","NOT_REQUIRED","False",""
".runtime/n8n/.cache/n8n/public/static/posthog.init.js","RUNTIME_TRANSIENT","IGNORE_POLICY_CANDIDATE","1298","0,001","D67D10224EB84D69170A15FEC57D068E1304C6BA04D4F5A75B8385CDA53ECFB6","","False","","126","False",".js","NOT_REQUIRED","","","NOT_CHECKED","NOT_REQUIRED","False",""
".runtime/n8n/.cache/n8n/public/static/prefers-color-scheme.css","RUNTIME_TRANSIENT","IGNORE_POLICY_CANDIDATE","88","0","B038092244E3039B897F9D740B738DD7EB58A57B611E617F861D74E5EC2FC25B","","False","","135","False",".css","NOT_REQUIRED","","","NOT_CHECKED","NOT_REQUIRED","False",""
".runtime/n8n/.cache/n8n/public/types/credentials.json","RUNTIME_TRANSIENT","HOLD_SECRET_REVIEW","760508","0,725","0C7A0D3AAF58C7CA8493D4353575353EF0A3E5A0733CCBE5F1A96B13A55E038A","","False","","126","False",".json","PASS_JSON","","lf","lf","PASS","True","-----BEGIN (RSA |EC |OPENSSH |DSA )?PRIVATE KEY-----"
".runtime/n8n/.cache/n8n/public/types/node-versions.json","RUNTIME_TRANSIENT","IGNORE_POLICY_CANDIDATE","54155","0,052","36821E4AC96D4950F1695B0011DC43773777491074A0ADFC4747195CB89F775E","","False","","128","False",".json","PASS_JSON","","lf","lf","PASS","False",""
".runtime/n8n/.cache/n8n/public/types/nodes.json","RUNTIME_TRANSIENT","IGNORE_POLICY_CANDIDATE","17389711","16,584","3BBB8A271518A60A6645863B86D6EA0EA71DA17154E012B088200C60D6719AE0","","False","","120","False",".json","PASS_JSON","","lf","lf","PASS","False",""
".runtime/n8n/.n8n/config","RUNTIME_TRANSIENT","IGNORE_POLICY_CANDIDATE","56","0","71E430D54517017944750C6BA20D41D882590E760490DBEEA4D609DA4815AABE","","False","","97","False","","NOT_REQUIRED","","","NOT_CHECKED","NOT_REQUIRED","False",""
".runtime/n8n/.n8n/database.sqlite","RUNTIME_TRANSIENT","IGNORE_POLICY_CANDIDATE","1519616","1,449","","No se puede leer el archivo 'C:\Users\Lida Silva Acevedo\Documents\PROYECTO MTM UD 2026\SGODA-PUINAVE\.runtime\n8n\.n8n\database.sqlite': El proceso no puede obtener acceso al archivo 'C:\Users\Lida Silva Acevedo\Documents\PROYECTO MTM UD 2026\SGODA-PUINAVE\.runtime\n8n\.n8n\database.sqlite' porque está siendo utilizado en otro proceso.","False","","106","False",".sqlite","NOT_REQUIRED","","","NOT_CHECKED","NOT_REQUIRED","False",""
".runtime/n8n/.n8n/database.sqlite-shm","RUNTIME_TRANSIENT","IGNORE_POLICY_CANDIDATE","32768","0,031","","No se puede leer el archivo 'C:\Users\Lida Silva Acevedo\Documents\PROYECTO MTM UD 2026\SGODA-PUINAVE\.runtime\n8n\.n8n\database.sqlite-shm': El proceso no puede obtener acceso al archivo 'C:\Users\Lida Silva Acevedo\Documents\PROYECTO MTM UD 2026\SGODA-PUINAVE\.runtime\n8n\.n8n\database.sqlite-shm' porque está siendo utilizado en otro proceso.","False","","110","False",".sqlite-shm","NOT_REQUIRED","","","NOT_CHECKED","NOT_REQUIRED","False",""
".runtime/n8n/.n8n/database.sqlite-wal","RUNTIME_TRANSIENT","IGNORE_POLICY_CANDIDATE","4136512","3,945","","No se puede leer el archivo 'C:\Users\Lida Silva Acevedo\Documents\PROYECTO MTM UD 2026\SGODA-PUINAVE\.runtime\n8n\.n8n\database.sqlite-wal': El proceso no puede obtener acceso al archivo 'C:\Users\Lida Silva Acevedo\Documents\PROYECTO MTM UD 2026\SGODA-PUINAVE\.runtime\n8n\.n8n\database.sqlite-wal' porque está siendo utilizado en otro proceso.","False","","110","False",".sqlite-wal","NOT_REQUIRED","","","NOT_CHECKED","NOT_REQUIRED","False",""
".runtime/n8n/.n8n/nodes/package.json","RUNTIME_TRANSIENT","IGNORE_POLICY_CANDIDATE","72","0","67DF4A5E97253A7DBB9018B811892C3C2182738AF0323F0D3AC6AAC961B666D8","","False","","109","False",".json","PASS_JSON","","lf","lf","PASS","False",""
"artifacts/consolidation/PCI-001.2-v1.0.0/post-sync-dashboard.html","CONSOLIDATION_EVIDENCE","PRESERVE_AND_REVIEW_FOR_VERSIONING","8293","0,008","B873003F38BBD30A99612CE672F7E0F38746F21F20AF897EB2B1884D0E152303","","False","","138","False",".html","NOT_REQUIRED","","","NOT_CHECKED","NOT_REQUIRED","False",""
"artifacts/consolidation/PCI-002-v1.1.2/cycle-1/dashboard.html","CONSOLIDATION_EVIDENCE","PRESERVE_AND_REVIEW_FOR_VERSIONING","1652","0,002","E8ABDAA6191F7A03744719E5CE1B8D179B800A1DD5CB205EDA36CE8C9D6AF701","","False","","134","False",".html","NOT_REQUIRED","","","NOT_CHECKED","NOT_REQUIRED","False",""
"artifacts/consolidation/PCI-002-v1.1.2/cycle-1/registry-backup/00_REGISTRO_MAESTRO_COMPONENTES.md","BACKUP_REVIEW","MANUAL_CLASSIFICATION_REQUIRED","54789","0,052","43F4791F4F2B123C8F129E838B3B3DD213B5BEE59D70C4216BF1C26EE5C1D0B3","","False","","170","False",".md","NOT_REQUIRED","","lf","crlf","MISMATCH","False",""
"artifacts/consolidation/PCI-002-v1.1.2/cycle-2/dashboard.html","CONSOLIDATION_EVIDENCE","PRESERVE_AND_REVIEW_FOR_VERSIONING","1652","0,002","E8ABDAA6191F7A03744719E5CE1B8D179B800A1DD5CB205EDA36CE8C9D6AF701","","False","","134","False",".html","NOT_REQUIRED","","","NOT_CHECKED","NOT_REQUIRED","False",""
"artifacts/consolidation/PCI-002-v1.1.2/cycle-2/registry-backup/00_REGISTRO_MAESTRO_COMPONENTES.md","BACKUP_REVIEW","MANUAL_CLASSIFICATION_REQUIRED","54803","0,052","87F7DF3E9260C78BBC1AF549BCF6C17BF6BDE1F1DB21EAC79638BD34C5D3BF33","","False","","170","False",".md","NOT_REQUIRED","","lf","crlf","MISMATCH","False",""
"artifacts/consolidation/PCI-002-v1.1.2/cycle-3/dashboard.html","CONSOLIDATION_EVIDENCE","PRESERVE_AND_REVIEW_FOR_VERSIONING","1652","0,002","E8ABDAA6191F7A03744719E5CE1B8D179B800A1DD5CB205EDA36CE8C9D6AF701","","False","","134","False",".html","NOT_REQUIRED","","","NOT_CHECKED","NOT_REQUIRED","False",""
"artifacts/consolidation/PCI-002-v1.1.2/cycle-3/registry-backup/00_REGISTRO_MAESTRO_COMPONENTES.md","BACKUP_REVIEW","MANUAL_CLASSIFICATION_REQUIRED","54803","0,052","B68AC6B6BC106988478C5F9F40BE97ACDE03D8152E563F0AE64CE1FA74FC1120","","False","","170","False",".md","NOT_REQUIRED","","lf","crlf","MISMATCH","False",""
"artifacts/consolidation/PCI-002-v1.1.2/real-repository-final-validation/dashboard.html","CONSOLIDATION_EVIDENCE","PRESERVE_AND_REVIEW_FOR_VERSIONING","1652","0,002","E8ABDAA6191F7A03744719E5CE1B8D179B800A1DD5CB205EDA36CE8C9D6AF701","","False","","159","False",".html","NOT_REQUIRED","","","NOT_CHECKED","NOT_REQUIRED","False",""
"artifacts/development/SPT-020.9-v1.0.0/runs/20260807-021414/backup/docs/00_Estado_Maestro/SGD-000-Estado-Maestro-Institucional-v1.0.0.md","BACKUP_REVIEW","MANUAL_CLASSIFICATION_REQUIRED","3277","0,003","58ACD91EADB9B0127D4F0E7EF0B256C1D1015F1046DA268EBA46B0B23E109A1E","","False","","209","False",".md","NOT_REQUIRED","","lf","crlf","MISMATCH","False",""
"artifacts/development/SPT-020.9-v1.0.0/runs/20260807-021414/backup/docs/08_Entregables/Matriz_Maestra_Seguimiento_SGODA-PUINAVE.md","BACKUP_REVIEW","MANUAL_CLASSIFICATION_REQUIRED","12225","0,012","C87047D0DDD88C6A16A9CD896E3CCDC8965D8B089D2B9198CFB5F9C87D1370DF","","False","","203","False",".md","NOT_REQUIRED","","lf","lf","PASS","False",""
"artifacts/development/SPT-021.3-v1.0.0/runs/20260807-052448/canonical-components.json","DEVELOPMENT_EVIDENCE","PRESERVE_AND_REVIEW_FOR_VERSIONING","14271844","13,611","DBF41A7C8C86E18D48481D77C7F5F1C3A8025F4BE7C2165090A22FA42D74B543","","False","","158","False",".json","PASS_JSON","","lf","crlf","MISMATCH","False",""
"artifacts/development/SPT-021.3-v1.0.0/runs/20260807-052448/institutional-detailed-records.json","DEVELOPMENT_EVIDENCE","PRESERVE_AND_REVIEW_FOR_VERSIONING","21344334","20,356","4E7C6ADF03F316BA3ACC5ADF604F10522471F0AD3C47C9889F05CEEFACA6A1AB","","False","","168","False",".json","PASS_JSON","","lf","crlf","MISMATCH","False",""
"artifacts/development/SPT-021.3-v1.0.0/runs/20260807-143030/canonical-components.json","DEVELOPMENT_EVIDENCE","PRESERVE_AND_REVIEW_FOR_VERSIONING","14298113","13,636","7A33576C497BB76D04F51355B7BA8202F587E581B9DB35DDE359E49445974947","","False","","158","False",".json","PASS_JSON","","lf","crlf","MISMATCH","False",""
"artifacts/development/SPT-021.3-v1.0.0/runs/20260807-143030/institutional-detailed-records.json","DEVELOPMENT_EVIDENCE","PRESERVE_AND_REVIEW_FOR_VERSIONING","21387984","20,397","1CB17062080427AF7BE4F9A64A1F3FE36A0E2BF7923BD550959319A7746792BA","","False","","168","False",".json","PASS_JSON","","lf","crlf","MISMATCH","False",""
"artifacts/development/SPT-021.3-v1.0.0/runs/20260807-144107/canonical-components.json","DEVELOPMENT_EVIDENCE","PRESERVE_AND_REVIEW_FOR_VERSIONING","14312963","13,65","ACCF82DFBC770133B288479D7C64B4A3306E822DD2B5F29B8F493D9B9803A189","","False","","158","False",".json","PASS_JSON","","lf","crlf","MISMATCH","False",""
"artifacts/development/SPT-021.3-v1.0.0/runs/20260807-144107/institutional-detailed-records.json","DEVELOPMENT_EVIDENCE","PRESERVE_AND_REVIEW_FOR_VERSIONING","21412412","20,42","765BDDF87B67017C5695F6D6289C280DCBA7542868E0315B3F2E3F62725BA198","","False","","168","False",".json","PASS_JSON","","lf","crlf","MISMATCH","False",""
"artifacts/development/SPT-021.3-v1.0.0/runs/20260807-145852/canonical-components.json","DEVELOPMENT_EVIDENCE","PRESERVE_AND_REVIEW_FOR_VERSIONING","14333000","13,669","C72396C3382588CE6720A03720FD85C49B5A81DB6B6B6D54462BEBF5E40B9541","","False","","158","False",".json","PASS_JSON","","lf","crlf","MISMATCH","False",""
"artifacts/development/SPT-021.3-v1.0.0/runs/20260807-145852/institutional-detailed-records.json","DEVELOPMENT_EVIDENCE","PRESERVE_AND_REVIEW_FOR_VERSIONING","21445372","20,452","41527B0B42D9AE702156B1A59B537A68DEA5CEDE88939F7DB26A0443CD70E9C0","","False","","168","False",".json","PASS_JSON","","lf","crlf","MISMATCH","False",""
"artifacts/development/SPT-021.3-v1.0.0/runs/20260807-151556/canonical-components.json","DEVELOPMENT_EVIDENCE","PRESERVE_AND_REVIEW_FOR_VERSIONING","14523378","13,851","6B4183FE5A4F7D943B76D1CBEF743D5098132B5F1EA8AF36AFCAEBCA526938E9","","False","","158","False",".json","PASS_JSON","","lf","crlf","MISMATCH","False",""
"artifacts/development/SPT-021.3-v1.0.0/runs/20260807-151556/institutional-detailed-records.json","DEVELOPMENT_EVIDENCE","PRESERVE_AND_REVIEW_FOR_VERSIONING","21758129","20,75","1FA30D33ED329E4F512C0A8300D757D2BC46E8B1453D51A16346D895797A2014","","False","","168","False",".json","PASS_JSON","","lf","crlf","MISMATCH","False",""
"artifacts/development/SPT-021.3-v1.0.0/runs/20260807-153055/canonical-components.json","DEVELOPMENT_EVIDENCE","PRESERVE_AND_REVIEW_FOR_VERSIONING","14541990","13,868","AB6CE3C233E02D1FFA09E200E8D45ED53576E7D7ABC9DABFCD5AC7E7890CB2EE","","False","","158","False",".json","PASS_JSON","","lf","crlf","MISMATCH","False",""
"artifacts/development/SPT-021.3-v1.0.0/runs/20260807-153055/institutional-detailed-records.json","DEVELOPMENT_EVIDENCE","PRESERVE_AND_REVIEW_FOR_VERSIONING","21790152","20,781","8241E8DEF8C435F9B5833B172EC9F1D004D0A4532306D5AAF9402066F36FEA5F","","False","","168","False",".json","PASS_JSON","","lf","crlf","MISMATCH","False",""
"artifacts/development/SPT-021.3-v1.0.0/runs/20260807-154554/canonical-components.json","DEVELOPMENT_EVIDENCE","PRESERVE_AND_REVIEW_FOR_VERSIONING","14557859","13,883","3AE578B3900E1F7AB3EE64C50589A0835263A210A643DE7FCF804FC512BFC3C9","","False","","158","False",".json","PASS_JSON","","lf","crlf","MISMATCH","False",""
"artifacts/development/SPT-021.3-v1.0.0/runs/20260807-154554/institutional-detailed-records.json","DEVELOPMENT_EVIDENCE","PRESERVE_AND_REVIEW_FOR_VERSIONING","21814580","20,804","401DC3338736209ADD5F5ECAD63F7315CFA69E2744534B39EA4A251D035C4050","","False","","168","False",".json","PASS_JSON","","lf","crlf","MISMATCH","False",""
"artifacts/development/SPT-021.3-v1.0.0/runs/20260807-160043/canonical-components.json","DEVELOPMENT_EVIDENCE","PRESERVE_AND_REVIEW_FOR_VERSIONING","14591499","13,916","1096B6B1E114E4D4DE1D2A84CE8D739B98ABF3F4B7CAB09E07B347DAD05ACA2B","","False","","158","False",".json","PASS_JSON","","lf","crlf","MISMATCH","False",""
"artifacts/development/SPT-021.3-v1.0.0/runs/20260807-160043/institutional-detailed-records.json","DEVELOPMENT_EVIDENCE","PRESERVE_AND_REVIEW_FOR_VERSIONING","21861887","20,849","F9FB3732F49A08C559AA2196D98ACD7477AA145882244064E0E5614A241F85C1","","False","","168","False",".json","PASS_JSON","","lf","crlf","MISMATCH","False",""
"artifacts/development/SPT-021.3-v1.0.0/runs/20260807-161557/canonical-components.json","DEVELOPMENT_EVIDENCE","PRESERVE_AND_REVIEW_FOR_VERSIONING","14607440","13,931","55AA75083B80B55DF7ACCBFBEF48AD84D7BC00DFD49DAEB03A8E79134028C313","","False","","158","False",".json","PASS_JSON","","lf","crlf","MISMATCH","False",""
"artifacts/development/SPT-021.3-v1.0.0/runs/20260807-161557/institutional-detailed-records.json","DEVELOPMENT_EVIDENCE","PRESERVE_AND_REVIEW_FOR_VERSIONING","21888133","20,874","C28F479E5A6D4AB8DAEDB6123E10E32340EEA5D3FE710C068DAA034F25C7BE1B","","False","","168","False",".json","PASS_JSON","","lf","crlf","MISMATCH","False",""
"artifacts/development/SPT-021.3-v1.0.0/runs/20260807-163053/canonical-components.json","DEVELOPMENT_EVIDENCE","PRESERVE_AND_REVIEW_FOR_VERSIONING","14622290","13,945","C612D9E68664F34FDDE3AD71025A40377C1C3381C4A1208B687AA1E3BF96B27F","","False","","158","False",".json","PASS_JSON","","lf","crlf","MISMATCH","False",""
"artifacts/development/SPT-021.3-v1.0.0/runs/20260807-163053/institutional-detailed-records.json","DEVELOPMENT_EVIDENCE","PRESERVE_AND_REVIEW_FOR_VERSIONING","21912561","20,897","FBCC68FDF572AE5309AE1F66B18F9CEAC1529C21C207D53D9DE5598182DB68AD","","False","","168","False",".json","PASS_JSON","","lf","crlf","MISMATCH","False",""
"artifacts/development/SPT-021.3-v1.0.0/runs/20260807-164553/canonical-components.json","DEVELOPMENT_EVIDENCE","PRESERVE_AND_REVIEW_FOR_VERSIONING","14637140","13,959","6A0359A533F0E7B5956E61B1A20D79FF5888C8D4677B39048DB743DA07C24E76","","False","","158","False",".json","PASS_JSON","","lf","crlf","MISMATCH","False",""
"artifacts/development/SPT-021.3-v1.0.0/runs/20260807-164553/institutional-detailed-records.json","DEVELOPMENT_EVIDENCE","PRESERVE_AND_REVIEW_FOR_VERSIONING","21936989","20,921","863C6600C8B988D7BE5DF4EFE61627E2C2FB3F3C01B7A0F69C89AB238C52F6B8","","False","","168","False",".json","PASS_JSON","","lf","crlf","MISMATCH","False",""
"artifacts/development/SPT-021.3-v1.0.0/runs/20260807-170054/canonical-components.json","DEVELOPMENT_EVIDENCE","PRESERVE_AND_REVIEW_FOR_VERSIONING","14651990","13,973","71A3A72F5D1721053B08D2C135FF0333C196F8D6DBEE49E13D8513D844F5A07C","","False","","158","False",".json","PASS_JSON","","lf","crlf","MISMATCH","False",""
"artifacts/development/SPT-021.3-v1.0.0/runs/20260807-170054/institutional-detailed-records.json","DEVELOPMENT_EVIDENCE","PRESERVE_AND_REVIEW_FOR_VERSIONING","21961417","20,944","77C68F316B0481052815500E0A3F9281EB1EA8DD7333EC2FA3AA55473B9BA7B5","","False","","168","False",".json","PASS_JSON","","lf","crlf","MISMATCH","False",""
"artifacts/development/SPT-021.3-v1.0.0/runs/20260807-171554/canonical-components.json","DEVELOPMENT_EVIDENCE","PRESERVE_AND_REVIEW_FOR_VERSIONING","14666840","13,987","85288FACC231DFDFEAFC4D51BD1F44A665AAD8EEC800E131EC6F9C744F2B07FB","","False","","158","False",".json","PASS_JSON","","lf","crlf","MISMATCH","False",""
"artifacts/development/SPT-021.3-v1.0.0/runs/20260807-171554/institutional-detailed-records.json","DEVELOPMENT_EVIDENCE","PRESERVE_AND_REVIEW_FOR_VERSIONING","21985845","20,967","4511AB57A70476AD3A609408D2C84F7AE867DFB267B73F0AF7D54819767E50F3","","False","","168","False",".json","PASS_JSON","","lf","crlf","MISMATCH","False",""
"artifacts/development/SPT-021.3-v1.0.0/runs/20260807-173054/canonical-components.json","DEVELOPMENT_EVIDENCE","PRESERVE_AND_REVIEW_FOR_VERSIONING","14681690","14,002","56C0E39CEECE3E72EE6F0768AF75A817A455F2CC93B484AD48A04DD33AAA381F","","False","","158","False",".json","PASS_JSON","","lf","crlf","MISMATCH","False",""
"artifacts/development/SPT-021.3-v1.0.0/runs/20260807-173054/institutional-detailed-records.json","DEVELOPMENT_EVIDENCE","PRESERVE_AND_REVIEW_FOR_VERSIONING","22010273","20,991","D7A617D6EFFFF79758DB1DFE9DBD01D2E2F216BAF839B333C8ED54978A8E65F4","","False","","168","False",".json","PASS_JSON","","lf","crlf","MISMATCH","False",""
"artifacts/development/SPT-021.3-v1.0.0/runs/20260807-174554/canonical-components.json","DEVELOPMENT_EVIDENCE","PRESERVE_AND_REVIEW_FOR_VERSIONING","14696540","14,016","3528CB1B2A89C2B8240C8449BAF03C0A28F0651EF351C7592740877B962B15E1","","False","","158","False",".json","PASS_JSON","","lf","crlf","MISMATCH","False",""
"artifacts/development/SPT-021.3-v1.0.0/runs/20260807-174554/institutional-detailed-records.json","DEVELOPMENT_EVIDENCE","PRESERVE_AND_REVIEW_FOR_VERSIONING","22034701","21,014","917F8B6E0ED54CAB2A3264D46BEEF15661DDD75A385A0CBC8CB26F18AE841FC8","","False","","168","False",".json","PASS_JSON","","lf","crlf","MISMATCH","False",""
"artifacts/development/SPT-021.3-v1.0.0/runs/20260807-180055/canonical-components.json","DEVELOPMENT_EVIDENCE","PRESERVE_AND_REVIEW_FOR_VERSIONING","14711390","14,03","736417CE027899BD5D6EEDE7CC7964E230D458DD75DBC8125AC04587EA363534","","False","","158","False",".json","PASS_JSON","","lf","crlf","MISMATCH","False",""
"artifacts/development/SPT-021.3-v1.0.0/runs/20260807-180055/institutional-detailed-records.json","DEVELOPMENT_EVIDENCE","PRESERVE_AND_REVIEW_FOR_VERSIONING","22059129","21,037","3980DF4507555077E40C6319F19A1F0FFBC81B88E9539182011B607EF28FD136","","False","","168","False",".json","PASS_JSON","","lf","crlf","MISMATCH","False",""
"artifacts/development/SPT-021.3-v1.0.0/runs/20260807-181555/canonical-components.json","DEVELOPMENT_EVIDENCE","PRESERVE_AND_REVIEW_FOR_VERSIONING","14726240","14,044","C7CDC0868C7EA47C8AAB35BE47F604B47B8F53C0FFE7C6F6507316ECD5FBA4BB","","False","","158","False",".json","PASS_JSON","","lf","crlf","MISMATCH","False",""
"artifacts/development/SPT-021.3-v1.0.0/runs/20260807-181555/institutional-detailed-records.json","DEVELOPMENT_EVIDENCE","PRESERVE_AND_REVIEW_FOR_VERSIONING","22083557","21,061","D72525986FF57BAD661613F1C70F3FDCBA6DBABB4C8F3CB8FA734C62094C29BD","","False","","168","False",".json","PASS_JSON","","lf","crlf","MISMATCH","False",""
"artifacts/development/SPT-021.3-v1.0.0/runs/20260807-183053/canonical-components.json","DEVELOPMENT_EVIDENCE","PRESERVE_AND_REVIEW_FOR_VERSIONING","14741090","14,058","ADA7153014C992858C6603B52C09FA3A4D08098BC60E2C6AEDA1D7DB3F631F54","","False","","158","False",".json","PASS_JSON","","lf","crlf","MISMATCH","False",""
"artifacts/development/SPT-021.3-v1.0.0/runs/20260807-183053/institutional-detailed-records.json","DEVELOPMENT_EVIDENCE","PRESERVE_AND_REVIEW_FOR_VERSIONING","22107985","21,084","9581011836B770442C3D226A912444E0451D81B071B42978C38858E066489D27","","False","","168","False",".json","PASS_JSON","","lf","crlf","MISMATCH","False",""
"artifacts/development/SPT-021.3-v1.0.0/runs/20260807-184553/canonical-components.json","DEVELOPMENT_EVIDENCE","PRESERVE_AND_REVIEW_FOR_VERSIONING","14755940","14,072","CBD3EE6D4BAB5171CF511F4B891C244048EEDDE6AB742E0A042240A56B553958","","False","","158","False",".json","PASS_JSON","","lf","crlf","MISMATCH","False",""
"artifacts/development/SPT-021.3-v1.0.0/runs/20260807-184553/institutional-detailed-records.json","DEVELOPMENT_EVIDENCE","PRESERVE_AND_REVIEW_FOR_VERSIONING","22132413","21,107","86E3050BCD704A63274547C0C3908DA1B11DCD4C60390F69C47F426377EA9303","","False","","168","False",".json","PASS_JSON","","lf","crlf","MISMATCH","False",""
"artifacts/development/SPT-021.3-v1.0.0/runs/20260807-190055/canonical-components.json","DEVELOPMENT_EVIDENCE","PRESERVE_AND_REVIEW_FOR_VERSIONING","14770790","14,087","8E052E6AA9D3FB63D23C7CC09EFD584155CD6B7EC526596A5F34DF4909306E6E","","False","","158","False",".json","PASS_JSON","","lf","crlf","MISMATCH","False",""
"artifacts/development/SPT-021.3-v1.0.0/runs/20260807-190055/institutional-detailed-records.json","DEVELOPMENT_EVIDENCE","PRESERVE_AND_REVIEW_FOR_VERSIONING","22156841","21,13","C8C17AFA1B50358EFC83C0804706E84CF2B0F9C9C3CA6BB55CA4AEA8E114BF6D","","False","","168","False",".json","PASS_JSON","","lf","crlf","MISMATCH","False",""
"artifacts/development/SPT-021.3-v1.0.0/runs/20260807-191555/canonical-components.json","DEVELOPMENT_EVIDENCE","PRESERVE_AND_REVIEW_FOR_VERSIONING","14785640","14,101","D9A34702613B76034401DEDDDB24615FB149B6D72CAE6BF6069C146712ABFED3","","False","","158","False",".json","PASS_JSON","","lf","crlf","MISMATCH","False",""
"artifacts/development/SPT-021.3-v1.0.0/runs/20260807-191555/institutional-detailed-records.json","DEVELOPMENT_EVIDENCE","PRESERVE_AND_REVIEW_FOR_VERSIONING","22181269","21,154","404E85B965B90F39D0EE4C9C3F8B8053CF2A4F598D302082621913A46F9C7F13","","False","","168","False",".json","PASS_JSON","","lf","crlf","MISMATCH","False",""
"artifacts/development/SPT-021.3-v1.0.0/runs/20260807-193054/canonical-components.json","DEVELOPMENT_EVIDENCE","PRESERVE_AND_REVIEW_FOR_VERSIONING","14800490","14,115","07A6FD7B290B6B4B4DD02FC89CDCB67A3CB887CEAE34237C4A9C43A07436DA85","","False","","158","False",".json","PASS_JSON","","lf","crlf","MISMATCH","False",""
"artifacts/development/SPT-021.3-v1.0.0/runs/20260807-193054/institutional-detailed-records.json","DEVELOPMENT_EVIDENCE","PRESERVE_AND_REVIEW_FOR_VERSIONING","22205697","21,177","0AF305D2042D46C2BFB5AC338B72F9B0943F11B4A2FC5C07601850A43B97AED6","","False","","168","False",".json","PASS_JSON","","lf","crlf","MISMATCH","False",""
"artifacts/development/SPT-021.3-v1.0.0/runs/20260807-194553/canonical-components.json","DEVELOPMENT_EVIDENCE","PRESERVE_AND_REVIEW_FOR_VERSIONING","14815340","14,129","F94914C20C1405B7E381A8A8698A31D3530D1CB3B23231F4194A4A17DCA2C615","","False","","158","False",".json","PASS_JSON","","lf","crlf","MISMATCH","False",""
"artifacts/development/SPT-021.3-v1.0.0/runs/20260807-194553/institutional-detailed-records.json","DEVELOPMENT_EVIDENCE","PRESERVE_AND_REVIEW_FOR_VERSIONING","22230125","21,2","190DC610CDC130A30CBAFCBBB6F419DEF73B168AE02D5A6741841AF144941410","","False","","168","False",".json","PASS_JSON","","lf","crlf","MISMATCH","False",""
"artifacts/development/SPT-021.3-v1.0.0/runs/20260807-200055/canonical-components.json","DEVELOPMENT_EVIDENCE","PRESERVE_AND_REVIEW_FOR_VERSIONING","14830190","14,143","DE751F6EA74EECB51426BB5FCFA6A5F6837B7EB80D4975BD4099AA58158A27FB","","False","","158","False",".json","PASS_JSON","","lf","crlf","MISMATCH","False",""
"artifacts/development/SPT-021.3-v1.0.0/runs/20260807-200055/institutional-detailed-records.json","DEVELOPMENT_EVIDENCE","PRESERVE_AND_REVIEW_FOR_VERSIONING","22254553","21,224","2E09D8381B623FD4DA242CCB9F09829161BD32DC63BB3775F5B801CD168BC46C","","False","","168","False",".json","PASS_JSON","","lf","crlf","MISMATCH","False",""
"artifacts/development/SPT-021.3-v1.0.0/runs/20260807-201555/canonical-components.json","DEVELOPMENT_EVIDENCE","PRESERVE_AND_REVIEW_FOR_VERSIONING","14845040","14,157","97301C4521C0DBF004B71938A8212A455AC862B27C3A9E3F9B2D232439EB2667","","False","","158","False",".json","PASS_JSON","","lf","crlf","MISMATCH","False",""
"artifacts/development/SPT-021.3-v1.0.0/runs/20260807-201555/institutional-detailed-records.json","DEVELOPMENT_EVIDENCE","PRESERVE_AND_REVIEW_FOR_VERSIONING","22278981","21,247","D56D594BF237A6578DE7B3012B285B9E01FBDD1BF296EDCB6E50310B6B9C4CC6","","False","","168","False",".json","PASS_JSON","","lf","crlf","MISMATCH","False",""
"artifacts/development/SPT-021.3-v1.0.0/runs/20260807-203054/canonical-components.json","DEVELOPMENT_EVIDENCE","PRESERVE_AND_REVIEW_FOR_VERSIONING","14859890","14,171","5FAAF4F027BFEA1228AF63511987D3C2880434B90F14113BB803A952EF51F390","","False","","158","False",".json","PASS_JSON","","lf","crlf","MISMATCH","False",""
"artifacts/development/SPT-021.3-v1.0.0/runs/20260807-203054/institutional-detailed-records.json","DEVELOPMENT_EVIDENCE","PRESERVE_AND_REVIEW_FOR_VERSIONING","22303409","21,27","06579C1CD7D8C69CA0DED373AA37F97B54869920FAA95A1B925EEC6D98589876","","False","","168","False",".json","PASS_JSON","","lf","crlf","MISMATCH","False",""
"artifacts/development/SPT-021.3-v1.0.0/runs/20260807-204553/canonical-components.json","DEVELOPMENT_EVIDENCE","PRESERVE_AND_REVIEW_FOR_VERSIONING","14874740","14,186","165E9D0532BF0614A81958BBFE8A3D4223566B4C47BBC699A41256AC8504A00C","","False","","158","False",".json","PASS_JSON","","lf","crlf","MISMATCH","False",""
"artifacts/development/SPT-021.3-v1.0.0/runs/20260807-204553/institutional-detailed-records.json","DEVELOPMENT_EVIDENCE","PRESERVE_AND_REVIEW_FOR_VERSIONING","22327837","21,293","A9BE59F7EA6F0CA9280DF94FE97AE24DDD764AFD9EDCC4147166ADA87C160786","","False","","168","False",".json","PASS_JSON","","lf","crlf","MISMATCH","False",""
"artifacts/development/SPT-021.3-v1.0.0/runs/20260807-210054/canonical-components.json","DEVELOPMENT_EVIDENCE","PRESERVE_AND_REVIEW_FOR_VERSIONING","14889590","14,2","43FB5CA79FDDAC40E9D7F2EFB6C9C400CE9FB5ED302778C9156C4293E7D5B53C","","False","","158","False",".json","PASS_JSON","","lf","crlf","MISMATCH","False",""
"artifacts/development/SPT-021.3-v1.0.0/runs/20260807-210054/institutional-detailed-records.json","DEVELOPMENT_EVIDENCE","PRESERVE_AND_REVIEW_FOR_VERSIONING","22352265","21,317","464C94F66E92608D9720B599407FB435D2AC60E7A04B74EF2E4B93686C7E179C","","False","","168","False",".json","PASS_JSON","","lf","crlf","MISMATCH","False",""
"artifacts/development/SPT-021.3-v1.0.0/runs/20260807-211554/canonical-components.json","DEVELOPMENT_EVIDENCE","PRESERVE_AND_REVIEW_FOR_VERSIONING","14904440","14,214","E387ED89BFFF5DDBB084047AB0BC730E0A4E66C8FAE9F468F40712D0900D85A6","","False","","158","False",".json","PASS_JSON","","lf","crlf","MISMATCH","False",""
"artifacts/development/SPT-021.3-v1.0.0/runs/20260807-211554/institutional-detailed-records.json","DEVELOPMENT_EVIDENCE","PRESERVE_AND_REVIEW_FOR_VERSIONING","22376693","21,34","B30054FF7C8DF6E3822F9C8DC24DFCA3C0CE89511FE8D9BF39DBA9BC9B2FE4B5","","False","","168","False",".json","PASS_JSON","","lf","crlf","MISMATCH","False",""
"artifacts/development/SPT-021.3-v1.0.0/runs/20260807-213053/canonical-components.json","DEVELOPMENT_EVIDENCE","PRESERVE_AND_REVIEW_FOR_VERSIONING","14919290","14,228","3F64CDB9973DC4817BBDBFEC2904B4173CA07CDCE1E521168E237290FCA024CD","","False","","158","False",".json","PASS_JSON","","lf","crlf","MISMATCH","False",""
"artifacts/development/SPT-021.3-v1.0.0/runs/20260807-213053/institutional-detailed-records.json","DEVELOPMENT_EVIDENCE","PRESERVE_AND_REVIEW_FOR_VERSIONING","22401121","21,363","5C49BC72B9F7F07E3C42645B5E59A68D7FD8C3CA3C9F229C5B324BF25D43EE61","","False","","168","False",".json","PASS_JSON","","lf","crlf","MISMATCH","False",""
"artifacts/development/SPT-021.3-v1.0.0/runs/20260807-214553/canonical-components.json","DEVELOPMENT_EVIDENCE","PRESERVE_AND_REVIEW_FOR_VERSIONING","14934140","14,242","E1E7D01FA18433C7551AF046D227D8187F5F35667B7338FA993E28E78CFF31B3","","False","","158","False",".json","PASS_JSON","","lf","crlf","MISMATCH","False",""
"artifacts/development/SPT-021.3-v1.0.0/runs/20260807-214553/institutional-detailed-records.json","DEVELOPMENT_EVIDENCE","PRESERVE_AND_REVIEW_FOR_VERSIONING","22425549","21,387","FEB9B3627C0FD07E3143EA25FE89B993D497EB2EE02389D4DA01716F5198F055","","False","","168","False",".json","PASS_JSON","","lf","crlf","MISMATCH","False",""
"artifacts/development/SPT-021.3-v1.0.0/runs/20260807-220055/canonical-components.json","DEVELOPMENT_EVIDENCE","PRESERVE_AND_REVIEW_FOR_VERSIONING","14948990","14,256","F2A7B528F91F6B02D4545D8A3201579C62B16314511FA43CEB89CD593587E5FE","","False","","158","False",".json","PASS_JSON","","lf","crlf","MISMATCH","False",""
"artifacts/development/SPT-021.3-v1.0.0/runs/20260807-220055/institutional-detailed-records.json","DEVELOPMENT_EVIDENCE","PRESERVE_AND_REVIEW_FOR_VERSIONING","22449977","21,41","86935E7361CD22D3780AFB855C471B1C09E0F5C1653C7A6BE777E79F4BC98D22","","False","","168","False",".json","PASS_JSON","","lf","crlf","MISMATCH","False",""
"artifacts/development/SPT-021.3-v1.0.0/runs/20260807-221558/canonical-components.json","DEVELOPMENT_EVIDENCE","PRESERVE_AND_REVIEW_FOR_VERSIONING","14967414","14,274","0D4C6352FC52933708DF7CB7F638F6567AB103D0AD9E12C5FD66FD0AA1546658","","False","","158","False",".json","PASS_JSON","","lf","crlf","MISMATCH","False",""
"artifacts/development/SPT-021.3-v1.0.0/runs/20260807-221558/institutional-detailed-records.json","DEVELOPMENT_EVIDENCE","PRESERVE_AND_REVIEW_FOR_VERSIONING","22480315","21,439","BF4BC4CAD8C9B0FB8E01B31CC0399A07FB85A4D3F441A993F8EB28CC51A5561A","","False","","168","False",".json","PASS_JSON","","lf","crlf","MISMATCH","False",""
"artifacts/development/SPT-021.3-v1.0.0/runs/20260807-223057/canonical-components.json","DEVELOPMENT_EVIDENCE","PRESERVE_AND_REVIEW_FOR_VERSIONING","15566261","14,845","3E3C88A68A9E992521D5B24326995835C9187867F7FC5C507562F245AB62EC67","","False","","158","False",".json","PASS_JSON","","lf","crlf","MISMATCH","False",""
"artifacts/development/SPT-021.3-v1.0.0/runs/20260807-223057/institutional-detailed-records.json","DEVELOPMENT_EVIDENCE","PRESERVE_AND_REVIEW_FOR_VERSIONING","23498398","22,41","CDE2A9F1B2C7A2776AFD022272E6EA5CCB63AA254872F733AB7E9D5ABC05C2FC","","False","","168","False",".json","PASS_JSON","","lf","crlf","MISMATCH","False",""
"artifacts/development/SPT-021.3-v1.0.0/runs/20260807-224553/canonical-components.json","DEVELOPMENT_EVIDENCE","PRESERVE_AND_REVIEW_FOR_VERSIONING","15582059","14,86","EAEA6837AE51D2C17EAC29806DA594A69B54192C7CB3A78165E2B0F12F760E04","","False","","158","False",".json","PASS_JSON","","lf","crlf","MISMATCH","False",""
"artifacts/development/SPT-021.3-v1.0.0/runs/20260807-224553/institutional-detailed-records.json","DEVELOPMENT_EVIDENCE","PRESERVE_AND_REVIEW_FOR_VERSIONING","23524319","22,435","3323BD17E36E4177A411F5435D8C30494EF97941BC411B5A1DC122D69D187B40","","False","","168","False",".json","PASS_JSON","","lf","crlf","MISMATCH","False",""
"artifacts/development/SPT-021.3-v1.0.0/runs/20260807-230055/canonical-components.json","DEVELOPMENT_EVIDENCE","PRESERVE_AND_REVIEW_FOR_VERSIONING","15596909","14,874","3913D66A67ADD93DBC451158CEE28DDB5C46D551490E701A5D557E75681F68BD","","False","","158","False",".json","PASS_JSON","","lf","crlf","MISMATCH","False",""
"artifacts/development/SPT-021.3-v1.0.0/runs/20260807-230055/institutional-detailed-records.json","DEVELOPMENT_EVIDENCE","PRESERVE_AND_REVIEW_FOR_VERSIONING","23548747","22,458","9B18C95687C7CFC623E81F86098B629ED91C918097538F01AE9632494796E452","","False","","168","False",".json","PASS_JSON","","lf","crlf","MISMATCH","False",""
"artifacts/development/SPT-021.3-v1.0.0/runs/20260807-231554/canonical-components.json","DEVELOPMENT_EVIDENCE","PRESERVE_AND_REVIEW_FOR_VERSIONING","15611759","14,889","B2D928BB993370559733F7B9ECFB31F4DC06A4CDEA30847E3A4C6F1655482A3D","","False","","158","False",".json","PASS_JSON","","lf","crlf","MISMATCH","False",""
"artifacts/development/SPT-021.3-v1.0.0/runs/20260807-231554/institutional-detailed-records.json","DEVELOPMENT_EVIDENCE","PRESERVE_AND_REVIEW_FOR_VERSIONING","23573175","22,481","429507A6D0716C5C8DAE73D52D922A2EAC22A3A3DE9DEF1F955C7955052FF847","","False","","168","False",".json","PASS_JSON","","lf","crlf","MISMATCH","False",""
"artifacts/development/SPT-021.3-v1.0.0/runs/20260807-233053/canonical-components.json","DEVELOPMENT_EVIDENCE","PRESERVE_AND_REVIEW_FOR_VERSIONING","15626609","14,903","725B4760C6003CC55CD33F12DEBE32A7E4E358CB6AC49871E1CD614BD22B4327","","False","","158","False",".json","PASS_JSON","","lf","crlf","MISMATCH","False",""
"artifacts/development/SPT-021.3-v1.0.0/runs/20260807-233053/institutional-detailed-records.json","DEVELOPMENT_EVIDENCE","PRESERVE_AND_REVIEW_FOR_VERSIONING","23597603","22,504","9F7217F56DF4976558183B73C79EFBA54BB38D173EFCACDEAF5623F77123C5EF","","False","","168","False",".json","PASS_JSON","","lf","crlf","MISMATCH","False",""
"artifacts/development/SPT-021.3-v1.0.0/runs/20260807-234554/canonical-components.json","DEVELOPMENT_EVIDENCE","PRESERVE_AND_REVIEW_FOR_VERSIONING","15641459","14,917","96BCEF239C609697AB95BFDE82FEF6686FA4E267B3428DAA0E89F3A0160086AF","","False","","158","False",".json","PASS_JSON","","lf","crlf","MISMATCH","False",""
"artifacts/development/SPT-021.3-v1.0.0/runs/20260807-234554/institutional-detailed-records.json","DEVELOPMENT_EVIDENCE","PRESERVE_AND_REVIEW_FOR_VERSIONING","23622031","22,528","F5478C3A63DF6854464D3349DCE1FD9B561E08FC41A4019D941767663ECF4E28","","False","","168","False",".json","PASS_JSON","","lf","crlf","MISMATCH","False",""
"artifacts/development/SPT-021.3-v1.0.0/runs/20260808-000056/canonical-components.json","DEVELOPMENT_EVIDENCE","PRESERVE_AND_REVIEW_FOR_VERSIONING","15656309","14,931","A9EF1B9BAA050E83C6AB6A4BCDB7FB3E2FDE5C867C013432B8189B17967EBB63","","False","","158","False",".json","PASS_JSON","","lf","crlf","MISMATCH","False",""
"artifacts/development/SPT-021.3-v1.0.0/runs/20260808-000056/institutional-detailed-records.json","DEVELOPMENT_EVIDENCE","PRESERVE_AND_REVIEW_FOR_VERSIONING","23646459","22,551","8D74C2B300543B22FEB12FC63F7B5AEF077CD99E702502EB1429391CA69189EF","","False","","168","False",".json","PASS_JSON","","lf","crlf","MISMATCH","False",""
"artifacts/development/SPT-021.3-v1.0.0/runs/20260808-001558/canonical-components.json","DEVELOPMENT_EVIDENCE","PRESERVE_AND_REVIEW_FOR_VERSIONING","15674321","14,948","FB7570B3689A973E201D668490DD90F0D8C8309D9FD29A01A80EE7113D4CF20B","","False","","158","False",".json","PASS_JSON","","lf","crlf","MISMATCH","False",""
"artifacts/development/SPT-021.3-v1.0.0/runs/20260808-001558/institutional-detailed-records.json","DEVELOPMENT_EVIDENCE","PRESERVE_AND_REVIEW_FOR_VERSIONING","23678612","22,582","7940A26A97ED1884040C0C101943C87E9D27B85AF5823170CE4A118686BE262C","","False","","168","False",".json","PASS_JSON","","lf","crlf","MISMATCH","False",""
"artifacts/development/SPT-021.3-v1.0.0/runs/20260808-004555/canonical-components.json","DEVELOPMENT_EVIDENCE","PRESERVE_AND_REVIEW_FOR_VERSIONING","15698540","14,971","2A71FE5B975DC712522906F9C512599CE213178A4CE441671630A647A0B8E8D2","","False","","158","False",".json","PASS_JSON","","lf","crlf","MISMATCH","False",""
"artifacts/development/SPT-021.3-v1.0.0/runs/20260808-004555/institutional-detailed-records.json","DEVELOPMENT_EVIDENCE","PRESERVE_AND_REVIEW_FOR_VERSIONING","23710560","22,612","0815CDA0F3C882B29F42E7A7412D328B5A1AA7D34E044FB6A409AECD70BB14F7","","False","","168","False",".json","PASS_JSON","","lf","crlf","MISMATCH","False",""
"artifacts/development/SPT-021.3-v1.0.0/runs/20260808-010018/canonical-components.json","DEVELOPMENT_EVIDENCE","PRESERVE_AND_REVIEW_FOR_VERSIONING","15718972","14,991","7E12CEE2DFC7B6DAE311F03AFB0C01155A72FFB0D9315814FC5CC86168B2A6EB","","False","","158","False",".json","PASS_JSON","","lf","crlf","MISMATCH","False",""
"artifacts/development/SPT-021.3-v1.0.0/runs/20260808-010018/institutional-detailed-records.json","DEVELOPMENT_EVIDENCE","PRESERVE_AND_REVIEW_FOR_VERSIONING","23744197","22,644","4D27059EFF9172AE4A950D337D8FA65AF4372323BF52B10185FE49682E76E30B","","False","","168","False",".json","PASS_JSON","","lf","crlf","MISMATCH","False",""
"artifacts/development/SPT-021.3-v1.0.0/runs/20260808-010655/canonical-components.json","DEVELOPMENT_EVIDENCE","PRESERVE_AND_REVIEW_FOR_VERSIONING","15733822","15,005","D5CDB2018FD0ED8B31F065C502DD5CE89CFEBB72A661D251E4C40219350B501E","","False","","158","False",".json","PASS_JSON","","lf","crlf","MISMATCH","False",""
"artifacts/development/SPT-021.3-v1.0.0/runs/20260808-010655/institutional-detailed-records.json","DEVELOPMENT_EVIDENCE","PRESERVE_AND_REVIEW_FOR_VERSIONING","23768624","22,668","482A5E211A8F2BFAFCFC256384AE0BED35DC13889D1A552D0292C7D68F6C0DF2","","False","","168","False",".json","PASS_JSON","","lf","crlf","MISMATCH","False",""
"artifacts/development/SPT-021.3-v1.0.0/runs/20260808-011557/canonical-components.json","DEVELOPMENT_EVIDENCE","PRESERVE_AND_REVIEW_FOR_VERSIONING","15749359","15,02","74DCE42E4013A2B892C7B87CF71B8F98C5A01844B78A6E2DABFF67CB26DEC07C","","False","","158","False",".json","PASS_JSON","","lf","crlf","MISMATCH","False",""
"artifacts/development/SPT-021.3-v1.0.0/runs/20260808-011557/institutional-detailed-records.json","DEVELOPMENT_EVIDENCE","PRESERVE_AND_REVIEW_FOR_VERSIONING","23794092","22,692","6B58A37847347A539F3AAAE6A2DDBC0F78241E8F359C3CD072731BA3CBC0E391","","False","","168","False",".json","PASS_JSON","","lf","crlf","MISMATCH","False",""
"artifacts/development/SPT-021.3-v1.0.0/runs/20260808-013057/canonical-components.json","DEVELOPMENT_EVIDENCE","PRESERVE_AND_REVIEW_FOR_VERSIONING","15764209","15,034","3FC2812F800225C61F3F5AE3D59AAC0BD7D6F9FB0F27BCFDB6451E5647CD71CF","","False","","158","False",".json","PASS_JSON","","lf","crlf","MISMATCH","False",""
"artifacts/development/SPT-021.3-v1.0.0/runs/20260808-013057/institutional-detailed-records.json","DEVELOPMENT_EVIDENCE","PRESERVE_AND_REVIEW_FOR_VERSIONING","23818520","22,715","D7E13B714FDAA16638033D72F55DEEDDA04CC3F3A7F2F5EDE8D03B89CCE24D7F","","False","","168","False",".json","PASS_JSON","","lf","crlf","MISMATCH","False",""
"artifacts/development/SPT-021.3-v1.0.0/runs/20260808-014558/canonical-components.json","DEVELOPMENT_EVIDENCE","PRESERVE_AND_REVIEW_FOR_VERSIONING","15779059","15,048","DF75195063A12269CA5320DDC06DEA925DF6E75E52F20D399155B4DE5E9CF075","","False","","158","False",".json","PASS_JSON","","lf","crlf","MISMATCH","False",""
"artifacts/development/SPT-021.3-v1.0.0/runs/20260808-014558/institutional-detailed-records.json","DEVELOPMENT_EVIDENCE","PRESERVE_AND_REVIEW_FOR_VERSIONING","23842948","22,738","11A1ABEB441163EEDA802BED028FB07114C637C98193C9CA61306FFDD10C8976","","False","","168","False",".json","PASS_JSON","","lf","crlf","MISMATCH","False",""
"artifacts/development/SPT-021.3-v1.0.0/runs/20260808-030458/canonical-components.json","DEVELOPMENT_EVIDENCE","PRESERVE_AND_REVIEW_FOR_VERSIONING","15796043","15,064","5EFA277E40B13879E27A11367A92683A74405A91A2D5BF09B4045E3D40AF4797","","False","","158","False",".json","PASS_JSON","","lf","crlf","MISMATCH","False",""
"artifacts/development/SPT-021.3-v1.0.0/runs/20260808-030458/institutional-detailed-records.json","DEVELOPMENT_EVIDENCE","PRESERVE_AND_REVIEW_FOR_VERSIONING","23869323","22,764","89FA4B5EC7CE036EB622FE9CEA17AF78C4B22FD9BF72AF180FD1754F03F0A5FF","","False","","168","False",".json","PASS_JSON","","lf","crlf","MISMATCH","False",""
"artifacts/development/SPT-021.3-v1.0.0/runs/20260808-031556/canonical-components.json","DEVELOPMENT_EVIDENCE","PRESERVE_AND_REVIEW_FOR_VERSIONING","15973932","15,234","AAF832F5952B6B6AE6628463730493781F6EE48CE97B27D7FEA65ABBFF85AB05","","False","","158","False",".json","PASS_JSON","","lf","crlf","MISMATCH","False",""
"artifacts/development/SPT-021.3-v1.0.0/runs/20260808-031556/institutional-detailed-records.json","DEVELOPMENT_EVIDENCE","PRESERVE_AND_REVIEW_FOR_VERSIONING","24157614","23,038","E8DAF32DDEF1E53E840C8C1837FF2449CCCF53C14957CA7E10F2E1D7BBA584C0","","False","","168","False",".json","PASS_JSON","","lf","crlf","MISMATCH","False",""
"artifacts/development/SPT-021.3-v1.0.0/runs/20260808-033053/canonical-components.json","DEVELOPMENT_EVIDENCE","PRESERVE_AND_REVIEW_FOR_VERSIONING","15988782","15,248","3BB5DE6642D5C3CE0E26B4AF5E236F6DCCBDDA22BC12B30BAE1705C83A323B89","","False","","158","False",".json","PASS_JSON","","lf","crlf","MISMATCH","False",""
"artifacts/development/SPT-021.3-v1.0.0/runs/20260808-033053/institutional-detailed-records.json","DEVELOPMENT_EVIDENCE","PRESERVE_AND_REVIEW_FOR_VERSIONING","24182042","23,062","FDB09BC0FBD0B44D7D8A2DA3B05A2BB639298406701CCA8D94DF58B9A55068F8","","False","","168","False",".json","PASS_JSON","","lf","crlf","MISMATCH","False",""
"artifacts/development/SPT-021.3-v1.0.0/runs/20260808-033258/canonical-components.json","DEVELOPMENT_EVIDENCE","PRESERVE_AND_REVIEW_FOR_VERSIONING","15991579","15,251","CF6F12869A0F70F082FBBA44A6736AE4CBDCFE6CB42C46DCC8DA36AF3ADCD8C2","","False","","158","False",".json","PASS_JSON","","lf","crlf","MISMATCH","False",""
"artifacts/development/SPT-021.3-v1.0.0/runs/20260808-033258/institutional-detailed-records.json","DEVELOPMENT_EVIDENCE","PRESERVE_AND_REVIEW_FOR_VERSIONING","24183960","23,064","D9B3B30B70DFE94C9D704A7BA59D6F06F1E45B1E7917811FAAF952691A91D1FA","","False","","168","False",".json","PASS_JSON","","lf","crlf","MISMATCH","False",""
"artifacts/development/SPT-021.3-v1.0.0/runs/20260808-034143/canonical-components.json","DEVELOPMENT_EVIDENCE","PRESERVE_AND_REVIEW_FOR_VERSIONING","16167519","15,419","A7CC5C5C314CE5C7D311D90965B8A8452B5C67BA1FBAD2F639B7235153F72CD6","","False","","158","False",".json","PASS_JSON","","lf","crlf","MISMATCH","False",""
"artifacts/development/SPT-021.3-v1.0.0/runs/20260808-034143/institutional-detailed-records.json","DEVELOPMENT_EVIDENCE","PRESERVE_AND_REVIEW_FOR_VERSIONING","24468471","23,335","3B0630994E7AC08A273E8454B2C2EA20F38401733D3FFA72767F26F4C361AC86","","False","","168","False",".json","PASS_JSON","","lf","crlf","MISMATCH","False",""
"artifacts/development/SPT-021.3-v1.0.0/runs/20260808-040053/canonical-components.json","DEVELOPMENT_EVIDENCE","PRESERVE_AND_REVIEW_FOR_VERSIONING","16358309","15,6","CF577985E8138D6697D7F76E73E287C4A4D76792BF4657A6EA872FF73F6853AA","","False","","158","False",".json","PASS_JSON","","lf","crlf","MISMATCH","False",""
"artifacts/development/SPT-021.3-v1.0.0/runs/20260808-040053/institutional-detailed-records.json","DEVELOPMENT_EVIDENCE","PRESERVE_AND_REVIEW_FOR_VERSIONING","24777410","23,63","7DDC83B6DD1F251068ED7086F75F9EC179CB368AD1B7A36041909321A534F277","","False","","168","False",".json","PASS_JSON","","lf","crlf","MISMATCH","False",""
"artifacts/development/SPT-021.3-v1.0.0/runs/20260808-041556/canonical-components.json","DEVELOPMENT_EVIDENCE","PRESERVE_AND_REVIEW_FOR_VERSIONING","16373159","15,615","3FF863ACE9DAB9F174F09B87957C80D12C6607EAF3D150FD9B9A6679207EA59D","","False","","158","False",".json","PASS_JSON","","lf","crlf","MISMATCH","False",""
"artifacts/development/SPT-021.3-v1.0.0/runs/20260808-041556/institutional-detailed-records.json","DEVELOPMENT_EVIDENCE","PRESERVE_AND_REVIEW_FOR_VERSIONING","24801838","23,653","4FCFC4F761E8FACBAE8719C0C6CAB9D24255DDC4C6238EA6739BFD31EE22EF49","","False","","168","False",".json","PASS_JSON","","lf","crlf","MISMATCH","False",""
"artifacts/development/SPT-021.3-v1.0.0/runs/20260808-041709/canonical-components.json","DEVELOPMENT_EVIDENCE","PRESERVE_AND_REVIEW_FOR_VERSIONING","16373159","15,615","3FF863ACE9DAB9F174F09B87957C80D12C6607EAF3D150FD9B9A6679207EA59D","","False","","158","False",".json","PASS_JSON","","lf","crlf","MISMATCH","False",""
"artifacts/development/SPT-021.3-v1.0.0/runs/20260808-041709/institutional-detailed-records.json","DEVELOPMENT_EVIDENCE","PRESERVE_AND_REVIEW_FOR_VERSIONING","24801838","23,653","BD5E6A74DD1EBF632E78F4F527AEDEF9088967AA7E8959EC7043B94D2C53FEE6","","False","","168","False",".json","PASS_JSON","","lf","crlf","MISMATCH","False",""
"artifacts/development/SPT-021.3-v1.0.0/runs/20260808-042556/canonical-components.json","DEVELOPMENT_EVIDENCE","PRESERVE_AND_REVIEW_FOR_VERSIONING","16549099","15,782","DEC4CFFD222F6E07496C6FE17354643486AB5ACF3D071FFA11475A0FBFA7E264","","False","","158","False",".json","PASS_JSON","","lf","crlf","MISMATCH","False",""
"artifacts/development/SPT-021.3-v1.0.0/runs/20260808-042556/institutional-detailed-records.json","DEVELOPMENT_EVIDENCE","PRESERVE_AND_REVIEW_FOR_VERSIONING","25086349","23,924","045184F7C8A9D7B76C8582279D2A55C66D2B8E3C83D52D6FD7E26AD30D92BBFE","","False","","168","False",".json","PASS_JSON","","lf","crlf","MISMATCH","False",""
"artifacts/development/SPT-021.3-v1.0.0/runs/20260808-044556/canonical-components.json","DEVELOPMENT_EVIDENCE","PRESERVE_AND_REVIEW_FOR_VERSIONING","16739889","15,964","A176011E338944CBA9C4D69F2ECB52AFF4B53CFAFAEAB4EB6B425ECDC9425E22","","False","","158","False",".json","PASS_JSON","","lf","crlf","MISMATCH","False",""
"artifacts/development/SPT-021.3-v1.0.0/runs/20260808-044556/institutional-detailed-records.json","DEVELOPMENT_EVIDENCE","PRESERVE_AND_REVIEW_FOR_VERSIONING","25395288","24,219","6270605E147FCC9514EB2AB306E38B824D17C3D2EB57DEC5E2136AF1181C0E63","","False","","168","False",".json","PASS_JSON","","lf","crlf","MISMATCH","False",""
"artifacts/development/SPT-021.3-v1.0.0/runs/20260808-050057/canonical-components.json","DEVELOPMENT_EVIDENCE","PRESERVE_AND_REVIEW_FOR_VERSIONING","16754739","15,979","1F98F43883BF3B97497469F5917B44D449AD6908591D382744F310DD6A5CE653","","False","","158","False",".json","PASS_JSON","","lf","crlf","MISMATCH","False",""
"artifacts/development/SPT-021.3-v1.0.0/runs/20260808-050057/institutional-detailed-records.json","DEVELOPMENT_EVIDENCE","PRESERVE_AND_REVIEW_FOR_VERSIONING","25419716","24,242","530C8B880A648CEB26129B4D810C67A2675024D8B075F41AA788DAEA5CC43B3E","","False","","168","False",".json","PASS_JSON","","lf","crlf","MISMATCH","False",""
"artifacts/development/SPT-021.3-v1.0.0/runs/20260808-050118/canonical-components.json","DEVELOPMENT_EVIDENCE","PRESERVE_AND_REVIEW_FOR_VERSIONING","16754739","15,979","1F98F43883BF3B97497469F5917B44D449AD6908591D382744F310DD6A5CE653","","False","","158","False",".json","PASS_JSON","","lf","crlf","MISMATCH","False",""
"artifacts/development/SPT-021.3-v1.0.0/runs/20260808-050118/institutional-detailed-records.json","DEVELOPMENT_EVIDENCE","PRESERVE_AND_REVIEW_FOR_VERSIONING","25419716","24,242","2E21DF0B29FA9B4B2DFA1E7AF2AE7950F32BC5D2E1E0F5DDDBA99D0836358736","","False","","168","False",".json","PASS_JSON","","lf","crlf","MISMATCH","False",""
"artifacts/development/SPT-021.3-v1.0.0/runs/20260808-051026/canonical-components.json","DEVELOPMENT_EVIDENCE","PRESERVE_AND_REVIEW_FOR_VERSIONING","16930679","16,146","B55A9291697E01711D36DFD1FBCCD7FC10F79D24AC4F03B336D83D37FF9EE0AF","","False","","158","False",".json","PASS_JSON","","lf","crlf","MISMATCH","False",""
"artifacts/development/SPT-021.3-v1.0.0/runs/20260808-051026/institutional-detailed-records.json","DEVELOPMENT_EVIDENCE","PRESERVE_AND_REVIEW_FOR_VERSIONING","25704227","24,513","5AA5441102CBFF73DB7524C74329F0BFEB3CE885E3B970C4A89055736C2B37B0","","False","","168","False",".json","PASS_JSON","","lf","crlf","MISMATCH","False",""
"artifacts/development/SPT-021.3-v1.0.0/runs/20260808-053054/canonical-components.json","DEVELOPMENT_EVIDENCE","PRESERVE_AND_REVIEW_FOR_VERSIONING","17123915","16,331","8CB9E3EA2D5647C1A45F65CDBD65C029DD472FD58D6C431EA192298EDDF88D21","","False","","158","False",".json","PASS_JSON","","lf","crlf","MISMATCH","False",""
"artifacts/development/SPT-021.3-v1.0.0/runs/20260808-053054/institutional-detailed-records.json","DEVELOPMENT_EVIDENCE","PRESERVE_AND_REVIEW_FOR_VERSIONING","26016856","24,812","11353EFD1F85942789B935CBAE12E83DEFF4FAA7B64AB55689EFCCA261F64A9F","","False","","168","False",".json","PASS_JSON","","lf","crlf","MISMATCH","False",""
"artifacts/development/SPT-021.3-v1.0.0/runs/20260808-054553/canonical-components.json","DEVELOPMENT_EVIDENCE","PRESERVE_AND_REVIEW_FOR_VERSIONING","17138765","16,345","09FA928A039DBC920DD2774D20411637E1E7F57DA2103B0D521623FF5EE7B5C3","","False","","158","False",".json","PASS_JSON","","lf","crlf","MISMATCH","False",""
"artifacts/development/SPT-021.3-v1.0.0/runs/20260808-054553/institutional-detailed-records.json","DEVELOPMENT_EVIDENCE","PRESERVE_AND_REVIEW_FOR_VERSIONING","26041284","24,835","BFF5D66F2FC6E70E6FB20921612DDB51EFF840EBAE6703816C1BABD26F9718B4","","False","","168","False",".json","PASS_JSON","","lf","crlf","MISMATCH","False",""
"artifacts/development/SPT-021.3-v1.0.0/runs/20260808-060054/canonical-components.json","DEVELOPMENT_EVIDENCE","PRESERVE_AND_REVIEW_FOR_VERSIONING","17153615","16,359","E537C0E650E4AC7253C1AFDDE022F38EE625810457B93F6012A7EC47942BD552","","False","","158","False",".json","PASS_JSON","","lf","crlf","MISMATCH","False",""
"artifacts/development/SPT-021.3-v1.0.0/runs/20260808-060054/institutional-detailed-records.json","DEVELOPMENT_EVIDENCE","PRESERVE_AND_REVIEW_FOR_VERSIONING","26065712","24,858","5DE33F4D396C825A1288AB257AF15D143B8B55B2E574EAFA0A77451F4BB89DE7","","False","","168","False",".json","PASS_JSON","","lf","crlf","MISMATCH","False",""
"artifacts/development/SPT-021.3-v1.0.0/runs/20260808-061555/canonical-components.json","DEVELOPMENT_EVIDENCE","PRESERVE_AND_REVIEW_FOR_VERSIONING","17168465","16,373","FF2559A4BA8245F082213A94DA6841DB346BE9E63EAD865EB56699F5F9398D5B","","False","","158","False",".json","PASS_JSON","","lf","crlf","MISMATCH","False",""
"artifacts/development/SPT-021.3-v1.0.0/runs/20260808-061555/institutional-detailed-records.json","DEVELOPMENT_EVIDENCE","PRESERVE_AND_REVIEW_FOR_VERSIONING","26090140","24,881","1C0EC74CC671E2D7FD7D32A734A0DAC955A9371157A905D4C5EBD5AB941F4680","","False","","168","False",".json","PASS_JSON","","lf","crlf","MISMATCH","False",""
"artifacts/development/SPT-021.3-v1.0.0/runs/20260808-063055/canonical-components.json","DEVELOPMENT_EVIDENCE","PRESERVE_AND_REVIEW_FOR_VERSIONING","17183315","16,387","86E8B93A5A45200EBEB3CA5A72D95845CFB4360FA5C6FFB7F940643D7FA899A3","","False","","158","False",".json","PASS_JSON","","lf","crlf","MISMATCH","False",""
"artifacts/development/SPT-021.3-v1.0.0/runs/20260808-063055/institutional-detailed-records.json","DEVELOPMENT_EVIDENCE","PRESERVE_AND_REVIEW_FOR_VERSIONING","26114568","24,905","C144D438C957CF443FB6B3F9352165793B1633EB890125E67278514F0DAE8374","","False","","168","False",".json","PASS_JSON","","lf","crlf","MISMATCH","False",""
"artifacts/development/SPT-021.3-v1.0.0/runs/20260808-064554/canonical-components.json","DEVELOPMENT_EVIDENCE","PRESERVE_AND_REVIEW_FOR_VERSIONING","17198165","16,401","61F80679B6786FCE627FEF2C5C4895F0F26BBECB47D1E20CEB22FA379BE889C6","","False","","158","False",".json","PASS_JSON","","lf","crlf","MISMATCH","False",""
"artifacts/development/SPT-021.3-v1.0.0/runs/20260808-064554/institutional-detailed-records.json","DEVELOPMENT_EVIDENCE","PRESERVE_AND_REVIEW_FOR_VERSIONING","26138996","24,928","5C72D6A4D68482BCC41AEDB4160832DA02CFFED058FBC090F1238BE99A047B3E","","False","","168","False",".json","PASS_JSON","","lf","crlf","MISMATCH","False",""
"artifacts/development/SPT-021.3-v1.0.0/runs/20260808-070055/canonical-components.json","DEVELOPMENT_EVIDENCE","PRESERVE_AND_REVIEW_FOR_VERSIONING","17213015","16,416","BD454E22BE3C2C516CFF8BEDA9671D212611AEB4EA52E80691D2D305CAFD96D2","","False","","158","False",".json","PASS_JSON","","lf","crlf","MISMATCH","False",""
"artifacts/development/SPT-021.3-v1.0.0/runs/20260808-070055/institutional-detailed-records.json","DEVELOPMENT_EVIDENCE","PRESERVE_AND_REVIEW_FOR_VERSIONING","26163424","24,951","5FEC770007FEEE9C0D946B03D0EAFD5B7FFDCC94562871B90564E794B77006BB","","False","","168","False",".json","PASS_JSON","","lf","crlf","MISMATCH","False",""
"artifacts/development/SPT-021.3-v1.0.0/runs/20260808-071554/canonical-components.json","DEVELOPMENT_EVIDENCE","PRESERVE_AND_REVIEW_FOR_VERSIONING","17227865","16,43","162337F5EC60D787A757C8A59BFAB2D64FEFF61EE2071ACB2FCA6EC8FC5BC577","","False","","158","False",".json","PASS_JSON","","lf","crlf","MISMATCH","False",""
"artifacts/development/SPT-021.3-v1.0.0/runs/20260808-071554/institutional-detailed-records.json","DEVELOPMENT_EVIDENCE","PRESERVE_AND_REVIEW_FOR_VERSIONING","26187852","24,975","A02810589AF55DA6A68259106212474879339AD815A8AD515941A5A29EA70FB0","","False","","168","False",".json","PASS_JSON","","lf","crlf","MISMATCH","False",""
"artifacts/development/SPT-021.3-v1.0.0/runs/20260808-073055/canonical-components.json","DEVELOPMENT_EVIDENCE","PRESERVE_AND_REVIEW_FOR_VERSIONING","17242715","16,444","EC047E9FD17D7A730EB96988D96A5D6556D5DC9D0C77C2E2C2C6E32BC9714EFD","","False","","158","False",".json","PASS_JSON","","lf","crlf","MISMATCH","False",""
"artifacts/development/SPT-021.3-v1.0.0/runs/20260808-073055/institutional-detailed-records.json","DEVELOPMENT_EVIDENCE","PRESERVE_AND_REVIEW_FOR_VERSIONING","26212280","24,998","39B45A765C5011169616D627FB493BCBE9144AAA895499165337B17D9BD5C15A","","False","","168","False",".json","PASS_JSON","","lf","crlf","MISMATCH","False",""
"artifacts/development/SPT-021.3-v1.0.0/runs/20260808-074555/canonical-components.json","DEVELOPMENT_EVIDENCE","PRESERVE_AND_REVIEW_FOR_VERSIONING","17257565","16,458","764166C51CD000C768BF7B5E10067C7CCE08F166A476384149C495E276DA055C","","False","","158","False",".json","PASS_JSON","","lf","crlf","MISMATCH","False",""
"artifacts/development/SPT-021.3-v1.0.0/runs/20260808-074555/institutional-detailed-records.json","DEVELOPMENT_EVIDENCE","PRESERVE_AND_REVIEW_FOR_VERSIONING","26236708","25,021","3D794D0332855329B20966BA059E5F66E479985EEEAFE1231A4F9480B19937A7","","False","","168","False",".json","PASS_JSON","","lf","crlf","MISMATCH","False",""
"artifacts/development/SPT-021.3-v1.0.0/runs/20260808-080055/canonical-components.json","DEVELOPMENT_EVIDENCE","PRESERVE_AND_REVIEW_FOR_VERSIONING","17272415","16,472","8D6D8442EC3BFFE29F0ADD805F2FED52523FEE5E82853839495059CB7229D49A","","False","","158","False",".json","PASS_JSON","","lf","crlf","MISMATCH","False",""
"artifacts/development/SPT-021.3-v1.0.0/runs/20260808-080055/institutional-detailed-records.json","DEVELOPMENT_EVIDENCE","PRESERVE_AND_REVIEW_FOR_VERSIONING","26261136","25,045","10234BA16AAF530592760179A47FE4970BD9843603A531BF4C413F17C3DB452F","","False","","168","False",".json","PASS_JSON","","lf","crlf","MISMATCH","False",""
"artifacts/development/SPT-021.3-v1.0.0/runs/20260808-081556/canonical-components.json","DEVELOPMENT_EVIDENCE","PRESERVE_AND_REVIEW_FOR_VERSIONING","17287265","16,486","0F4ACBA2D35833E0FFBDC62EED66273F5BF6EB6E7AD90FAFBFDDF8DF3B01C24B","","False","","158","False",".json","PASS_JSON","","lf","crlf","MISMATCH","False",""
"artifacts/development/SPT-021.3-v1.0.0/runs/20260808-081556/institutional-detailed-records.json","DEVELOPMENT_EVIDENCE","PRESERVE_AND_REVIEW_FOR_VERSIONING","26285564","25,068","BAB8200FB6E369C84476F0A2B51A7CF0EF4BC9194C36224D1150D852394CA332","","False","","168","False",".json","PASS_JSON","","lf","crlf","MISMATCH","False",""
"artifacts/development/SPT-021.3-v1.0.0/runs/20260808-083054/canonical-components.json","DEVELOPMENT_EVIDENCE","PRESERVE_AND_REVIEW_FOR_VERSIONING","17302115","16,501","8109E26D698A70F5FC852097E4917B186D600739D29A326537B3EBAB55B3C383","","False","","158","False",".json","PASS_JSON","","lf","crlf","MISMATCH","False",""
"artifacts/development/SPT-021.3-v1.0.0/runs/20260808-083054/institutional-detailed-records.json","DEVELOPMENT_EVIDENCE","PRESERVE_AND_REVIEW_FOR_VERSIONING","26309992","25,091","B38A7EB79C2E40ABA0E66F1F0AF8A22FA541436BA7A71C3152AEB481788C4BBE","","False","","168","False",".json","PASS_JSON","","lf","crlf","MISMATCH","False",""
"artifacts/development/SPT-021.3-v1.0.0/runs/20260808-084554/canonical-components.json","DEVELOPMENT_EVIDENCE","PRESERVE_AND_REVIEW_FOR_VERSIONING","17316965","16,515","7C957786F47F453488F3EE21BDD17EA2BB36976D40CFEE82D58AA3B67963103A","","False","","158","False",".json","PASS_JSON","","lf","crlf","MISMATCH","False",""
"artifacts/development/SPT-021.3-v1.0.0/runs/20260808-084554/institutional-detailed-records.json","DEVELOPMENT_EVIDENCE","PRESERVE_AND_REVIEW_FOR_VERSIONING","26334420","25,114","B03FE66E1DEE37DC145033DCB5207CD1A9A2914FF15CBF67503925EBDE8BCDF3","","False","","168","False",".json","PASS_JSON","","lf","crlf","MISMATCH","False",""
"artifacts/development/SPT-021.3-v1.0.0/runs/20260808-090057/canonical-components.json","DEVELOPMENT_EVIDENCE","PRESERVE_AND_REVIEW_FOR_VERSIONING","17331815","16,529","E945E0DE506E5F55EA530B32840E04AF161BFB957C9BA33273DA6AA41798D3F2","","False","","158","False",".json","PASS_JSON","","lf","crlf","MISMATCH","False",""
"artifacts/development/SPT-021.3-v1.0.0/runs/20260808-090057/institutional-detailed-records.json","DEVELOPMENT_EVIDENCE","PRESERVE_AND_REVIEW_FOR_VERSIONING","26358848","25,138","5EA972B0C72C5C647397A07821CA557973168E0805CFC0DB90F5D0E98F8F748C","","False","","168","False",".json","PASS_JSON","","lf","crlf","MISMATCH","False",""
"artifacts/development/SPT-021.3-v1.0.0/runs/20260808-091557/canonical-components.json","DEVELOPMENT_EVIDENCE","PRESERVE_AND_REVIEW_FOR_VERSIONING","17346665","16,543","A4C5252530E249BC55B4FE7C0035AAE536A2FA8C3CDC104E4D2102C369B81243","","False","","158","False",".json","PASS_JSON","","lf","crlf","MISMATCH","False",""
"artifacts/development/SPT-021.3-v1.0.0/runs/20260808-091557/institutional-detailed-records.json","DEVELOPMENT_EVIDENCE","PRESERVE_AND_REVIEW_FOR_VERSIONING","26383276","25,161","AB4F474BF9D4DEF85AADF314CD5B99A3BB0DFCC6AFB940CD40598A2EF018580A","","False","","168","False",".json","PASS_JSON","","lf","crlf","MISMATCH","False",""
"artifacts/development/SPT-021.3-v1.0.0/runs/20260808-093058/canonical-components.json","DEVELOPMENT_EVIDENCE","PRESERVE_AND_REVIEW_FOR_VERSIONING","17361515","16,557","2AC03356F2FA662478C2FDAACFF7960A386D1AD6DD80E19A418A0109858D26E1","","False","","158","False",".json","PASS_JSON","","lf","crlf","MISMATCH","False",""
"artifacts/development/SPT-021.3-v1.0.0/runs/20260808-093058/institutional-detailed-records.json","DEVELOPMENT_EVIDENCE","PRESERVE_AND_REVIEW_FOR_VERSIONING","26407704","25,184","B0C5A23F67849D896E9E8591F32A96C4CF68DBB6AA135CB6EDF998B6945EBC96","","False","","168","False",".json","PASS_JSON","","lf","crlf","MISMATCH","False",""
"artifacts/development/SPT-021.3-v1.0.0/runs/20260808-094600/canonical-components.json","DEVELOPMENT_EVIDENCE","PRESERVE_AND_REVIEW_FOR_VERSIONING","17390040","16,584","64D103DB189D104143871E14759FCFCA013DAA6E18333EC7E56CA152742443BD","","False","","158","False",".json","PASS_JSON","","lf","crlf","MISMATCH","False",""
"artifacts/development/SPT-021.3-v1.0.0/runs/20260808-094600/institutional-detailed-records.json","DEVELOPMENT_EVIDENCE","PRESERVE_AND_REVIEW_FOR_VERSIONING","26448149","25,223","36521FAF9FE34AF8F364A3094FF810073509509407DE97488C71F3E01BD48412","","False","","168","False",".json","PASS_JSON","","lf","crlf","MISMATCH","False",""
"artifacts/development/SPT-021.3-v1.0.0/runs/20260808-100059/canonical-components.json","DEVELOPMENT_EVIDENCE","PRESERVE_AND_REVIEW_FOR_VERSIONING","17407628","16,601","0DFD86867665741D32FF18D35C6A503B301B69FD27A03352069826EBB3859C07","","False","","158","False",".json","PASS_JSON","","lf","crlf","MISMATCH","False",""
"artifacts/development/SPT-021.3-v1.0.0/runs/20260808-100059/institutional-detailed-records.json","DEVELOPMENT_EVIDENCE","PRESERVE_AND_REVIEW_FOR_VERSIONING","26476264","25,25","B178DAA7347660359363F2C1F349A114094F1E6A3F8F66956C0FB979E7F291F5","","False","","168","False",".json","PASS_JSON","","lf","crlf","MISMATCH","False",""
"artifacts/development/SPT-021.3-v1.0.0/runs/20260808-100745/canonical-components.json","DEVELOPMENT_EVIDENCE","PRESERVE_AND_REVIEW_FOR_VERSIONING","17408295","16,602","4FE217FFE3DDF49CB7E1A397AC8D7FC36396197CEB2DDBB78956EEC3ED8BE5CE","","False","","158","False",".json","PASS_JSON","","lf","crlf","MISMATCH","False",""
"artifacts/development/SPT-021.3-v1.0.0/runs/20260808-100745/institutional-detailed-records.json","DEVELOPMENT_EVIDENCE","PRESERVE_AND_REVIEW_FOR_VERSIONING","26477264","25,251","3CE0AFA8DF26E6D3BFF26404A55139120E187CE995A915E7F87C6B4CD0F03944","","False","","168","False",".json","PASS_JSON","","lf","crlf","MISMATCH","False",""
"artifacts/development/SPT-021.3-v1.0.0/runs/20260808-103100/canonical-components.json","DEVELOPMENT_EVIDENCE","PRESERVE_AND_REVIEW_FOR_VERSIONING","17605061","16,789","A161E8884BEEB3B0FC8BEE32014A3268EEA41FE8A9C1FBB739E83EF765B9CBB0","","False","","158","False",".json","PASS_JSON","","lf","crlf","MISMATCH","False",""
"artifacts/development/SPT-021.3-v1.0.0/runs/20260808-103100/institutional-detailed-records.json","DEVELOPMENT_EVIDENCE","PRESERVE_AND_REVIEW_FOR_VERSIONING","26797165","25,556","5CDC15703C4C8BDC53C5AB4FB06D6952359FE7251D0A8B8E2291E89E2FE6B79A","","False","","168","False",".json","PASS_JSON","","lf","crlf","MISMATCH","False",""
"artifacts/development/SPT-021.3-v1.0.0/runs/20260808-104555/canonical-components.json","DEVELOPMENT_EVIDENCE","PRESERVE_AND_REVIEW_FOR_VERSIONING","17783081","16,959","D5658D22B160F3446CB7E9EA6EEB937E49521217A2270352659BE7FF85136AAB","","False","","158","False",".json","PASS_JSON","","lf","crlf","MISMATCH","False",""
"artifacts/development/SPT-021.3-v1.0.0/runs/20260808-104555/institutional-detailed-records.json","DEVELOPMENT_EVIDENCE","PRESERVE_AND_REVIEW_FOR_VERSIONING","27084912","25,83","6C2B377DC4F43594B38E338342798D6718F3672D5D8F6225956F3E46F176E92A","","False","","168","False",".json","PASS_JSON","","lf","crlf","MISMATCH","False",""
"artifacts/development/SPT-021.3-v1.0.0/runs/20260808-110054/canonical-components.json","DEVELOPMENT_EVIDENCE","PRESERVE_AND_REVIEW_FOR_VERSIONING","17797931","16,973","8AF99393B255159567D477CD831CC257294F6A4F83FB09D156BA56C6D239388F","","False","","158","False",".json","PASS_JSON","","lf","crlf","MISMATCH","False",""
"artifacts/development/SPT-021.3-v1.0.0/runs/20260808-110054/institutional-detailed-records.json","DEVELOPMENT_EVIDENCE","PRESERVE_AND_REVIEW_FOR_VERSIONING","27109340","25,853","55C30528A9D008541ACD65B141F415C87E60BB9AEA1FDC9C0B2CD3ADCE5CAD1E","","False","","168","False",".json","PASS_JSON","","lf","crlf","MISMATCH","False",""
"artifacts/development/SPT-021.3-v1.0.0/runs/20260808-111554/canonical-components.json","DEVELOPMENT_EVIDENCE","PRESERVE_AND_REVIEW_FOR_VERSIONING","17812781","16,988","B9605C912D7A997C5C734DDBF2DE4F96F84CE95AB149120BEC29358420079ABB","","False","","158","False",".json","PASS_JSON","","lf","crlf","MISMATCH","False",""
"artifacts/development/SPT-021.3-v1.0.0/runs/20260808-111554/institutional-detailed-records.json","DEVELOPMENT_EVIDENCE","PRESERVE_AND_REVIEW_FOR_VERSIONING","27133768","25,877","A216FFB0368A4949400B53751809665553D3254B9B754D7C730062C341A33906","","False","","168","False",".json","PASS_JSON","","lf","crlf","MISMATCH","False",""
"artifacts/development/SPT-021.3-v1.0.0/runs/20260808-113056/canonical-components.json","DEVELOPMENT_EVIDENCE","PRESERVE_AND_REVIEW_FOR_VERSIONING","17827631","17,002","0670906489292302F49361960D509ACC977EABEAFAF3402CE0AA7E83710ED3A9","","False","","158","False",".json","PASS_JSON","","lf","crlf","MISMATCH","False",""
"artifacts/development/SPT-021.3-v1.0.0/runs/20260808-113056/institutional-detailed-records.json","DEVELOPMENT_EVIDENCE","PRESERVE_AND_REVIEW_FOR_VERSIONING","27158196","25,9","FBC85C17C21479BEEAC2EE86636F86559399028823905BBD4C9532A9E10618D3","","False","","168","False",".json","PASS_JSON","","lf","crlf","MISMATCH","False",""
"artifacts/development/SPT-021.3-v1.0.0/runs/20260808-114553/canonical-components.json","DEVELOPMENT_EVIDENCE","PRESERVE_AND_REVIEW_FOR_VERSIONING","17842481","17,016","5002B262B95022A73AE88390849E649036583B3EC447F66E688648CCFA50A424","","False","","158","False",".json","PASS_JSON","","lf","crlf","MISMATCH","False",""
"artifacts/development/SPT-021.3-v1.0.0/runs/20260808-114553/institutional-detailed-records.json","DEVELOPMENT_EVIDENCE","PRESERVE_AND_REVIEW_FOR_VERSIONING","27182624","25,923","AE7F253243D3216AC83560E5436106C5DFDA11C2DDC2052271BBB742C9F595D1","","False","","168","False",".json","PASS_JSON","","lf","crlf","MISMATCH","False",""
"artifacts/development/SPT-021.3-v1.0.0/runs/20260808-120054/canonical-components.json","DEVELOPMENT_EVIDENCE","PRESERVE_AND_REVIEW_FOR_VERSIONING","17857331","17,03","D85373D358395DFDE19DEA4B0A6983F2272B396E11B8E76ED3FDB7D8BC3E727C","","False","","158","False",".json","PASS_JSON","","lf","crlf","MISMATCH","False",""
"artifacts/development/SPT-021.3-v1.0.0/runs/20260808-120054/institutional-detailed-records.json","DEVELOPMENT_EVIDENCE","PRESERVE_AND_REVIEW_FOR_VERSIONING","27207052","25,947","C1A9317DB56E1E76258C3E53C97953BCD5DF38FF2D3FB1FC453F03D0F66777FA","","False","","168","False",".json","PASS_JSON","","lf","crlf","MISMATCH","False",""
"artifacts/development/SPT-021.3-v1.0.0/runs/20260808-121554/canonical-components.json","DEVELOPMENT_EVIDENCE","PRESERVE_AND_REVIEW_FOR_VERSIONING","17872181","17,044","C7AC22E0F51FDE055E4D3802F899D3E6B1C1F8BEF2656C01822CAFE61BE2724F","","False","","158","False",".json","PASS_JSON","","lf","crlf","MISMATCH","False",""
"artifacts/development/SPT-021.3-v1.0.0/runs/20260808-121554/institutional-detailed-records.json","DEVELOPMENT_EVIDENCE","PRESERVE_AND_REVIEW_FOR_VERSIONING","27231480","25,97","FBD1601AC574C6CD6A39B5B7B64AB75D6C274EA51B61F34A33AFCA334753E649","","False","","168","False",".json","PASS_JSON","","lf","crlf","MISMATCH","False",""
"artifacts/development/SPT-021.3-v1.0.0/runs/20260808-123053/canonical-components.json","DEVELOPMENT_EVIDENCE","PRESERVE_AND_REVIEW_FOR_VERSIONING","17887031","17,058","07AA5A4580E8161D1A81D5636529DD217DB1AE4C99C3BD3E7FB03D97C4FAA7D7","","False","","158","False",".json","PASS_JSON","","lf","crlf","MISMATCH","False",""
"artifacts/development/SPT-021.3-v1.0.0/runs/20260808-123053/institutional-detailed-records.json","DEVELOPMENT_EVIDENCE","PRESERVE_AND_REVIEW_FOR_VERSIONING","27255908","25,993","00FC57461F8F2BE27BFADE6F2D71F6166AF338A172673750E07A00B22BB1AEBA","","False","","168","False",".json","PASS_JSON","","lf","crlf","MISMATCH","False",""
"artifacts/development/SPT-021.3-v1.0.0/runs/20260808-124554/canonical-components.json","DEVELOPMENT_EVIDENCE","PRESERVE_AND_REVIEW_FOR_VERSIONING","17901881","17,073","46A8EB1CC408C9A7CBB80DB1158C6379A3F43AEC795AC939DA91F68D50C73C95","","False","","158","False",".json","PASS_JSON","","lf","crlf","MISMATCH","False",""
"artifacts/development/SPT-021.3-v1.0.0/runs/20260808-124554/institutional-detailed-records.json","DEVELOPMENT_EVIDENCE","PRESERVE_AND_REVIEW_FOR_VERSIONING","27280336","26,017","09DDB8923AE77E2DA3B95102C6FF51D39AA9B84867DBE72010C96E10F364A008","","False","","168","False",".json","PASS_JSON","","lf","crlf","MISMATCH","False",""
"artifacts/development/SPT-021.3-v1.0.0/runs/20260808-130054/canonical-components.json","DEVELOPMENT_EVIDENCE","PRESERVE_AND_REVIEW_FOR_VERSIONING","17916731","17,087","8F9D2F5EA9749A478083E062CE61B2087B0159D816B6A572EB41571628628BAD","","False","","158","False",".json","PASS_JSON","","lf","crlf","MISMATCH","False",""
"artifacts/development/SPT-021.3-v1.0.0/runs/20260808-130054/institutional-detailed-records.json","DEVELOPMENT_EVIDENCE","PRESERVE_AND_REVIEW_FOR_VERSIONING","27304764","26,04","FD312FA76E94015FF545A826C94325FE3C18DBDF8735D8FBDF2E10969D832D13","","False","","168","False",".json","PASS_JSON","","lf","crlf","MISMATCH","False",""
"artifacts/development/SPT-021.3-v1.0.0/runs/20260808-131554/canonical-components.json","DEVELOPMENT_EVIDENCE","PRESERVE_AND_REVIEW_FOR_VERSIONING","17931581","17,101","25B2D53FF7AB039256BE9667463B8E7E93B1855F83EFBC109E56557B4404E724","","False","","158","False",".json","PASS_JSON","","lf","crlf","MISMATCH","False",""
"artifacts/development/SPT-021.3-v1.0.0/runs/20260808-131554/institutional-detailed-records.json","DEVELOPMENT_EVIDENCE","PRESERVE_AND_REVIEW_FOR_VERSIONING","27329192","26,063","D1089497F9D8EE40005A727FE4F73C050131E9DD6890F2CDBB8CA468D54059D0","","False","","168","False",".json","PASS_JSON","","lf","crlf","MISMATCH","False",""
"artifacts/development/SPT-021.3-v1.0.0/runs/20260808-133054/canonical-components.json","DEVELOPMENT_EVIDENCE","PRESERVE_AND_REVIEW_FOR_VERSIONING","17946431","17,115","EFD52694B0C0BD1DA2057EFE2A17FF52FCAEB86A4594D2F00E5816A05AD732DE","","False","","158","False",".json","PASS_JSON","","lf","crlf","MISMATCH","False",""
"artifacts/development/SPT-021.3-v1.0.0/runs/20260808-133054/institutional-detailed-records.json","DEVELOPMENT_EVIDENCE","PRESERVE_AND_REVIEW_FOR_VERSIONING","27353620","26,086","F1763E134C3E79B88F9684A823F5C6060F9054996F64F07258D60BFB0CBC77CE","","False","","168","False",".json","PASS_JSON","","lf","crlf","MISMATCH","False",""
"artifacts/development/SPT-021.3-v1.0.0/runs/20260808-134554/canonical-components.json","DEVELOPMENT_EVIDENCE","PRESERVE_AND_REVIEW_FOR_VERSIONING","17961281","17,129","93D65ACE8A0126DB021D14ACBC08862EB0F25758B65407BD97511F5AB07CF5B4","","False","","158","False",".json","PASS_JSON","","lf","crlf","MISMATCH","False",""
"artifacts/development/SPT-021.3-v1.0.0/runs/20260808-134554/institutional-detailed-records.json","DEVELOPMENT_EVIDENCE","PRESERVE_AND_REVIEW_FOR_VERSIONING","27378048","26,11","2689BBAA1977CF72903187B1EDD245DF3E112A6AEDFA0257696745F8A8618AD6","","False","","168","False",".json","PASS_JSON","","lf","crlf","MISMATCH","False",""
"artifacts/development/SPT-021.3-v1.0.0/runs/20260808-140054/canonical-components.json","DEVELOPMENT_EVIDENCE","PRESERVE_AND_REVIEW_FOR_VERSIONING","17976131","17,143","4C3CA89630D16304323E47EC892A2C9872BDD907612A0CC9E34366F40E52E856","","False","","158","False",".json","PASS_JSON","","lf","crlf","MISMATCH","False",""
"artifacts/development/SPT-021.3-v1.0.0/runs/20260808-140054/institutional-detailed-records.json","DEVELOPMENT_EVIDENCE","PRESERVE_AND_REVIEW_FOR_VERSIONING","27402476","26,133","86B14153C29926896F642B9577649F42903DC58215573E1EBE61F994967587E4","","False","","168","False",".json","PASS_JSON","","lf","crlf","MISMATCH","False",""
"artifacts/development/SPT-021.3-v1.0.0/runs/20260808-141555/canonical-components.json","DEVELOPMENT_EVIDENCE","PRESERVE_AND_REVIEW_FOR_VERSIONING","17990981","17,158","EB7592D8C403E70EB2768C03561DD186FE5EEF88D5A72DE40C7E4C8CF96ABC40","","False","","158","False",".json","PASS_JSON","","lf","crlf","MISMATCH","False",""
"artifacts/development/SPT-021.3-v1.0.0/runs/20260808-141555/institutional-detailed-records.json","DEVELOPMENT_EVIDENCE","PRESERVE_AND_REVIEW_FOR_VERSIONING","27426904","26,156","C30803385E632941F2ED46C384D3508CB0AD28C17B518C80150A4F7C2D015841","","False","","168","False",".json","PASS_JSON","","lf","crlf","MISMATCH","False",""
"artifacts/development/SPT-021.3-v1.0.0/runs/20260808-143054/canonical-components.json","DEVELOPMENT_EVIDENCE","PRESERVE_AND_REVIEW_FOR_VERSIONING","18005831","17,172","A136B374431B671EF7FBE481B7827B7FA1150974E7670801283582051678988B","","False","","158","False",".json","PASS_JSON","","lf","crlf","MISMATCH","False",""
"artifacts/development/SPT-021.3-v1.0.0/runs/20260808-143054/institutional-detailed-records.json","DEVELOPMENT_EVIDENCE","PRESERVE_AND_REVIEW_FOR_VERSIONING","27451332","26,18","5979DF4A7AA566BA43ECC7D0C4D0C1AA6BBD9317FC4923F4CFB98FC0AD1AEAE0","","False","","168","False",".json","PASS_JSON","","lf","crlf","MISMATCH","False",""
"artifacts/development/SPT-021.3-v1.0.0/runs/20260808-144554/canonical-components.json","DEVELOPMENT_EVIDENCE","PRESERVE_AND_REVIEW_FOR_VERSIONING","18020681","17,186","CD6F9A3E7A0026B26D31E59A5DE82F01130E37C7D054808CE3364BC5A2009358","","False","","158","False",".json","PASS_JSON","","lf","crlf","MISMATCH","False",""
"artifacts/development/SPT-021.3-v1.0.0/runs/20260808-144554/institutional-detailed-records.json","DEVELOPMENT_EVIDENCE","PRESERVE_AND_REVIEW_FOR_VERSIONING","27475760","26,203","FFBD0C295CD8CE9447C419C8F846DC6C8B1A9C69D863A7064AB986C32ED35F56","","False","","168","False",".json","PASS_JSON","","lf","crlf","MISMATCH","False",""
"artifacts/development/SPT-021.3-v1.0.0/runs/20260808-150056/canonical-components.json","DEVELOPMENT_EVIDENCE","PRESERVE_AND_REVIEW_FOR_VERSIONING","18035531","17,2","CC55B18EE1DCB801D3C2CD233218F7C6F86B64E5238CF262CB77EBA67A585886","","False","","158","False",".json","PASS_JSON","","lf","crlf","MISMATCH","False",""
"artifacts/development/SPT-021.3-v1.0.0/runs/20260808-150056/institutional-detailed-records.json","DEVELOPMENT_EVIDENCE","PRESERVE_AND_REVIEW_FOR_VERSIONING","27500188","26,226","1710B1B2E520DB9DF95C3C9C6FBCE2A534C08808CDFBBC4F6FF4CDDE3913BB43","","False","","168","False",".json","PASS_JSON","","lf","crlf","MISMATCH","False",""
"artifacts/development/SPT-021.3-v1.0.0/runs/20260808-151558/canonical-components.json","DEVELOPMENT_EVIDENCE","PRESERVE_AND_REVIEW_FOR_VERSIONING","18050381","17,214","B6443959B29D6165391ACB7A84FB19286F02A2568FC1B51E9EB7AD11AC5243D9","","False","","158","False",".json","PASS_JSON","","lf","crlf","MISMATCH","False",""
"artifacts/development/SPT-021.3-v1.0.0/runs/20260808-151558/institutional-detailed-records.json","DEVELOPMENT_EVIDENCE","PRESERVE_AND_REVIEW_FOR_VERSIONING","27524616","26,25","97FED09F55559EFE1F17B6C28DF7E1455EEACF7AB2869D7B32BF7D82FC913D5A","","False","","168","False",".json","PASS_JSON","","lf","crlf","MISMATCH","False",""
"artifacts/development/SPT-021.3-v1.0.0/runs/20260808-153055/canonical-components.json","DEVELOPMENT_EVIDENCE","PRESERVE_AND_REVIEW_FOR_VERSIONING","18065231","17,228","0A959E1F2DEE21FFD2DA4D4B940F9D272E45B429BC4B1321FF3C703AE7731D93","","False","","158","False",".json","PASS_JSON","","lf","crlf","MISMATCH","False",""
"artifacts/development/SPT-021.3-v1.0.0/runs/20260808-153055/institutional-detailed-records.json","DEVELOPMENT_EVIDENCE","PRESERVE_AND_REVIEW_FOR_VERSIONING","27549044","26,273","5BDB4766ED5D0ED975BC0650DD0AA6EED36B10870BDA49CB0E78685867450C46","","False","","168","False",".json","PASS_JSON","","lf","crlf","MISMATCH","False",""
"artifacts/development/SPT-021.3-v1.0.0/runs/20260808-154556/canonical-components.json","DEVELOPMENT_EVIDENCE","PRESERVE_AND_REVIEW_FOR_VERSIONING","18080081","17,243","21B639B090972DAC7198AC06D4A8A2E3B500B904B29B74D5A2AA44FA9F02A269","","False","","158","False",".json","PASS_JSON","","lf","crlf","MISMATCH","False",""
"artifacts/development/SPT-021.3-v1.0.0/runs/20260808-154556/institutional-detailed-records.json","DEVELOPMENT_EVIDENCE","PRESERVE_AND_REVIEW_FOR_VERSIONING","27573472","26,296","9B6E0D0A16E2CDC0B3573BEF143E9449F5B5D4DF106346DF759575F378002F53","","False","","168","False",".json","PASS_JSON","","lf","crlf","MISMATCH","False",""
"artifacts/development/SPT-021.3-v1.0.0/runs/20260808-160053/canonical-components.json","DEVELOPMENT_EVIDENCE","PRESERVE_AND_REVIEW_FOR_VERSIONING","18094931","17,257","4C166F90871174CF6A6A835E523ED0C68F040FDE1F57C0232778D42AECF1BADA","","False","","158","False",".json","PASS_JSON","","lf","crlf","MISMATCH","False",""
"artifacts/development/SPT-021.3-v1.0.0/runs/20260808-160053/institutional-detailed-records.json","DEVELOPMENT_EVIDENCE","PRESERVE_AND_REVIEW_FOR_VERSIONING","27597900","26,319","E681EC1A8A86C33010702BE0AEB000FF221E138F74B95B88E923AA553659C87F","","False","","168","False",".json","PASS_JSON","","lf","crlf","MISMATCH","False",""
"artifacts/development/SPT-021.3-v1.0.0/runs/20260808-163059/canonical-components.json","DEVELOPMENT_EVIDENCE","PRESERVE_AND_REVIEW_FOR_VERSIONING","18111014","17,272","EDA29AC2D7D78C99E01048AB05D45A1EC9821C0D0AD32B3BAAC90ABC90F8404C","","False","","158","False",".json","PASS_JSON","","lf","crlf","MISMATCH","False",""
"artifacts/development/SPT-021.3-v1.0.0/runs/20260808-163059/institutional-detailed-records.json","DEVELOPMENT_EVIDENCE","PRESERVE_AND_REVIEW_FOR_VERSIONING","27625358","26,346","C86C84C0ACF7A06ADBB7FA01119853BA51F09E0FB717341A243C93E4F5EA8296","","False","","168","False",".json","PASS_JSON","","lf","crlf","MISMATCH","False",""
"artifacts/development/SPT-021.3-v1.0.0/runs/20260808-164553/canonical-components.json","DEVELOPMENT_EVIDENCE","PRESERVE_AND_REVIEW_FOR_VERSIONING","18125864","17,286","E0637563BE075D4C222D67A1D5E644600FC2698919F9DC881019ECDB94918973","","False","","158","False",".json","PASS_JSON","","lf","crlf","MISMATCH","False",""
"artifacts/development/SPT-021.3-v1.0.0/runs/20260808-164553/institutional-detailed-records.json","DEVELOPMENT_EVIDENCE","PRESERVE_AND_REVIEW_FOR_VERSIONING","27649786","26,369","FEA3349ECE89EDF087FC3A2023224813EFCF3A1145FAAD23D14F19D29EED27DE","","False","","168","False",".json","PASS_JSON","","lf","crlf","MISMATCH","False",""
"artifacts/development/SPT-021.3-v1.0.0/runs/20260808-170055/canonical-components.json","DEVELOPMENT_EVIDENCE","PRESERVE_AND_REVIEW_FOR_VERSIONING","18140714","17,3","F33FD4701056F33818F5E0E27C06BE7494936EC4A455516008A1D6B3F6708F8C","","False","","158","False",".json","PASS_JSON","","lf","crlf","MISMATCH","False",""
"artifacts/development/SPT-021.3-v1.0.0/runs/20260808-170055/institutional-detailed-records.json","DEVELOPMENT_EVIDENCE","PRESERVE_AND_REVIEW_FOR_VERSIONING","27674214","26,392","02B22CC21E7DFCFFF632AABF8216637E10E92FB5EFFA2E66AA97CB908DD679C1","","False","","168","False",".json","PASS_JSON","","lf","crlf","MISMATCH","False",""
"artifacts/development/SPT-021.3-v1.0.0/runs/20260808-171554/canonical-components.json","DEVELOPMENT_EVIDENCE","PRESERVE_AND_REVIEW_FOR_VERSIONING","18155564","17,314","897EA2E0AA1DA4B1D5B6A4DC8DC23036EAACB17419059004AD72EEADB218A190","","False","","158","False",".json","PASS_JSON","","lf","crlf","MISMATCH","False",""
"artifacts/development/SPT-021.3-v1.0.0/runs/20260808-171554/institutional-detailed-records.json","DEVELOPMENT_EVIDENCE","PRESERVE_AND_REVIEW_FOR_VERSIONING","27698642","26,415","6F6221CAB27CC59EB0B0E8044E28B7EFEB19936FC0B0A8ED03F83963430544AB","","False","","168","False",".json","PASS_JSON","","lf","crlf","MISMATCH","False",""
"artifacts/development/SPT-021.3-v1.0.0/runs/20260808-173053/canonical-components.json","DEVELOPMENT_EVIDENCE","PRESERVE_AND_REVIEW_FOR_VERSIONING","18170414","17,329","75D8AAF9214B96F592CBDE683165158168C83E2323704918241326408DF7D464","","False","","158","False",".json","PASS_JSON","","lf","crlf","MISMATCH","False",""
"artifacts/development/SPT-021.3-v1.0.0/runs/20260808-173053/dashboard-summary.json","DEVELOPMENT_EVIDENCE","PRESERVE_AND_REVIEW_FOR_VERSIONING","326","0","0E7CC2BA8F8A82AB3F858DDCA731FBEF00D040F15840011B30C9364675912B2C","","False","","155","False",".json","PASS_JSON","","lf","crlf","MISMATCH","False",""
"artifacts/development/SPT-021.3-v1.0.0/runs/20260808-173053/git-history.json","DEVELOPMENT_EVIDENCE","PRESERVE_AND_REVIEW_FOR_VERSIONING","25054","0,024","F7F1CCE57C919691F46645943B627E6BF7897EF995E6333405BFC301153B0CDE","","False","","149","False",".json","PASS_JSON","","lf","crlf","MISMATCH","False",""
"artifacts/development/SPT-021.3-v1.0.0/runs/20260808-173053/implementation-evidence.json","DEVELOPMENT_EVIDENCE","PRESERVE_AND_REVIEW_FOR_VERSIONING","927","0,001","F8ABC6146BC3818DD902960875A80F2E2912B175A66064E6E79DEB0E4CAAD40F","","False","","161","False",".json","PASS_JSON","","lf","crlf","MISMATCH","False",""
"artifacts/development/SPT-021.3-v1.0.0/runs/20260808-173053/institutional-detailed-records.json","DEVELOPMENT_EVIDENCE","PRESERVE_AND_REVIEW_FOR_VERSIONING","27723070","26,439","77DD8F8AB50AF2D8075347B034808A996887E91134D61A726978289A26F83D01","","False","","168","False",".json","PASS_JSON","","lf","crlf","MISMATCH","False",""
"artifacts/development/SPT-021.3-v1.0.0/runs/20260808-173053/semantic-validation-report.json","DEVELOPMENT_EVIDENCE","PRESERVE_AND_REVIEW_FOR_VERSIONING","535","0,001","98F5B0F9EA2514AA8FEED3EC284C76A837F36C16A440890A52F91A7B7D47CC7A","","False","","164","False",".json","PASS_JSON","","lf","crlf","MISMATCH","False",""
"artifacts/development/SPT-021.3-v1.0.0/runs/20260808-180054/canonical-components.json","DEVELOPMENT_EVIDENCE","PRESERVE_AND_REVIEW_FOR_VERSIONING","18618324","17,756","A9A45F82D0BE03050C25AD29E4339760E8FFD49639034CA7A858C4053B09F3B1","","False","","158","False",".json","PASS_JSON","","lf","crlf","MISMATCH","False",""
"artifacts/development/SPT-021.3-v1.0.0/runs/20260808-180054/dashboard-summary.json","DEVELOPMENT_EVIDENCE","PRESERVE_AND_REVIEW_FOR_VERSIONING","326","0","7775FAA8FBEA89AFB025292ED303BC36167F2F0047EF0A17DAD0717C6793FDF4","","False","","155","False",".json","PASS_JSON","","lf","crlf","MISMATCH","False",""
"artifacts/development/SPT-021.3-v1.0.0/runs/20260808-180054/git-history.json","DEVELOPMENT_EVIDENCE","PRESERVE_AND_REVIEW_FOR_VERSIONING","25270","0,024","CA12BBF7E815C620F52CFE86F363B5F6FBFFDD4B783B0F5F7A03E76BC017FB42","","False","","149","False",".json","PASS_JSON","","lf","crlf","MISMATCH","False",""
"artifacts/development/SPT-021.3-v1.0.0/runs/20260808-180054/implementation-evidence.json","DEVELOPMENT_EVIDENCE","PRESERVE_AND_REVIEW_FOR_VERSIONING","927","0,001","6339809D19E8CFD63D33C982862A103A843A5B405C2E521FEBCF15BBB78BAFBE","","False","","161","False",".json","PASS_JSON","","lf","crlf","MISMATCH","False",""
"artifacts/development/SPT-021.3-v1.0.0/runs/20260808-180054/institutional-detailed-records.json","DEVELOPMENT_EVIDENCE","PRESERVE_AND_REVIEW_FOR_VERSIONING","28495844","27,176","2B4CFD18896B18F96B60370BB4699274EF2F8C048DD8B5AD01D1ED5C7B7C1847","","False","","168","False",".json","PASS_JSON","","lf","crlf","MISMATCH","False",""
"artifacts/development/SPT-021.3-v1.0.0/runs/20260808-180054/pytest-full-suite.txt","DEVELOPMENT_EVIDENCE","PRESERVE_AND_REVIEW_FOR_VERSIONING","8726","0,008","6C96BDA3F053C7775B1624EBF9F34E85FBA3F63E01290DEE7C7850A72D9368B1","","False","","154","False",".txt","NOT_REQUIRED","","","NOT_CHECKED","NOT_REQUIRED","False",""
"artifacts/development/SPT-021.3-v1.0.0/runs/20260808-180054/python-compileall.txt","DEVELOPMENT_EVIDENCE","PRESERVE_AND_REVIEW_FOR_VERSIONING","2","0","7EB70257593DA06F682A3DDDA54A9D260D4FC514F645237F5CA74B08F8DA61A6","","False","","154","False",".txt","NOT_REQUIRED","","","NOT_CHECKED","NOT_REQUIRED","False",""
"artifacts/development/SPT-021.3-v1.0.0/runs/20260808-180054/semantic-validation-report.json","DEVELOPMENT_EVIDENCE","PRESERVE_AND_REVIEW_FOR_VERSIONING","535","0,001","BEAE14FCC97C477DA652FCD6FF3AE8ACF19C370D12F4A9FFC8EEFB17A2B47E5C","","False","","164","False",".json","PASS_JSON","","lf","crlf","MISMATCH","False",""
"artifacts/development/SPT-021.3-v1.0.0/runs/20260808-181558/canonical-components.json","DEVELOPMENT_EVIDENCE","PRESERVE_AND_REVIEW_FOR_VERSIONING","18633174","17,77","6B67068878AF82FE0D1DF1A27507E591A7276C27650CCA978DB85BF7A65DED4B","","False","","158","False",".json","PASS_JSON","","lf","crlf","MISMATCH","False",""
"artifacts/development/SPT-021.3-v1.0.0/runs/20260808-181558/dashboard-summary.json","DEVELOPMENT_EVIDENCE","PRESERVE_AND_REVIEW_FOR_VERSIONING","326","0","6AD20839B22C2E881884CFB68335351C2ECA20C279BB4FEF59F0F659C8FA6F1E","","False","","155","False",".json","PASS_JSON","","lf","crlf","MISMATCH","False",""
"artifacts/development/SPT-021.3-v1.0.0/runs/20260808-181558/git-history.json","DEVELOPMENT_EVIDENCE","PRESERVE_AND_REVIEW_FOR_VERSIONING","25270","0,024","CA12BBF7E815C620F52CFE86F363B5F6FBFFDD4B783B0F5F7A03E76BC017FB42","","False","","149","False",".json","PASS_JSON","","lf","crlf","MISMATCH","False",""
"artifacts/development/SPT-021.3-v1.0.0/runs/20260808-181558/implementation-evidence.json","DEVELOPMENT_EVIDENCE","PRESERVE_AND_REVIEW_FOR_VERSIONING","927","0,001","464626E0868FAF293E7005D13056059D52351193668A96EFAC5F7DF9606B9F14","","False","","161","False",".json","PASS_JSON","","lf","crlf","MISMATCH","False",""
"artifacts/development/SPT-021.3-v1.0.0/runs/20260808-181558/institutional-detailed-records.json","DEVELOPMENT_EVIDENCE","PRESERVE_AND_REVIEW_FOR_VERSIONING","28520272","27,199","5AA1366D4630FADE5B4F9B6E480344C90B72932463F7FF78159E32CD07B67481","","False","","168","False",".json","PASS_JSON","","lf","crlf","MISMATCH","False",""
"artifacts/development/SPT-021.3-v1.0.0/runs/20260808-181558/pytest-full-suite.txt","DEVELOPMENT_EVIDENCE","PRESERVE_AND_REVIEW_FOR_VERSIONING","8747","0,008","C8CF9E20F1A92BB833E9CC9E2AEA7CFD5B6B9C2F5920405BE569384D04ED8332","","False","","154","False",".txt","NOT_REQUIRED","","","NOT_CHECKED","NOT_REQUIRED","False",""
"artifacts/development/SPT-021.3-v1.0.0/runs/20260808-181558/python-compileall.txt","DEVELOPMENT_EVIDENCE","PRESERVE_AND_REVIEW_FOR_VERSIONING","2","0","7EB70257593DA06F682A3DDDA54A9D260D4FC514F645237F5CA74B08F8DA61A6","","False","","154","False",".txt","NOT_REQUIRED","","","NOT_CHECKED","NOT_REQUIRED","False",""
"artifacts/development/SPT-021.3-v1.0.0/runs/20260808-181558/semantic-validation-report.json","DEVELOPMENT_EVIDENCE","PRESERVE_AND_REVIEW_FOR_VERSIONING","535","0,001","B2A3F5340B5A8954880C33C0795A31874213A4CFD73A1241249D7B7424B7505C","","False","","164","False",".json","PASS_JSON","","lf","crlf","MISMATCH","False",""
"artifacts/development/SPT-021.3-v1.0.0/runs/20260808-183055/canonical-components.json","DEVELOPMENT_EVIDENCE","PRESERVE_AND_REVIEW_FOR_VERSIONING","18648024","17,784","BDFAAA255E51CE0DCCEF3E7D38DD60F8A3B043B9106BD4565B256F25EB96A03C","","False","","158","False",".json","PASS_JSON","","lf","crlf","MISMATCH","False",""
"artifacts/development/SPT-021.3-v1.0.0/runs/20260808-183055/dashboard-summary.json","DEVELOPMENT_EVIDENCE","PRESERVE_AND_REVIEW_FOR_VERSIONING","326","0","3631DEA341A00EAC5996B2E07C925FC379D1CA7EDF0E5AA41374714BADF65C51","","False","","155","False",".json","PASS_JSON","","lf","crlf","MISMATCH","False",""
"artifacts/development/SPT-021.3-v1.0.0/runs/20260808-183055/git-history.json","DEVELOPMENT_EVIDENCE","PRESERVE_AND_REVIEW_FOR_VERSIONING","25270","0,024","CA12BBF7E815C620F52CFE86F363B5F6FBFFDD4B783B0F5F7A03E76BC017FB42","","False","","149","False",".json","PASS_JSON","","lf","crlf","MISMATCH","False",""
"artifacts/development/SPT-021.3-v1.0.0/runs/20260808-183055/implementation-evidence.json","DEVELOPMENT_EVIDENCE","PRESERVE_AND_REVIEW_FOR_VERSIONING","927","0,001","7CBE0EE164DC7E6DBFC2CB9D5D6117F59D0FC03949A5AB69B9A5C88D7A350EB6","","False","","161","False",".json","PASS_JSON","","lf","crlf","MISMATCH","False",""
"artifacts/development/SPT-021.3-v1.0.0/runs/20260808-183055/institutional-detailed-records.json","DEVELOPMENT_EVIDENCE","PRESERVE_AND_REVIEW_FOR_VERSIONING","28544700","27,222","F2D3F4A13D58F5DA41E454596424B3D540CA42EFC21ED7A8258695BC18DA76A2","","False","","168","False",".json","PASS_JSON","","lf","crlf","MISMATCH","False",""
"artifacts/development/SPT-021.3-v1.0.0/runs/20260808-183055/pytest-full-suite.txt","DEVELOPMENT_EVIDENCE","PRESERVE_AND_REVIEW_FOR_VERSIONING","8747","0,008","C8CF9E20F1A92BB833E9CC9E2AEA7CFD5B6B9C2F5920405BE569384D04ED8332","","False","","154","False",".txt","NOT_REQUIRED","","","NOT_CHECKED","NOT_REQUIRED","False",""
"artifacts/development/SPT-021.3-v1.0.0/runs/20260808-183055/python-compileall.txt","DEVELOPMENT_EVIDENCE","PRESERVE_AND_REVIEW_FOR_VERSIONING","2","0","7EB70257593DA06F682A3DDDA54A9D260D4FC514F645237F5CA74B08F8DA61A6","","False","","154","False",".txt","NOT_REQUIRED","","","NOT_CHECKED","NOT_REQUIRED","False",""
"artifacts/development/SPT-021.3-v1.0.0/runs/20260808-183055/semantic-validation-report.json","DEVELOPMENT_EVIDENCE","PRESERVE_AND_REVIEW_FOR_VERSIONING","535","0,001","DFAB029D10E55A25B10065A07740225A1F60CFE9B3670C6A821D9134E42D2330","","False","","164","False",".json","PASS_JSON","","lf","crlf","MISMATCH","False",""
"artifacts/development/SPT-021.3-v1.0.0/runs/20260808-184553/canonical-components.json","DEVELOPMENT_EVIDENCE","PRESERVE_AND_REVIEW_FOR_VERSIONING","18662874","17,798","95A13864B16EC23868C6276469638707A02B77254A285F22E990483535680FE2","","False","","158","False",".json","PASS_JSON","","lf","crlf","MISMATCH","False",""
"artifacts/development/SPT-021.3-v1.0.0/runs/20260808-184553/dashboard-summary.json","DEVELOPMENT_EVIDENCE","PRESERVE_AND_REVIEW_FOR_VERSIONING","326","0","5DDD7FD221D69AD9A13062C09F5EDED6F57F83DFA0B3C719D1D77826975DE72D","","False","","155","False",".json","PASS_JSON","","lf","crlf","MISMATCH","False",""
"artifacts/development/SPT-021.3-v1.0.0/runs/20260808-184553/git-history.json","DEVELOPMENT_EVIDENCE","PRESERVE_AND_REVIEW_FOR_VERSIONING","25270","0,024","CA12BBF7E815C620F52CFE86F363B5F6FBFFDD4B783B0F5F7A03E76BC017FB42","","False","","149","False",".json","PASS_JSON","","lf","crlf","MISMATCH","False",""
"artifacts/development/SPT-021.3-v1.0.0/runs/20260808-184553/implementation-evidence.json","DEVELOPMENT_EVIDENCE","PRESERVE_AND_REVIEW_FOR_VERSIONING","927","0,001","8016E3974D69639C1A3FC2FC3AEB1C9AF6AEA34AE0B228B8C39D00FC007F6969","","False","","161","False",".json","PASS_JSON","","lf","crlf","MISMATCH","False",""
"artifacts/development/SPT-021.3-v1.0.0/runs/20260808-184553/institutional-detailed-records.json","DEVELOPMENT_EVIDENCE","PRESERVE_AND_REVIEW_FOR_VERSIONING","28569128","27,246","81FABDB1F47725D9E3F034CDD4DB4951F3D237D64448DF6847FAEB48D80171A5","","False","","168","False",".json","PASS_JSON","","lf","crlf","MISMATCH","False",""
"artifacts/development/SPT-021.3-v1.0.0/runs/20260808-184553/pytest-full-suite.txt","DEVELOPMENT_EVIDENCE","PRESERVE_AND_REVIEW_FOR_VERSIONING","8747","0,008","D380A614DE224CB9FB1F578A774E4EFDCBDC6A86240BD1610E23BE3AB023B765","","False","","154","False",".txt","NOT_REQUIRED","","","NOT_CHECKED","NOT_REQUIRED","False",""
"artifacts/development/SPT-021.3-v1.0.0/runs/20260808-184553/python-compileall.txt","DEVELOPMENT_EVIDENCE","PRESERVE_AND_REVIEW_FOR_VERSIONING","2","0","7EB70257593DA06F682A3DDDA54A9D260D4FC514F645237F5CA74B08F8DA61A6","","False","","154","False",".txt","NOT_REQUIRED","","","NOT_CHECKED","NOT_REQUIRED","False",""
"artifacts/development/SPT-021.3-v1.0.0/runs/20260808-184553/semantic-validation-report.json","DEVELOPMENT_EVIDENCE","PRESERVE_AND_REVIEW_FOR_VERSIONING","535","0,001","EE20F74CC32866C0CCCDF18D9991453ACC6BCA2F57B846E22ED90FCFAE929D6C","","False","","164","False",".json","PASS_JSON","","lf","crlf","MISMATCH","False",""
"artifacts/development/SPT-021.3-v1.0.0/runs/20260808-190055/canonical-components.json","DEVELOPMENT_EVIDENCE","PRESERVE_AND_REVIEW_FOR_VERSIONING","18677724","17,812","6C1455322190D0C272051E4443FA037C18F339E2CDA890AC009FF883507BEF5A","","False","","158","False",".json","PASS_JSON","","lf","crlf","MISMATCH","False",""
"artifacts/development/SPT-021.3-v1.0.0/runs/20260808-190055/dashboard-summary.json","DEVELOPMENT_EVIDENCE","PRESERVE_AND_REVIEW_FOR_VERSIONING","326","0","1616B47FB4205982F13AEB72CEACFE4D0D4F0863107166ADBCA41162D563ED6B","","False","","155","False",".json","PASS_JSON","","lf","crlf","MISMATCH","False",""
"artifacts/development/SPT-021.3-v1.0.0/runs/20260808-190055/git-history.json","DEVELOPMENT_EVIDENCE","PRESERVE_AND_REVIEW_FOR_VERSIONING","25270","0,024","CA12BBF7E815C620F52CFE86F363B5F6FBFFDD4B783B0F5F7A03E76BC017FB42","","False","","149","False",".json","PASS_JSON","","lf","crlf","MISMATCH","False",""
"artifacts/development/SPT-021.3-v1.0.0/runs/20260808-190055/implementation-evidence.json","DEVELOPMENT_EVIDENCE","PRESERVE_AND_REVIEW_FOR_VERSIONING","927","0,001","0EAB4A2F9DA0EE1B1F3242EEF64CF9A7671C1EA42CF61610997DA4E5DB2E895E","","False","","161","False",".json","PASS_JSON","","lf","crlf","MISMATCH","False",""
"artifacts/development/SPT-021.3-v1.0.0/runs/20260808-190055/institutional-detailed-records.json","DEVELOPMENT_EVIDENCE","PRESERVE_AND_REVIEW_FOR_VERSIONING","28593556","27,269","CCD63AAA52AF6A41FAD19BD701B8712E5DF21652D796C5256FFF3740BC847C51","","False","","168","False",".json","PASS_JSON","","lf","crlf","MISMATCH","False",""
"artifacts/development/SPT-021.3-v1.0.0/runs/20260808-190055/pytest-full-suite.txt","DEVELOPMENT_EVIDENCE","PRESERVE_AND_REVIEW_FOR_VERSIONING","8747","0,008","0B551E750ECDD0E16F9DF866EF66B496730EC6D43F3C40BAA58A95DF1E4AE818","","False","","154","False",".txt","NOT_REQUIRED","","","NOT_CHECKED","NOT_REQUIRED","False",""
"artifacts/development/SPT-021.3-v1.0.0/runs/20260808-190055/python-compileall.txt","DEVELOPMENT_EVIDENCE","PRESERVE_AND_REVIEW_FOR_VERSIONING","2","0","7EB70257593DA06F682A3DDDA54A9D260D4FC514F645237F5CA74B08F8DA61A6","","False","","154","False",".txt","NOT_REQUIRED","","","NOT_CHECKED","NOT_REQUIRED","False",""
"artifacts/development/SPT-021.3-v1.0.0/runs/20260808-190055/semantic-validation-report.json","DEVELOPMENT_EVIDENCE","PRESERVE_AND_REVIEW_FOR_VERSIONING","535","0,001","A549C2AFCE784B67E9D4F4B8A5129993A1F151A848FC9E60680168975756C4EA","","False","","164","False",".json","PASS_JSON","","lf","crlf","MISMATCH","False",""
"artifacts/development/SPT-021.3-v1.0.0/runs/20260808-191556/canonical-components.json","DEVELOPMENT_EVIDENCE","PRESERVE_AND_REVIEW_FOR_VERSIONING","18692574","17,827","CD9EA5D3D3C599E46C48E94EADE79BDBC9ECA9A33476938C83BA337103C4D8E0","","False","","158","False",".json","PASS_JSON","","lf","crlf","MISMATCH","False",""
"artifacts/development/SPT-021.3-v1.0.0/runs/20260808-191556/dashboard-summary.json","DEVELOPMENT_EVIDENCE","PRESERVE_AND_REVIEW_FOR_VERSIONING","326","0","4B0D03B6D58F52E54C3E4630BEAE874495946D9F0E5E53D0AF2166072AF3F63A","","False","","155","False",".json","PASS_JSON","","lf","crlf","MISMATCH","False",""
"artifacts/development/SPT-021.3-v1.0.0/runs/20260808-191556/git-history.json","DEVELOPMENT_EVIDENCE","PRESERVE_AND_REVIEW_FOR_VERSIONING","25270","0,024","CA12BBF7E815C620F52CFE86F363B5F6FBFFDD4B783B0F5F7A03E76BC017FB42","","False","","149","False",".json","PASS_JSON","","lf","crlf","MISMATCH","False",""
"artifacts/development/SPT-021.3-v1.0.0/runs/20260808-191556/implementation-evidence.json","DEVELOPMENT_EVIDENCE","PRESERVE_AND_REVIEW_FOR_VERSIONING","927","0,001","42006ED23EB4674BB8A26C5887850B0E69103DBF1612F25B7B6A8F72041FC5E8","","False","","161","False",".json","PASS_JSON","","lf","crlf","MISMATCH","False",""
"artifacts/development/SPT-021.3-v1.0.0/runs/20260808-191556/institutional-detailed-records.json","DEVELOPMENT_EVIDENCE","PRESERVE_AND_REVIEW_FOR_VERSIONING","28617984","27,292","0E7BEFA3EF26D589EE410A9948CB3CB97DD7CCDB43A08B5F461F1E425C5A4719","","False","","168","False",".json","PASS_JSON","","lf","crlf","MISMATCH","False",""
"artifacts/development/SPT-021.3-v1.0.0/runs/20260808-191556/pytest-full-suite.txt","DEVELOPMENT_EVIDENCE","PRESERVE_AND_REVIEW_FOR_VERSIONING","8747","0,008","454EB3E2A505AAF3BEC9040EF13A182C4FFF260B48B6337F1DEA4CF722690EC4","","False","","154","False",".txt","NOT_REQUIRED","","","NOT_CHECKED","NOT_REQUIRED","False",""
"artifacts/development/SPT-021.3-v1.0.0/runs/20260808-191556/python-compileall.txt","DEVELOPMENT_EVIDENCE","PRESERVE_AND_REVIEW_FOR_VERSIONING","2","0","7EB70257593DA06F682A3DDDA54A9D260D4FC514F645237F5CA74B08F8DA61A6","","False","","154","False",".txt","NOT_REQUIRED","","","NOT_CHECKED","NOT_REQUIRED","False",""
"artifacts/development/SPT-021.3-v1.0.0/runs/20260808-191556/semantic-validation-report.json","DEVELOPMENT_EVIDENCE","PRESERVE_AND_REVIEW_FOR_VERSIONING","535","0,001","C29B81F8CE6929553CA2DD68237B1DC95896EAF1ED2C4BDAFE085E6DB180DBEF","","False","","164","False",".json","PASS_JSON","","lf","crlf","MISMATCH","False",""
"artifacts/development/SPT-021.3-v1.0.0/runs/20260808-193054/canonical-components.json","DEVELOPMENT_EVIDENCE","PRESERVE_AND_REVIEW_FOR_VERSIONING","18707424","17,841","669D5C0ECF47AEF25A02E24E0C7647B50B7E283BD8D3B615DE6A9BC7F636831A","","False","","158","False",".json","PASS_JSON","","lf","crlf","MISMATCH","False",""
"artifacts/development/SPT-021.3-v1.0.0/runs/20260808-193054/dashboard-summary.json","DEVELOPMENT_EVIDENCE","PRESERVE_AND_REVIEW_FOR_VERSIONING","326","0","7E0153B0E926BC051309FDE92A29768E3EF510D5DA3DBF6D7E23F8317B0E4B9B","","False","","155","False",".json","PASS_JSON","","lf","crlf","MISMATCH","False",""
"artifacts/development/SPT-021.3-v1.0.0/runs/20260808-193054/git-history.json","DEVELOPMENT_EVIDENCE","PRESERVE_AND_REVIEW_FOR_VERSIONING","25270","0,024","CA12BBF7E815C620F52CFE86F363B5F6FBFFDD4B783B0F5F7A03E76BC017FB42","","False","","149","False",".json","PASS_JSON","","lf","crlf","MISMATCH","False",""
"artifacts/development/SPT-021.3-v1.0.0/runs/20260808-193054/implementation-evidence.json","DEVELOPMENT_EVIDENCE","PRESERVE_AND_REVIEW_FOR_VERSIONING","927","0,001","E5F51C3CC191C70802F38277819B76BD7C5188FF3E36BFB3E9A475FBBDA4C618","","False","","161","False",".json","PASS_JSON","","lf","crlf","MISMATCH","False",""
"artifacts/development/SPT-021.3-v1.0.0/runs/20260808-193054/institutional-detailed-records.json","DEVELOPMENT_EVIDENCE","PRESERVE_AND_REVIEW_FOR_VERSIONING","28642412","27,316","E0B788D010F16746FAA4386B699F201B5625A73FB0AC7C277C691CDC98A7BA5B","","False","","168","False",".json","PASS_JSON","","lf","crlf","MISMATCH","False",""
"artifacts/development/SPT-021.3-v1.0.0/runs/20260808-193054/pytest-full-suite.txt","DEVELOPMENT_EVIDENCE","PRESERVE_AND_REVIEW_FOR_VERSIONING","8747","0,008","2BB2EB0FDD22D6AC2BF31EF06210DA1EFD0604A2DCDD2AFB8508D33664FE1876","","False","","154","False",".txt","NOT_REQUIRED","","","NOT_CHECKED","NOT_REQUIRED","False",""
"artifacts/development/SPT-021.3-v1.0.0/runs/20260808-193054/python-compileall.txt","DEVELOPMENT_EVIDENCE","PRESERVE_AND_REVIEW_FOR_VERSIONING","2","0","7EB70257593DA06F682A3DDDA54A9D260D4FC514F645237F5CA74B08F8DA61A6","","False","","154","False",".txt","NOT_REQUIRED","","","NOT_CHECKED","NOT_REQUIRED","False",""
"artifacts/development/SPT-021.3-v1.0.0/runs/20260808-193054/semantic-validation-report.json","DEVELOPMENT_EVIDENCE","PRESERVE_AND_REVIEW_FOR_VERSIONING","535","0,001","646F1F4D7C772FF483176E8834556B4C2B83C3141B0A5B8C12BB2182E344C5C3","","False","","164","False",".json","PASS_JSON","","lf","crlf","MISMATCH","False",""
"artifacts/development/SPT-021.3-v1.0.0/runs/20260808-194554/canonical-components.json","DEVELOPMENT_EVIDENCE","PRESERVE_AND_REVIEW_FOR_VERSIONING","18722274","17,855","0034A3A3086C745B6CF5101D3FF3BE25514016E5792A43AC856847CE91E870A5","","False","","158","False",".json","PASS_JSON","","lf","crlf","MISMATCH","False",""
"artifacts/development/SPT-021.3-v1.0.0/runs/20260808-194554/dashboard-summary.json","DEVELOPMENT_EVIDENCE","PRESERVE_AND_REVIEW_FOR_VERSIONING","326","0","C86AA52B77FC16B9F913508FC5C47ED9B683357F2F4F407D4E39478185B0D242","","False","","155","False",".json","PASS_JSON","","lf","crlf","MISMATCH","False",""
"artifacts/development/SPT-021.3-v1.0.0/runs/20260808-194554/git-history.json","DEVELOPMENT_EVIDENCE","PRESERVE_AND_REVIEW_FOR_VERSIONING","25270","0,024","CA12BBF7E815C620F52CFE86F363B5F6FBFFDD4B783B0F5F7A03E76BC017FB42","","False","","149","False",".json","PASS_JSON","","lf","crlf","MISMATCH","False",""
"artifacts/development/SPT-021.3-v1.0.0/runs/20260808-194554/implementation-evidence.json","DEVELOPMENT_EVIDENCE","PRESERVE_AND_REVIEW_FOR_VERSIONING","927","0,001","0D7BAAE2E90F788813A0BE4E8CB6FE9086E29E8FE3F02095F62C342051982CF9","","False","","161","False",".json","PASS_JSON","","lf","crlf","MISMATCH","False",""
"artifacts/development/SPT-021.3-v1.0.0/runs/20260808-194554/institutional-detailed-records.json","DEVELOPMENT_EVIDENCE","PRESERVE_AND_REVIEW_FOR_VERSIONING","28666840","27,339","73615BE59BF6B58E0A7D4CB11AF3DFC3A0CF49FD0A642B9BEFD41E704B3545B8","","False","","168","False",".json","PASS_JSON","","lf","crlf","MISMATCH","False",""
"artifacts/development/SPT-021.3-v1.0.0/runs/20260808-194554/pytest-full-suite.txt","DEVELOPMENT_EVIDENCE","PRESERVE_AND_REVIEW_FOR_VERSIONING","8747","0,008","3B244B16173392E6B22037F2C7A7DB8185AF230A6F41CBAE17F61ED4D9755438","","False","","154","False",".txt","NOT_REQUIRED","","","NOT_CHECKED","NOT_REQUIRED","False",""
"artifacts/development/SPT-021.3-v1.0.0/runs/20260808-194554/python-compileall.txt","DEVELOPMENT_EVIDENCE","PRESERVE_AND_REVIEW_FOR_VERSIONING","2","0","7EB70257593DA06F682A3DDDA54A9D260D4FC514F645237F5CA74B08F8DA61A6","","False","","154","False",".txt","NOT_REQUIRED","","","NOT_CHECKED","NOT_REQUIRED","False",""
"artifacts/development/SPT-021.3-v1.0.0/runs/20260808-194554/semantic-validation-report.json","DEVELOPMENT_EVIDENCE","PRESERVE_AND_REVIEW_FOR_VERSIONING","535","0,001","AAFE96F36D3286FFD0546727F4CF1CEA8D96083B938BF6DB2B7BAAA6E73C8BD2","","False","","164","False",".json","PASS_JSON","","lf","crlf","MISMATCH","False",""
"artifacts/development/SPT-021.3-v1.0.0/runs/20260808-200057/canonical-components.json","DEVELOPMENT_EVIDENCE","PRESERVE_AND_REVIEW_FOR_VERSIONING","18737124","17,869","338F640D9CFBEF65AEC22E2906ADCF309151AD0CB5A025BD13068BD3728AF0FC","","False","","158","False",".json","PASS_JSON","","lf","crlf","MISMATCH","False",""
"artifacts/development/SPT-021.3-v1.0.0/runs/20260808-200057/dashboard-summary.json","DEVELOPMENT_EVIDENCE","PRESERVE_AND_REVIEW_FOR_VERSIONING","326","0","625107ECBB43BC1FA912A1669399ABC5494D823F31E4688DCC3BCF4ADC87C7C2","","False","","155","False",".json","PASS_JSON","","lf","crlf","MISMATCH","False",""
"artifacts/development/SPT-021.3-v1.0.0/runs/20260808-200057/git-history.json","DEVELOPMENT_EVIDENCE","PRESERVE_AND_REVIEW_FOR_VERSIONING","25270","0,024","CA12BBF7E815C620F52CFE86F363B5F6FBFFDD4B783B0F5F7A03E76BC017FB42","","False","","149","False",".json","PASS_JSON","","lf","crlf","MISMATCH","False",""
"artifacts/development/SPT-021.3-v1.0.0/runs/20260808-200057/implementation-evidence.json","DEVELOPMENT_EVIDENCE","PRESERVE_AND_REVIEW_FOR_VERSIONING","927","0,001","C662849202FA146F41DA7DFC109FEE7F4F7BE64FF21A015BAE83150CD29DB028","","False","","161","False",".json","PASS_JSON","","lf","crlf","MISMATCH","False",""
"artifacts/development/SPT-021.3-v1.0.0/runs/20260808-200057/institutional-detailed-records.json","DEVELOPMENT_EVIDENCE","PRESERVE_AND_REVIEW_FOR_VERSIONING","28691268","27,362","022E5CC5B327CDBCA0F0F9023FC0023994D10A24BF0BABAD5E919C5C1E960899","","False","","168","False",".json","PASS_JSON","","lf","crlf","MISMATCH","False",""
"artifacts/development/SPT-021.3-v1.0.0/runs/20260808-200057/pytest-full-suite.txt","DEVELOPMENT_EVIDENCE","PRESERVE_AND_REVIEW_FOR_VERSIONING","8747","0,008","CFE9F8E82FFA6727FBC7A26E191EAB4B0744B1219F3761183CAFBAE7E57FB9CB","","False","","154","False",".txt","NOT_REQUIRED","","","NOT_CHECKED","NOT_REQUIRED","False",""
"artifacts/development/SPT-021.3-v1.0.0/runs/20260808-200057/python-compileall.txt","DEVELOPMENT_EVIDENCE","PRESERVE_AND_REVIEW_FOR_VERSIONING","2","0","7EB70257593DA06F682A3DDDA54A9D260D4FC514F645237F5CA74B08F8DA61A6","","False","","154","False",".txt","NOT_REQUIRED","","","NOT_CHECKED","NOT_REQUIRED","False",""
"artifacts/development/SPT-021.3-v1.0.0/runs/20260808-200057/semantic-validation-report.json","DEVELOPMENT_EVIDENCE","PRESERVE_AND_REVIEW_FOR_VERSIONING","535","0,001","AA9FB887B4E9E67CF182DC664E0BB287B33D332D670819F88F9377AB6EBFB0FF","","False","","164","False",".json","PASS_JSON","","lf","crlf","MISMATCH","False",""
"artifacts/development/SPT-021.3-v1.0.0/runs/20260808-201556/canonical-components.json","DEVELOPMENT_EVIDENCE","PRESERVE_AND_REVIEW_FOR_VERSIONING","18751974","17,883","65C6D26F82FBCB62F306FCCF78C3D54FF75E0741D0295BA1EAB7016348C9DAA0","","False","","158","False",".json","PASS_JSON","","lf","crlf","MISMATCH","False",""
"artifacts/development/SPT-021.3-v1.0.0/runs/20260808-201556/dashboard-summary.json","DEVELOPMENT_EVIDENCE","PRESERVE_AND_REVIEW_FOR_VERSIONING","326","0","17F6D52EAB820F7310DC07D8B82A8F4B27C18CB576774FF26327514FF96EBE46","","False","","155","False",".json","PASS_JSON","","lf","crlf","MISMATCH","False",""
"artifacts/development/SPT-021.3-v1.0.0/runs/20260808-201556/git-history.json","DEVELOPMENT_EVIDENCE","PRESERVE_AND_REVIEW_FOR_VERSIONING","25270","0,024","CA12BBF7E815C620F52CFE86F363B5F6FBFFDD4B783B0F5F7A03E76BC017FB42","","False","","149","False",".json","PASS_JSON","","lf","crlf","MISMATCH","False",""
"artifacts/development/SPT-021.3-v1.0.0/runs/20260808-201556/implementation-evidence.json","DEVELOPMENT_EVIDENCE","PRESERVE_AND_REVIEW_FOR_VERSIONING","927","0,001","99272E40E2EA0A1FA61C8B99F2D394B9ADC9E078B155965F2543B964A8E29D41","","False","","161","False",".json","PASS_JSON","","lf","crlf","MISMATCH","False",""
"artifacts/development/SPT-021.3-v1.0.0/runs/20260808-201556/institutional-detailed-records.json","DEVELOPMENT_EVIDENCE","PRESERVE_AND_REVIEW_FOR_VERSIONING","28715696","27,385","CA5693575F19D8B5B320994676AEBDAC16B14F91E4BEC17B07F7F17F9C0C901C","","False","","168","False",".json","PASS_JSON","","lf","crlf","MISMATCH","False",""
"artifacts/development/SPT-021.3-v1.0.0/runs/20260808-201556/pytest-full-suite.txt","DEVELOPMENT_EVIDENCE","PRESERVE_AND_REVIEW_FOR_VERSIONING","8747","0,008","D065E40265ABE9447B9F04BDE5713F2C8DA452EB7C7C0679D39E1B9C6D16E0D2","","False","","154","False",".txt","NOT_REQUIRED","","","NOT_CHECKED","NOT_REQUIRED","False",""
"artifacts/development/SPT-021.3-v1.0.0/runs/20260808-201556/python-compileall.txt","DEVELOPMENT_EVIDENCE","PRESERVE_AND_REVIEW_FOR_VERSIONING","2","0","7EB70257593DA06F682A3DDDA54A9D260D4FC514F645237F5CA74B08F8DA61A6","","False","","154","False",".txt","NOT_REQUIRED","","","NOT_CHECKED","NOT_REQUIRED","False",""
"artifacts/development/SPT-021.3-v1.0.0/runs/20260808-201556/semantic-validation-report.json","DEVELOPMENT_EVIDENCE","PRESERVE_AND_REVIEW_FOR_VERSIONING","535","0,001","BFFB38CDDCB9FCCFAEF889C68907F8685B9D96E28116885BF784F75ECDDF93E2","","False","","164","False",".json","PASS_JSON","","lf","crlf","MISMATCH","False",""
"artifacts/development/SPT-021.3-v1.0.0/runs/20260808-203059/canonical-components.json","DEVELOPMENT_EVIDENCE","PRESERVE_AND_REVIEW_FOR_VERSIONING","18766824","17,897","0146DF2F18DB4F4FD8B69E8983AEFFBA162577C5C1B486E8854082D1EC7D267D","","False","","158","False",".json","PASS_JSON","","lf","crlf","MISMATCH","False",""
"artifacts/development/SPT-021.3-v1.0.0/runs/20260808-203059/dashboard-summary.json","DEVELOPMENT_EVIDENCE","PRESERVE_AND_REVIEW_FOR_VERSIONING","326","0","BEDE957720D63C1F74B5B8DFA6C8F9183C7225EB9F40DAF7540FF6F5655CE272","","False","","155","False",".json","PASS_JSON","","lf","crlf","MISMATCH","False",""
"artifacts/development/SPT-021.3-v1.0.0/runs/20260808-203059/git-history.json","DEVELOPMENT_EVIDENCE","PRESERVE_AND_REVIEW_FOR_VERSIONING","25270","0,024","CA12BBF7E815C620F52CFE86F363B5F6FBFFDD4B783B0F5F7A03E76BC017FB42","","False","","149","False",".json","PASS_JSON","","lf","crlf","MISMATCH","False",""
"artifacts/development/SPT-021.3-v1.0.0/runs/20260808-203059/implementation-evidence.json","DEVELOPMENT_EVIDENCE","PRESERVE_AND_REVIEW_FOR_VERSIONING","927","0,001","568526C30F554E6CD0EFBCA120EE659618203EFCED96A101ABA7B85F5C36AEF3","","False","","161","False",".json","PASS_JSON","","lf","crlf","MISMATCH","False",""
"artifacts/development/SPT-021.3-v1.0.0/runs/20260808-203059/institutional-detailed-records.json","DEVELOPMENT_EVIDENCE","PRESERVE_AND_REVIEW_FOR_VERSIONING","28740124","27,409","14343DFDA977484A07B8F2342AF14D4FAA40FD555765DA03F59F3C59EE5DF598","","False","","168","False",".json","PASS_JSON","","lf","crlf","MISMATCH","False",""
"artifacts/development/SPT-021.3-v1.0.0/runs/20260808-203059/pytest-full-suite.txt","DEVELOPMENT_EVIDENCE","PRESERVE_AND_REVIEW_FOR_VERSIONING","8747","0,008","BA0E326CD9EA3CD620AA3AEA2A69FC343D529A18B540974019A4B755115C16D1","","False","","154","False",".txt","NOT_REQUIRED","","","NOT_CHECKED","NOT_REQUIRED","False",""
"artifacts/development/SPT-021.3-v1.0.0/runs/20260808-203059/python-compileall.txt","DEVELOPMENT_EVIDENCE","PRESERVE_AND_REVIEW_FOR_VERSIONING","2","0","7EB70257593DA06F682A3DDDA54A9D260D4FC514F645237F5CA74B08F8DA61A6","","False","","154","False",".txt","NOT_REQUIRED","","","NOT_CHECKED","NOT_REQUIRED","False",""
"artifacts/development/SPT-021.3-v1.0.0/runs/20260808-203059/semantic-validation-report.json","DEVELOPMENT_EVIDENCE","PRESERVE_AND_REVIEW_FOR_VERSIONING","535","0,001","9D659CE8CBCF66D8F799BD0720F14E1A31FCF816DA48511742AE08C60625B2BF","","False","","164","False",".json","PASS_JSON","","lf","crlf","MISMATCH","False",""
"artifacts/development/SPT-021.3-v1.0.0/runs/20260808-204606/canonical-components.json","DEVELOPMENT_EVIDENCE","PRESERVE_AND_REVIEW_FOR_VERSIONING","18781674","17,912","87E2A5DDF80BC4FD9587C744B944D4DF3DB46EE192689F70364E09397518BAE7","","False","","158","False",".json","PASS_JSON","","lf","crlf","MISMATCH","False",""
"artifacts/development/SPT-021.3-v1.0.0/runs/20260808-204606/dashboard-summary.json","DEVELOPMENT_EVIDENCE","PRESERVE_AND_REVIEW_FOR_VERSIONING","326","0","0320F881EE1BDD8DA152BF63A58FA8FCD3A5ED8FEA6A20568F074C7DC6C20CA1","","False","","155","False",".json","PASS_JSON","","lf","crlf","MISMATCH","False",""
"artifacts/development/SPT-021.3-v1.0.0/runs/20260808-204606/git-history.json","DEVELOPMENT_EVIDENCE","PRESERVE_AND_REVIEW_FOR_VERSIONING","25270","0,024","CA12BBF7E815C620F52CFE86F363B5F6FBFFDD4B783B0F5F7A03E76BC017FB42","","False","","149","False",".json","PASS_JSON","","lf","crlf","MISMATCH","False",""
"artifacts/development/SPT-021.3-v1.0.0/runs/20260808-204606/implementation-evidence.json","DEVELOPMENT_EVIDENCE","PRESERVE_AND_REVIEW_FOR_VERSIONING","927","0,001","B2CBBF0DF512BA708AD930DDB15FC615BE242BBC776FC66C1E563E1F4A954162","","False","","161","False",".json","PASS_JSON","","lf","crlf","MISMATCH","False",""
"artifacts/development/SPT-021.3-v1.0.0/runs/20260808-204606/institutional-detailed-records.json","DEVELOPMENT_EVIDENCE","PRESERVE_AND_REVIEW_FOR_VERSIONING","28764552","27,432","62FF52A720D90ED9E560D00C06975FA938C43E998BE12D4B1B856450BDE43645","","False","","168","False",".json","PASS_JSON","","lf","crlf","MISMATCH","False",""
"artifacts/development/SPT-021.3-v1.0.0/runs/20260808-204606/pytest-full-suite.txt","DEVELOPMENT_EVIDENCE","PRESERVE_AND_REVIEW_FOR_VERSIONING","8747","0,008","665FB91BF03D90033DEA9A7C67AA8A77963F6321D616BE650842372A14FBBDB0","","False","","154","False",".txt","NOT_REQUIRED","","","NOT_CHECKED","NOT_REQUIRED","False",""
"artifacts/development/SPT-021.3-v1.0.0/runs/20260808-204606/python-compileall.txt","DEVELOPMENT_EVIDENCE","PRESERVE_AND_REVIEW_FOR_VERSIONING","2","0","7EB70257593DA06F682A3DDDA54A9D260D4FC514F645237F5CA74B08F8DA61A6","","False","","154","False",".txt","NOT_REQUIRED","","","NOT_CHECKED","NOT_REQUIRED","False",""
"artifacts/development/SPT-021.3-v1.0.0/runs/20260808-204606/semantic-validation-report.json","DEVELOPMENT_EVIDENCE","PRESERVE_AND_REVIEW_FOR_VERSIONING","535","0,001","63DA94731B13C970366184EF0AF53C5072EEF387139A01F49FC69E2D5FD8CC49","","False","","164","False",".json","PASS_JSON","","lf","crlf","MISMATCH","False",""
"artifacts/development/SPT-021.3-v1.0.0/runs/20260808-211557/canonical-components.json","DEVELOPMENT_EVIDENCE","PRESERVE_AND_REVIEW_FOR_VERSIONING","18796524","17,926","9CB8304B263FE1E1AAC2FA701F92AA980F0F67D3DB088A7186B6D7968A64EBE4","","False","","158","False",".json","PASS_JSON","","lf","crlf","MISMATCH","False",""
"artifacts/development/SPT-021.3-v1.0.0/runs/20260808-211557/dashboard-summary.json","DEVELOPMENT_EVIDENCE","PRESERVE_AND_REVIEW_FOR_VERSIONING","326","0","850BEFDE84EFCE298C881DF80657670211DD487DC090C1E053171C8DD4E4ED45","","False","","155","False",".json","PASS_JSON","","lf","crlf","MISMATCH","False",""
"artifacts/development/SPT-021.3-v1.0.0/runs/20260808-211557/git-history.json","DEVELOPMENT_EVIDENCE","PRESERVE_AND_REVIEW_FOR_VERSIONING","25270","0,024","CA12BBF7E815C620F52CFE86F363B5F6FBFFDD4B783B0F5F7A03E76BC017FB42","","False","","149","False",".json","PASS_JSON","","lf","crlf","MISMATCH","False",""
"artifacts/development/SPT-021.3-v1.0.0/runs/20260808-211557/implementation-evidence.json","DEVELOPMENT_EVIDENCE","PRESERVE_AND_REVIEW_FOR_VERSIONING","927","0,001","A1FDA1D776274ADA340E050AB8B7CAD523D9D9EF0B2C83B5CA3EE8BD88C7C61C","","False","","161","False",".json","PASS_JSON","","lf","crlf","MISMATCH","False",""
"artifacts/development/SPT-021.3-v1.0.0/runs/20260808-211557/institutional-detailed-records.json","DEVELOPMENT_EVIDENCE","PRESERVE_AND_REVIEW_FOR_VERSIONING","28788980","27,455","71435680A3D27019A1F6F9A72C309F15F09362F392FAA34A69865C016ABAFEC9","","False","","168","False",".json","PASS_JSON","","lf","crlf","MISMATCH","False",""
"artifacts/development/SPT-021.3-v1.0.0/runs/20260808-211557/pytest-full-suite.txt","DEVELOPMENT_EVIDENCE","PRESERVE_AND_REVIEW_FOR_VERSIONING","8726","0,008","9612AC68D9C56FDC6FCF96A641FF3342ADEC56ED83E61E3A3AA94A1BB3CDCC1A","","False","","154","False",".txt","NOT_REQUIRED","","","NOT_CHECKED","NOT_REQUIRED","False",""
"artifacts/development/SPT-021.3-v1.0.0/runs/20260808-211557/python-compileall.txt","DEVELOPMENT_EVIDENCE","PRESERVE_AND_REVIEW_FOR_VERSIONING","2","0","7EB70257593DA06F682A3DDDA54A9D260D4FC514F645237F5CA74B08F8DA61A6","","False","","154","False",".txt","NOT_REQUIRED","","","NOT_CHECKED","NOT_REQUIRED","False",""
"artifacts/development/SPT-021.3-v1.0.0/runs/20260808-211557/semantic-validation-report.json","DEVELOPMENT_EVIDENCE","PRESERVE_AND_REVIEW_FOR_VERSIONING","535","0,001","3CAFD794E1233DB0773778320336AE699AC224196AD31D5743F4EBA3CF21EA8B","","False","","164","False",".json","PASS_JSON","","lf","crlf","MISMATCH","False",""
"artifacts/development/SPT-021.3-v1.0.0/runs/20260808-214554/canonical-components.json","DEVELOPMENT_EVIDENCE","PRESERVE_AND_REVIEW_FOR_VERSIONING","18811374","17,94","CCE76DD171EC18423AB7B76F4C7C9DCFFF303D40985313B1F59EF3D83473CE56","","False","","158","False",".json","PASS_JSON","","lf","crlf","MISMATCH","False",""
"artifacts/development/SPT-021.3-v1.0.0/runs/20260808-214554/dashboard-summary.json","DEVELOPMENT_EVIDENCE","PRESERVE_AND_REVIEW_FOR_VERSIONING","326","0","43525D52AE591D9B6A40646A350F83D469CC3254E04D39B1C220726B0EDB5B35","","False","","155","False",".json","PASS_JSON","","lf","crlf","MISMATCH","False",""
"artifacts/development/SPT-021.3-v1.0.0/runs/20260808-214554/git-history.json","DEVELOPMENT_EVIDENCE","PRESERVE_AND_REVIEW_FOR_VERSIONING","25270","0,024","CA12BBF7E815C620F52CFE86F363B5F6FBFFDD4B783B0F5F7A03E76BC017FB42","","False","","149","False",".json","PASS_JSON","","lf","crlf","MISMATCH","False",""
"artifacts/development/SPT-021.3-v1.0.0/runs/20260808-214554/implementation-evidence.json","DEVELOPMENT_EVIDENCE","PRESERVE_AND_REVIEW_FOR_VERSIONING","927","0,001","148798D3FE006A3A312BD0E9251EF258E48433003E34896D361105035C33B4FD","","False","","161","False",".json","PASS_JSON","","lf","crlf","MISMATCH","False",""
"artifacts/development/SPT-021.3-v1.0.0/runs/20260808-214554/institutional-detailed-records.json","DEVELOPMENT_EVIDENCE","PRESERVE_AND_REVIEW_FOR_VERSIONING","28813408","27,479","8AD7643AFEFB2535D6D90F2EB5FE851BF530A616636DECF7225841110267E4E2","","False","","168","False",".json","PASS_JSON","","lf","crlf","MISMATCH","False",""
"artifacts/development/SPT-021.3-v1.0.0/runs/20260808-214554/pytest-full-suite.txt","DEVELOPMENT_EVIDENCE","PRESERVE_AND_REVIEW_FOR_VERSIONING","8747","0,008","243787022E1E5203D23F22E511F5C1EC6CC9AD0D0993332203CFD65449098626","","False","","154","False",".txt","NOT_REQUIRED","","","NOT_CHECKED","NOT_REQUIRED","False",""
"artifacts/development/SPT-021.3-v1.0.0/runs/20260808-214554/python-compileall.txt","DEVELOPMENT_EVIDENCE","PRESERVE_AND_REVIEW_FOR_VERSIONING","2","0","7EB70257593DA06F682A3DDDA54A9D260D4FC514F645237F5CA74B08F8DA61A6","","False","","154","False",".txt","NOT_REQUIRED","","","NOT_CHECKED","NOT_REQUIRED","False",""
"artifacts/development/SPT-021.3-v1.0.0/runs/20260808-214554/semantic-validation-report.json","DEVELOPMENT_EVIDENCE","PRESERVE_AND_REVIEW_FOR_VERSIONING","535","0,001","3D2A442312E73928D8DE2153D5FA4E8D18BE236A1E1A6BFD3C053E8707EBF3CA","","False","","164","False",".json","PASS_JSON","","lf","crlf","MISMATCH","False",""
"artifacts/development/SPT-021.3-v1.0.0/runs/20260808-221554/canonical-components.json","DEVELOPMENT_EVIDENCE","PRESERVE_AND_REVIEW_FOR_VERSIONING","18826224","17,954","032332BD55BB22594E28BEE2C5C6A9DA73EFD7B83FFF359A6EAD6F520CB78C2D","","False","","158","False",".json","PASS_JSON","","lf","crlf","MISMATCH","False",""
"artifacts/development/SPT-021.3-v1.0.0/runs/20260808-221554/dashboard-summary.json","DEVELOPMENT_EVIDENCE","PRESERVE_AND_REVIEW_FOR_VERSIONING","326","0","5C021B577D09EDD87577E62379ACBA0AC99D1A09393428110CB9257645F34E89","","False","","155","False",".json","PASS_JSON","","lf","crlf","MISMATCH","False",""
"artifacts/development/SPT-021.3-v1.0.0/runs/20260808-221554/git-history.json","DEVELOPMENT_EVIDENCE","PRESERVE_AND_REVIEW_FOR_VERSIONING","25270","0,024","CA12BBF7E815C620F52CFE86F363B5F6FBFFDD4B783B0F5F7A03E76BC017FB42","","False","","149","False",".json","PASS_JSON","","lf","crlf","MISMATCH","False",""
"artifacts/development/SPT-021.3-v1.0.0/runs/20260808-221554/implementation-evidence.json","DEVELOPMENT_EVIDENCE","PRESERVE_AND_REVIEW_FOR_VERSIONING","927","0,001","DA267E8F82B1680E9A57A12EF4BA611D4B92EB7E15337163CE4924AECFB5EB3B","","False","","161","False",".json","PASS_JSON","","lf","crlf","MISMATCH","False",""
"artifacts/development/SPT-021.3-v1.0.0/runs/20260808-221554/institutional-detailed-records.json","DEVELOPMENT_EVIDENCE","PRESERVE_AND_REVIEW_FOR_VERSIONING","28837836","27,502","DA25BF248E847EBFE4ECA01E7FD0632F0C775F588E6E8A253CE309A824738FF3","","False","","168","False",".json","PASS_JSON","","lf","crlf","MISMATCH","False",""
"artifacts/development/SPT-021.3-v1.0.0/runs/20260808-221554/pytest-full-suite.txt","DEVELOPMENT_EVIDENCE","PRESERVE_AND_REVIEW_FOR_VERSIONING","8747","0,008","B91D1F6193141283BB5643CD77F35E6117D572933F798570B99C9B4E4F4CD06F","","False","","154","False",".txt","NOT_REQUIRED","","","NOT_CHECKED","NOT_REQUIRED","False",""
"artifacts/development/SPT-021.3-v1.0.0/runs/20260808-221554/python-compileall.txt","DEVELOPMENT_EVIDENCE","PRESERVE_AND_REVIEW_FOR_VERSIONING","2","0","7EB70257593DA06F682A3DDDA54A9D260D4FC514F645237F5CA74B08F8DA61A6","","False","","154","False",".txt","NOT_REQUIRED","","","NOT_CHECKED","NOT_REQUIRED","False",""
"artifacts/development/SPT-021.3-v1.0.0/runs/20260808-221554/semantic-validation-report.json","DEVELOPMENT_EVIDENCE","PRESERVE_AND_REVIEW_FOR_VERSIONING","535","0,001","870780197004429AFF30232A18A2CF01CBF7BA5EFE2AC7AFB7486FC1B8C72FD9","","False","","164","False",".json","PASS_JSON","","lf","crlf","MISMATCH","False",""
"artifacts/development/SPT-021.3-v1.0.0/runs/20260808-223054/canonical-components.json","DEVELOPMENT_EVIDENCE","PRESERVE_AND_REVIEW_FOR_VERSIONING","18841074","17,968","8C7BAF6BDA5A9DEC530571EEA1022EB1CE055962020601BECA274CFAF0EDAAEA","","False","","158","False",".json","PASS_JSON","","lf","crlf","MISMATCH","False",""
"artifacts/development/SPT-021.3-v1.0.0/runs/20260808-223054/dashboard-summary.json","DEVELOPMENT_EVIDENCE","PRESERVE_AND_REVIEW_FOR_VERSIONING","326","0","7ACC611C3159FE85B6C47FE9118625B3A9BA4E4FB2630885049B537FF5FFC6F5","","False","","155","False",".json","PASS_JSON","","lf","crlf","MISMATCH","False",""
"artifacts/development/SPT-021.3-v1.0.0/runs/20260808-223054/git-history.json","DEVELOPMENT_EVIDENCE","PRESERVE_AND_REVIEW_FOR_VERSIONING","25270","0,024","CA12BBF7E815C620F52CFE86F363B5F6FBFFDD4B783B0F5F7A03E76BC017FB42","","False","","149","False",".json","PASS_JSON","","lf","crlf","MISMATCH","False",""
"artifacts/development/SPT-021.3-v1.0.0/runs/20260808-223054/implementation-evidence.json","DEVELOPMENT_EVIDENCE","PRESERVE_AND_REVIEW_FOR_VERSIONING","927","0,001","23ABEC2D169B85CFA253054298864639D68AE6CA61A26D2BAEDA6129008C0BC8","","False","","161","False",".json","PASS_JSON","","lf","crlf","MISMATCH","False",""
"artifacts/development/SPT-021.3-v1.0.0/runs/20260808-223054/institutional-detailed-records.json","DEVELOPMENT_EVIDENCE","PRESERVE_AND_REVIEW_FOR_VERSIONING","28862264","27,525","3647BEF17FDC446335D7993A89D27137FA47D843AAAED0C9DAF54C02D0632F6B","","False","","168","False",".json","PASS_JSON","","lf","crlf","MISMATCH","False",""
"artifacts/development/SPT-021.3-v1.0.0/runs/20260808-223054/pytest-full-suite.txt","DEVELOPMENT_EVIDENCE","PRESERVE_AND_REVIEW_FOR_VERSIONING","8747","0,008","2BB2EB0FDD22D6AC2BF31EF06210DA1EFD0604A2DCDD2AFB8508D33664FE1876","","False","","154","False",".txt","NOT_REQUIRED","","","NOT_CHECKED","NOT_REQUIRED","False",""
"artifacts/development/SPT-021.3-v1.0.0/runs/20260808-223054/python-compileall.txt","DEVELOPMENT_EVIDENCE","PRESERVE_AND_REVIEW_FOR_VERSIONING","2","0","7EB70257593DA06F682A3DDDA54A9D260D4FC514F645237F5CA74B08F8DA61A6","","False","","154","False",".txt","NOT_REQUIRED","","","NOT_CHECKED","NOT_REQUIRED","False",""
"artifacts/development/SPT-021.3-v1.0.0/runs/20260808-223054/semantic-validation-report.json","DEVELOPMENT_EVIDENCE","PRESERVE_AND_REVIEW_FOR_VERSIONING","535","0,001","A897A3D840A45AAA031500587371E40CED7455C17437260505276831B42FE7CD","","False","","164","False",".json","PASS_JSON","","lf","crlf","MISMATCH","False",""
"artifacts/development/SPT-021.3-v1.0.0/runs/20260809-073331/canonical-components.json","DEVELOPMENT_EVIDENCE","PRESERVE_AND_REVIEW_FOR_VERSIONING","18878002","18,003","3A8AD1A6265CAB5B5D148AC69D8277305C9978B8AA0D344D1A93C101CB706912","","False","","158","False",".json","PASS_JSON","","lf","crlf","MISMATCH","False",""
"artifacts/development/SPT-021.3-v1.0.0/runs/20260809-073331/dashboard-summary.json","DEVELOPMENT_EVIDENCE","PRESERVE_AND_REVIEW_FOR_VERSIONING","328","0","5A5D4724FA8BAA93118F3800FCBCB1B45CA14744AD6317ADC5810F17B1D48443","","False","","155","False",".json","PASS_JSON","","lf","crlf","MISMATCH","False",""
"artifacts/development/SPT-021.3-v1.0.0/runs/20260809-073331/git-history.json","DEVELOPMENT_EVIDENCE","PRESERVE_AND_REVIEW_FOR_VERSIONING","25475","0,024","8A9BA48085ADC38474F62448FE7BA93649F95A4B76A00D8591ED615B9DC10A4E","","False","","149","False",".json","PASS_JSON","","lf","crlf","MISMATCH","False",""
"artifacts/development/SPT-021.3-v1.0.0/runs/20260809-073331/implementation-evidence.json","DEVELOPMENT_EVIDENCE","PRESERVE_AND_REVIEW_FOR_VERSIONING","927","0,001","C3D7B0993F44AB5BAFAAEDEABDA141FB6D1EC3019D5A3C0E0445E35B6C5BA6EE","","False","","161","False",".json","PASS_JSON","","lf","crlf","MISMATCH","False",""
"artifacts/development/SPT-021.3-v1.0.0/runs/20260809-073331/institutional-detailed-records.json","DEVELOPMENT_EVIDENCE","PRESERVE_AND_REVIEW_FOR_VERSIONING","28921980","27,582","98269BD2E8E537AE1DA150616A384DF48593C58D86506DCCB8F09EDBE489A5DA","","False","","168","False",".json","PASS_JSON","","lf","crlf","MISMATCH","False",""
"artifacts/development/SPT-021.3-v1.0.0/runs/20260809-073331/pytest-full-suite.txt","DEVELOPMENT_EVIDENCE","PRESERVE_AND_REVIEW_FOR_VERSIONING","994","0,001","3F8C8E7A7301E99687828A1D9DFD33712B9D9D13792A7B0688CF3AB8B4430F23","","False","","154","False",".txt","NOT_REQUIRED","","","NOT_CHECKED","NOT_REQUIRED","False",""
"artifacts/development/SPT-021.3-v1.0.0/runs/20260809-073331/python-compileall.txt","DEVELOPMENT_EVIDENCE","PRESERVE_AND_REVIEW_FOR_VERSIONING","2","0","7EB70257593DA06F682A3DDDA54A9D260D4FC514F645237F5CA74B08F8DA61A6","","False","","154","False",".txt","NOT_REQUIRED","","","NOT_CHECKED","NOT_REQUIRED","False",""
"artifacts/development/SPT-021.3-v1.0.0/runs/20260809-073331/semantic-validation-report.json","DEVELOPMENT_EVIDENCE","PRESERVE_AND_REVIEW_FOR_VERSIONING","535","0,001","22F1EEA4250FB12DA586A38CFF1C7893E001BF3BFF751F35A439D285AD762952","","False","","164","False",".json","PASS_JSON","","lf","crlf","MISMATCH","False",""
"artifacts/development/SPT-021.3-v1.0.0/runs/20260809-075020/canonical-components.json","DEVELOPMENT_EVIDENCE","PRESERVE_AND_REVIEW_FOR_VERSIONING","18893061","18,018","49D6B984FF5FED5AF9789454A9D1525CDCC88F0A7E9721AE510451C407371565","","False","","158","False",".json","PASS_JSON","","lf","crlf","MISMATCH","False",""
"artifacts/development/SPT-021.3-v1.0.0/runs/20260809-075020/dashboard-summary.json","DEVELOPMENT_EVIDENCE","PRESERVE_AND_REVIEW_FOR_VERSIONING","328","0","F0ADB7BE988978EE0129A8DD75B7D2B0D6F7367B39BD3166843C04007980AEBB","","False","","155","False",".json","PASS_JSON","","lf","crlf","MISMATCH","False",""
"artifacts/development/SPT-021.3-v1.0.0/runs/20260809-075020/git-history.json","DEVELOPMENT_EVIDENCE","PRESERVE_AND_REVIEW_FOR_VERSIONING","25464","0,024","FDC15483B5F5FF94BA8953DA7E275B9C5932231EFF2272F97C3E2E119B228950","","False","","149","False",".json","PASS_JSON","","lf","crlf","MISMATCH","False",""
"artifacts/development/SPT-021.3-v1.0.0/runs/20260809-075020/implementation-evidence.json","DEVELOPMENT_EVIDENCE","PRESERVE_AND_REVIEW_FOR_VERSIONING","927","0,001","7773A8D0C6D79D3E8C5EC6D961E1DB6032394046BF53E2A4BB22EBE26D61221F","","False","","161","False",".json","PASS_JSON","","lf","crlf","MISMATCH","False",""
"artifacts/development/SPT-021.3-v1.0.0/runs/20260809-075020/institutional-detailed-records.json","DEVELOPMENT_EVIDENCE","PRESERVE_AND_REVIEW_FOR_VERSIONING","28946732","27,606","CBC9F0D06275C1699E3F0F02D36BADC00485BE05282F79B2B3E04E17EDD44014","","False","","168","False",".json","PASS_JSON","","lf","crlf","MISMATCH","False",""
"artifacts/development/SPT-021.3-v1.0.0/runs/20260809-075020/pytest-full-suite.txt","DEVELOPMENT_EVIDENCE","PRESERVE_AND_REVIEW_FOR_VERSIONING","1004","0,001","AAB085210BF5DC63570F0586A716661120BCC1D2243CF6D876356C8293E13A24","","False","","154","False",".txt","NOT_REQUIRED","","","NOT_CHECKED","NOT_REQUIRED","False",""
"artifacts/development/SPT-021.3-v1.0.0/runs/20260809-075020/python-compileall.txt","DEVELOPMENT_EVIDENCE","PRESERVE_AND_REVIEW_FOR_VERSIONING","2","0","7EB70257593DA06F682A3DDDA54A9D260D4FC514F645237F5CA74B08F8DA61A6","","False","","154","False",".txt","NOT_REQUIRED","","","NOT_CHECKED","NOT_REQUIRED","False",""
"artifacts/development/SPT-021.3-v1.0.0/runs/20260809-075020/semantic-validation-report.json","DEVELOPMENT_EVIDENCE","PRESERVE_AND_REVIEW_FOR_VERSIONING","535","0,001","54A823004E75FB885578956FDD1E7382492EFB42D126045A2ACD8005025C59C5","","False","","164","False",".json","PASS_JSON","","lf","crlf","MISMATCH","False",""
"artifacts/development/SPT-022-v1.0.7/runs/20260808-030209/backup-sgd002-lock-migration/Invoke-SGD002-AutoUpdate.ps1","DEVELOPMENT_EVIDENCE","PRESERVE_AND_REVIEW_FOR_VERSIONING","9710","0,009","7E210AC09EA5655EDEE5790C7A2F5E24DB791E3D941A44863373D4AB708EC1B7","","False","","188","False",".ps1","PASS_PS51_SYNTAX","","crlf","crlf","PASS","False",""
"artifacts/development/SPT-023.1-v1.0.2/runs/20260808-094226/backup-fastapi/application.py","DEVELOPMENT_EVIDENCE","PRESERVE_AND_REVIEW_FOR_VERSIONING","1228","0,001","7228B34DB390F021A3DB638CF40AC442B320871B480A4A305609D843DF7D1DA6","","False","","162","False",".py","NOT_REQUIRED","","lf","mixed","MISMATCH","False",""
"artifacts/development/SPT-023.1-v1.0.2/runs/20260808-094226/probe_fastapi_route.py","DEVELOPMENT_EVIDENCE","PRESERVE_AND_REVIEW_FOR_VERSIONING","309","0","026CC219DF063663BF6609BA053A964D8315CC1EAEDF39CF91C95A6C27267452","","False","","155","False",".py","NOT_REQUIRED","","lf","lf","PASS","False",""
"artifacts/development/SPT-023.1-v1.0.3/runs/20260808-094505/probe_spt0231_router.py","DEVELOPMENT_EVIDENCE","PRESERVE_AND_REVIEW_FOR_VERSIONING","401","0","5F9AA631F38345D96BAEA410BC3B1D3F5E94FC89BC132BDA11AE685A533CA40D","","False","","156","False",".py","NOT_REQUIRED","","lf","lf","PASS","False",""
"artifacts/development/SPT-023.1-v1.0.4/runs/20260808-094841/probe_spt0231_router_dynamic.py","DEVELOPMENT_EVIDENCE","PRESERVE_AND_REVIEW_FOR_VERSIONING","716","0,001","26B6F07BF39EC2E688C67F0AA735141A92FAB1A87905BBD38FDEC37B2482EECF","","False","","164","False",".py","NOT_REQUIRED","","lf","lf","PASS","False",""
"artifacts/development/SPT-023.1-v1.0.5/runs/20260808-095308/probe_router.py","DEVELOPMENT_EVIDENCE","PRESERVE_AND_REVIEW_FOR_VERSIONING","347","0","EC71AB98411F7A076A58D7A02E1DC115AAACDE035154077C796F596CA765EDED","","False","","148","False",".py","NOT_REQUIRED","","lf","lf","PASS","False",""
"artifacts/development/SPT-023.1-v1.0.6/runs/20260808-095502/application.py.before-spt0231-integration-fix","DEVELOPMENT_EVIDENCE","PRESERVE_AND_REVIEW_FOR_VERSIONING","1357","0,001","A0A77FDC939DA18AE2C25CEB3D0DB5151C0B14A6395FD39044334188751090BA","","False","","178","False",".before-spt0231-integration-fix","NOT_REQUIRED","","","NOT_CHECKED","NOT_REQUIRED","False",""
"artifacts/development/SPT-023.1-v1.0.6/runs/20260808-095502/probe_application_factory.py","DEVELOPMENT_EVIDENCE","PRESERVE_AND_REVIEW_FOR_VERSIONING","480","0","0D32E2D02F9DE918B403E7DF54DFDF3C01167DA1A3E4B3EEA1C1AFA242B6A2CB","","False","","161","False",".py","NOT_REQUIRED","","lf","lf","PASS","False",""
"artifacts/development/SPT-023.1-v1.0.6/runs/20260808-095502/probe_router.py","DEVELOPMENT_EVIDENCE","PRESERVE_AND_REVIEW_FOR_VERSIONING","347","0","EC71AB98411F7A076A58D7A02E1DC115AAACDE035154077C796F596CA765EDED","","False","","148","False",".py","NOT_REQUIRED","","lf","lf","PASS","False",""
"artifacts/development/SPT-023.1-v1.0.7/runs/20260808-100643/application.py.before-spt0231-integration-fix","DEVELOPMENT_EVIDENCE","PRESERVE_AND_REVIEW_FOR_VERSIONING","1461","0,001","48FDFE9394BF74BFE1096A6F1B3099B95B13ED1FFE5932531F789E4B68CFE2E3","","False","","178","False",".before-spt0231-integration-fix","NOT_REQUIRED","","","NOT_CHECKED","NOT_REQUIRED","False",""
"artifacts/development/SPT-023.1-v1.0.7/runs/20260808-100643/probe_application_openapi.py","DEVELOPMENT_EVIDENCE","PRESERVE_AND_REVIEW_FOR_VERSIONING","1229","0,001","B645CFDE3708BF2199155B7CC553B66A93C33114C8D9A6EF2D69C271EB3A1ED0","","False","","161","False",".py","NOT_REQUIRED","","lf","lf","PASS","False",""
"artifacts/development/SPT-023.1-v1.0.7/runs/20260808-100643/probe_router.py","DEVELOPMENT_EVIDENCE","PRESERVE_AND_REVIEW_FOR_VERSIONING","347","0","EC71AB98411F7A076A58D7A02E1DC115AAACDE035154077C796F596CA765EDED","","False","","148","False",".py","NOT_REQUIRED","","lf","lf","PASS","False",""
"artifacts/pmo/SPT-019.0-v1.1.0/runs/20260805-071813/institutional-inventory.json","PMO_EVIDENCE","PRESERVE_OUTSIDE_NORMAL_GIT","450816104","429,932","286795A4702AB8A0ADBA3A15B6F9EE0964EDD97FA6B29B998715FB0753206D0D","","False","","153","False",".json","PASS_JSON","","lf","crlf","MISMATCH","False",""
"artifacts/publication/SPT-021.0.1-v1.0.9/runs/20260808-174136/implementation-evidence.json","PUBLICATION_EVIDENCE","PRESERVE_AND_REVIEW_FOR_VERSIONING","2641","0,003","20F958B85F2FE9990D79320CC5C7440AD5FDADAFB50E2851FB09416B7E9BF238","","False","","163","False",".json","PASS_JSON","","lf","crlf","MISMATCH","False",""
"artifacts/reconciliation/SPT-023.2/20260809-015320/reconciliation-matrix.csv","RECONCILIATION_EVIDENCE","PRESERVE_AND_REVIEW_FOR_VERSIONING","212772","0,203","4DDE7852251409A44F0DBD928ED7CC9131F66D1C327322A71FC97320684ACD1E","","False","","149","False",".csv","NOT_REQUIRED","","","NOT_CHECKED","NOT_REQUIRED","False",""
"artifacts/reconciliation/SPT-023.2/20260809-015320/reconciliation-report.json","RECONCILIATION_EVIDENCE","PRESERVE_AND_REVIEW_FOR_VERSIONING","521532","0,497","5C44B663A37EFE29ADED40F74D5AA4607DC23A548A239AEEDA1211A891D836F2","","False","","150","False",".json","PASS_JSON","","lf","crlf","MISMATCH","False",""
"artifacts/reconciliation/SPT-023.2/20260809-015320/reconciliation-summary.txt","RECONCILIATION_EVIDENCE","PRESERVE_AND_REVIEW_FOR_VERSIONING","325","0","0D47F23AE561F7118E6BE0EA08DCD2689049916D292BF5193738101C92F0C4D2","","False","","150","False",".txt","NOT_REQUIRED","","","NOT_CHECKED","NOT_REQUIRED","False",""
"artifacts/repair/SGD-007-rule-registry/runs/20260807-154813/backup/Install-SPT021.2-v1.0.2-OneFile-PS51.ps1","BACKUP_REVIEW","MANUAL_CLASSIFICATION_REQUIRED","29384","0,028","A5680462BF857414F49FE9EAC773618E6248980A984A19D990006A5549AE5BEB","","False","","180","False",".ps1","PASS_PS51_SYNTAX","","crlf","crlf","PASS","False",""
"artifacts/repair/SGD-007-rule-registry/runs/20260807-154813/backup/Repair-SGD007-Rule-Registry-Nomenclature-v1.0.5-ASCII-PS51.ps1","BACKUP_REVIEW","MANUAL_CLASSIFICATION_REQUIRED","18590","0,018","87FDB612019706167B9A6E4711F7143F90E59EF5FAF874E78A63EB303AFC5A91","","False","","202","False",".ps1","PASS_PS51_SYNTAX","","crlf","lf","MISMATCH","False",""
"artifacts/repair/SGD-007-rule-registry/runs/20260807-154813/backup/artifacts/development/SPT-021.3-v1.0.0/runs/20260807-052448/canonical-components.json","BACKUP_REVIEW","MANUAL_CLASSIFICATION_REQUIRED","14271844","13,611","0332E99732BD0E07C086BEDCE348E5EF054756BCB2D5108A43410CF21D4F15C8","","False","","225","False",".json","PASS_JSON","","lf","crlf","MISMATCH","False",""
"artifacts/repair/SGD-007-rule-registry/runs/20260807-154813/backup/artifacts/development/SPT-021.3-v1.0.0/runs/20260807-143030/canonical-components.json","BACKUP_REVIEW","MANUAL_CLASSIFICATION_REQUIRED","14298113","13,636","AE057B33CE8C341DD0DC2661E92533DB5FD5A9D37A434A273FEF391186939246","","False","","225","False",".json","PASS_JSON","","lf","crlf","MISMATCH","False",""
"artifacts/repair/SGD-007-rule-registry/runs/20260807-154813/backup/artifacts/development/SPT-021.3-v1.0.0/runs/20260807-144107/canonical-components.json","BACKUP_REVIEW","MANUAL_CLASSIFICATION_REQUIRED","14312963","13,65","8C90A385998C84707CBA7386FC9AE1D25268D7F3B26635FFF5024E9C550AE564","","False","","225","False",".json","PASS_JSON","","lf","crlf","MISMATCH","False",""
"artifacts/repair/SGD-007-rule-registry/runs/20260807-154813/backup/artifacts/development/SPT-021.3-v1.0.0/runs/20260807-145852/canonical-components.json","BACKUP_REVIEW","MANUAL_CLASSIFICATION_REQUIRED","14333000","13,669","901809972DB808EBF1EDD0B4FE0EA4129057FDFB8BC3757DE99F94FB4BC4EB61","","False","","225","False",".json","PASS_JSON","","lf","crlf","MISMATCH","False",""
"artifacts/repair/SGD-007-rule-registry/runs/20260807-154813/backup/artifacts/development/SPT-021.3-v1.0.0/runs/20260807-151556/canonical-components.json","BACKUP_REVIEW","MANUAL_CLASSIFICATION_REQUIRED","14523378","13,851","8CFE791E81093A599BEBEF9A53F6D92178A730B5B1BEF57C94E638591E48302E","","False","","225","False",".json","PASS_JSON","","lf","crlf","MISMATCH","False",""
"artifacts/repair/SGD-007-rule-registry/runs/20260807-154813/backup/artifacts/development/SPT-021.3-v1.0.0/runs/20260807-153055/canonical-components.json","BACKUP_REVIEW","MANUAL_CLASSIFICATION_REQUIRED","14541990","13,868","0820347618B4365ACD91CCB31FAE3790F24B049A005038CA31A577056233517B","","False","","225","False",".json","PASS_JSON","","lf","crlf","MISMATCH","False",""
"artifacts/repair/SGD-007-rule-registry/runs/20260807-154813/backup/artifacts/publication/SPT-021.0.1-v1.0.6/runs/20260807-050420/publication-manifest.json","BACKUP_REVIEW","MANUAL_CLASSIFICATION_REQUIRED","959600","0,915","BF0CAC344F8520E3B4915B051ED7B0780463F2E9A1056410299FFEBCFCDAD962","","False","","227","False",".json","PASS_JSON","","lf","crlf","MISMATCH","False",""
"artifacts/repair/SGD-007-rule-registry/runs/20260807-154813/backup/artifacts/publication/SPT-021.0.1-v1.0.6/runs/20260807-150508/publication-manifest.json","BACKUP_REVIEW","MANUAL_CLASSIFICATION_REQUIRED","980919","0,935","A88C5A4FE6D17944D7EAEC3A293A452E508A0525576C761505DF1C4A6AD02820","","False","","227","False",".json","PASS_JSON","","lf","crlf","MISMATCH","False",""
"artifacts/repair/SGD-007-rule-registry/runs/20260807-154813/backup/docs/00_Estado_Maestro/SGD-002-Libro-Maestro-Institucional-SGODA-PUINAVE-v1.0.0.md","BACKUP_REVIEW","MANUAL_CLASSIFICATION_REQUIRED","13859645","13,218","64633E47F65029850057E2D1D792D8215EA2A630F4E4B31F83F9B16F1CA322C5","","False","","222","False",".md","NOT_REQUIRED","","lf","crlf","MISMATCH","False",""
"artifacts/repair/SGD-007-rule-registry/runs/20260807-154813/backup/docs/00_Estado_Maestro/SGD-002-Registro-Maestro-Reglas-Institucionales-v1.0.0.md","BACKUP_REVIEW","MANUAL_CLASSIFICATION_REQUIRED","1843","0,002","1E657C5757D4888625668F403FEE15A82908E9C757F4C2DE888CBD5D0EAB88E0","","False","","220","False",".md","NOT_REQUIRED","","lf","crlf","MISMATCH","False",""
"artifacts/repair/SGD-007-rule-registry/runs/20260807-154813/backup/releases/SPT-021.0.1-v1.0.6/publication-manifest.json","BACKUP_REVIEW","MANUAL_CLASSIFICATION_REQUIRED","980919","0,935","A88C5A4FE6D17944D7EAEC3A293A452E508A0525576C761505DF1C4A6AD02820","","False","","193","False",".json","PASS_JSON","","lf","crlf","MISMATCH","False",""
"artifacts/repair/SGD-007-rule-registry/runs/20260807-154813/backup/releases/SPT-021.2-v1.0.2/SGD-002-Registro-Maestro-Reglas-Institucionales-v1.0.0.md","BACKUP_REVIEW","MANUAL_CLASSIFICATION_REQUIRED","1843","0,002","1E657C5757D4888625668F403FEE15A82908E9C757F4C2DE888CBD5D0EAB88E0","","False","","223","False",".md","NOT_REQUIRED","","lf","crlf","MISMATCH","False",""
"artifacts/repair/SGD-007-rule-registry/runs/20260807-154813/backup/releases/SPT-021.2-v1.0.2/manifest.json","BACKUP_REVIEW","MANUAL_CLASSIFICATION_REQUIRED","1097","0,001","49C302F5B554A425BB5471B39D85F3BB1B25B06B1A8EC0EBCC646E63E964C8A3","","False","","179","False",".json","PASS_JSON","","lf","crlf","MISMATCH","False",""
"artifacts/repair/SGD-007-rule-registry/runs/20260807-154813/backup/releases/SPT-021.3-v1.0.0/SGD-002-Libro-Maestro-Institucional-SGODA-PUINAVE-v1.0.0.md","BACKUP_REVIEW","MANUAL_CLASSIFICATION_REQUIRED","13859645","13,218","64633E47F65029850057E2D1D792D8215EA2A630F4E4B31F83F9B16F1CA322C5","","False","","225","False",".md","NOT_REQUIRED","","lf","crlf","MISMATCH","False",""
"artifacts/repair/SGD-007-rule-registry/runs/20260807-154813/backup/releases/SPT-021.3-v1.0.0/canonical-components.json","BACKUP_REVIEW","MANUAL_CLASSIFICATION_REQUIRED","14541990","13,868","0820347618B4365ACD91CCB31FAE3790F24B049A005038CA31A577056233517B","","False","","191","False",".json","PASS_JSON","","lf","crlf","MISMATCH","False",""
"artifacts/repair/SGD-007-rule-registry/runs/20260807-155759/backup/Repair-SGD007-Rule-Registry-Nomenclature-v1.0.6-ASCII-PS51.ps1","BACKUP_REVIEW","MANUAL_CLASSIFICATION_REQUIRED","19692","0,019","5FB4ACB61005E4EDE2583A4B2FC256152262A31A2C37CF2F15F0F14CD7F3E458","","False","","202","False",".ps1","PASS_PS51_SYNTAX","","crlf","lf","MISMATCH","False",""
"artifacts/repair/SGD-007-rule-registry/runs/20260807-155759/backup/artifacts/development/SPT-021.3-v1.0.0/runs/20260807-154554/canonical-components.json","BACKUP_REVIEW","MANUAL_CLASSIFICATION_REQUIRED","14557859","13,883","6CAE5E2FAA925696CABB7A3C20C156D05428EF6AE84667B188ABD78A852CA828","","False","","225","False",".json","PASS_JSON","","lf","crlf","MISMATCH","False",""
"artifacts/repair/SGD-007-rule-registry/runs/20260807-155759/backup/docs/00_Estado_Maestro/SGD-002-Libro-Maestro-Institucional-SGODA-PUINAVE-v1.0.0.md","BACKUP_REVIEW","MANUAL_CLASSIFICATION_REQUIRED","13871870","13,229","C9B236F1C3F176787DAE1DBCF03834E03B5BA5A2AAE5DDC12294D9CE4FC9D90E","","False","","222","False",".md","NOT_REQUIRED","","lf","crlf","MISMATCH","False",""
"artifacts/repair/SGD-007-rule-registry/runs/20260807-155759/backup/releases/SPT-021.3-v1.0.0/SGD-002-Libro-Maestro-Institucional-SGODA-PUINAVE-v1.0.0.md","BACKUP_REVIEW","MANUAL_CLASSIFICATION_REQUIRED","13871870","13,229","C9B236F1C3F176787DAE1DBCF03834E03B5BA5A2AAE5DDC12294D9CE4FC9D90E","","False","","225","False",".md","NOT_REQUIRED","","lf","crlf","MISMATCH","False",""
"artifacts/repair/SGD-007-rule-registry/runs/20260807-155759/backup/releases/SPT-021.3-v1.0.0/canonical-components.json","BACKUP_REVIEW","MANUAL_CLASSIFICATION_REQUIRED","14557859","13,883","6CAE5E2FAA925696CABB7A3C20C156D05428EF6AE84667B188ABD78A852CA828","","False","","191","False",".json","PASS_JSON","","lf","crlf","MISMATCH","False",""
"releases/SPT-019.0-v1.1.0/institutional-inventory.json","RELEASE_CANDIDATE","PRESERVE_OUTSIDE_NORMAL_GIT","450786084","429,903","924AAF294B9FCBC634778711116D6DCF449E7B512F41D1015EFB74BA007F99DC","","False","","127","False",".json","PASS_JSON","","lf","lf","PASS","False",""
"tools/institutional/Invoke-SGODA-UntrackedInstitutionalAudit.ps1","TOOL_CANDIDATE","PRESERVE_AND_REVIEW_FOR_VERSIONING","26116","0,025","68E653A9ECE7FC9C63B3392776A9C58CC16D7CFA3E7CDD5545B094718C3E671B","","False","","137","False",".ps1","PASS_PS51_SYNTAX","","crlf","lf","MISMATCH","False",""
